Date,SPY,VIX,SPY_ret,realized_vol_21d,VRP
2004-02-03,75.33251190185547,17.34000015258789,-0.0016667563152724663,10.490419217034692,6.849580935553199
2004-02-04,74.71676635742188,17.8700008392334,-0.00817370254739147,10.327843818229427,7.5421570210039715
2004-02-05,74.93524169921875,17.709999084472656,0.0029240470706635158,10.368386972398627,7.34161211207403
2004-02-06,75.77609252929688,16.0,0.011221033134892755,10.99985512653892,5.00014487346108
2004-02-09,75.79596710205078,16.389999389648438,0.0002622802534482105,10.933461379963939,5.456538009684499
2004-02-10,76.04093170166016,15.9399995803833,0.0032318949012097864,10.437201852786208,5.502797727597093
2004-02-11,76.84868621826172,15.390000343322754,0.010622627820641606,10.740545547009825,4.649454796312929
2004-02-12,76.57061004638672,15.3100004196167,-0.0036184896002674494,10.584239741292901,4.725760678323798
2004-02-13,76.2262954711914,15.579999923706055,-0.004496693639853833,10.442326614263703,5.137673309442352
2004-02-17,76.91488647460938,15.399999618530273,0.00903351001332875,10.823156786841299,4.576842831688975
2004-02-18,76.57721710205078,15.59000015258789,-0.004390169290181101,10.922916124711124,4.667084027876767
2004-02-19,76.29252624511719,15.800000190734863,-0.0037176965644258875,11.023011883539255,4.776988307195609
2004-02-20,76.06082153320312,16.040000915527344,-0.003037056489250678,10.74093458627333,5.299066329254014
2004-02-23,75.8687744140625,16.290000915527344,-0.002524915130673322,10.738561451608787,5.551439463918557
2004-02-24,75.73635864257812,15.899999618530273,-0.0017453263547094755,10.695919676679368,5.204079941850905
2004-02-25,76.05416870117188,14.930000305175781,0.004196268005088433,9.811017020673196,5.118983284502585
2004-02-26,76.10050964355469,14.829999923706055,0.0006093149550407961,9.131538413184686,5.698461510521369
2004-02-27,76.15345001220703,14.550000190734863,0.0006956637859629744,8.108423789666448,6.441576401068415
2004-03-01,76.90827941894531,14.4399995803833,0.009911952861193951,8.714845110381757,5.725154470001543
2004-03-02,76.45805358886719,14.859999656677246,-0.005854061922586973,9.040059770154516,5.8199398865227305
2004-03-03,76.59705352783203,14.550000190734863,0.0018179895045755678,8.960294262990322,5.589705927744541
2004-03-04,76.79566955566406,14.399999618530273,0.0025929982771446536,8.93828633677468,5.461713281755593
2004-03-05,77.0539321899414,14.479999542236328,0.003362984342367703,8.330265829782581,6.149733712453747
2004-03-08,76.11373901367188,15.789999961853027,-0.012201754661292474,9.557569381156434,6.232430580696594
2004-03-09,75.8091812133789,16.600000381469727,-0.004001351191514346,8.889710732575743,7.710289648893983
2004-03-10,74.53797149658203,18.670000076293945,-0.016768545662283585,10.623580654236987,8.046419422056958
2004-03-11,73.57135009765625,20.670000076293945,-0.01296817420058316,11.313468904227589,9.356531172066356
2004-03-12,74.53797149658203,18.299999237060547,0.013138557300399034,11.682024677953088,6.617974559107459
2004-03-15,73.62430572509766,21.1299991607666,-0.01225772251564794,12.255502138295718,8.874497022470884
2004-03-16,74.01496887207031,20.34000015258789,0.005306170878287553,12.4563949308852,7.883605221702691
2004-03-17,74.84255981445312,18.110000610351562,0.011181399587065322,12.702255054929848,5.407745555421714
2004-03-18,74.86241149902344,18.530000686645508,0.00026524593252186257,12.660435810843165,5.869564875802343
2004-03-19,73.78941345214844,19.149999618530273,-0.014332934584788237,13.451819194247047,5.698180424283226
2004-03-22,72.85255432128906,21.579999923706055,-0.012696389455201684,13.991431296034348,7.588568627671707
2004-03-23,72.72632598876953,20.670000076293945,-0.001732654862900862,13.990470460693984,6.679529615599961
2004-03-24,72.78614044189453,19.809999465942383,0.0008224594369614646,14.024024733647543,5.785974732294839
2004-03-25,73.74952697753906,17.8799991607666,0.013235851355706929,14.841125091904708,3.038874068861894
2004-03-26,73.76943969726562,17.329999923706055,0.0002700047111166004,14.835736415460554,2.494263508245501
2004-03-29,74.80592346191406,16.5,0.014050313638031664,15.769703262906226,0.7302967370937736
2004-03-30,75.05842590332031,16.280000686645508,0.0033754337854650096,15.367543366726602,0.9124573199189054
2004-03-31,75.1447982788086,16.739999771118164,0.0011507352365680568,15.286669580269733,1.4533301908484315
2004-04-01,75.59658813476562,16.649999618530273,0.006012257219465411,15.444731273930671,1.2052683445996024
2004-04-02,76.16798400878906,15.640000343322754,0.007558487600059616,15.66747389150343,-0.027473548180676488
2004-04-05,76.58654022216797,14.970000267028809,0.005495172529846881,15.748245435635447,-0.7782451686066381
2004-04-06,76.34073638916016,15.319999694824219,-0.0032094912799921493,15.185874678442463,0.13412501638175556
2004-04-07,76.1613540649414,15.760000228881836,-0.0023497588928710345,15.139206096570815,0.6207941323110209
2004-04-08,75.98861694335938,16.260000228881836,-0.0022680416295479677,13.863181789705425,2.3968184391764105
2004-04-12,76.28758239746094,15.279999732971191,0.003934345249689164,12.92934698128549,2.3506527516857005
2004-04-13,75.21788787841797,17.260000228881836,-0.014021869423909927,13.334448420875185,3.9255518080066505
2004-04-14,75.33747863769531,15.619999885559082,0.0015899244534844925,12.506682267245228,3.113317618313854
2004-04-15,75.05175018310547,15.739999771118164,-0.003792646897090024,12.520622084807446,3.219377686310718
2004-04-16,75.62982940673828,14.9399995803833,0.0077024083012382505,12.20747760589461,2.732521974488691
2004-04-19,75.62982940673828,15.420000076293945,0.0,12.208538912272871,3.211461164021074
2004-04-20,74.36074829101562,16.670000076293945,-0.01678016631371093,12.606475483642255,4.0635245926516905
2004-04-21,74.85910034179688,15.600000381469727,0.00670181597461772,11.835152961477,3.7648474199927264
2004-04-22,75.90884399414062,14.609999656677246,0.014022926371687117,12.559240363254103,2.050759293423143
2004-04-23,75.98192596435547,14.010000228881836,0.000962759625485532,12.557576287440735,1.4524239414411007
2004-04-26,75.87562561035156,14.770000457763672,-0.001399021578549764,11.92663714297133,2.8433633147923416
2004-04-27,75.94207763671875,15.069999694824219,0.0008758020224892693,11.921370452368933,3.1486292424552857
2004-04-28,74.95875549316406,16.290000915527344,-0.01294831764096016,11.982917811983272,4.3070831035440715
2004-04-29,74.30095672607422,16.600000381469727,-0.008775476096982815,12.302559231774,4.297441149695727
2004-04-30,73.72295379638672,17.190000534057617,-0.007779212477955433,12.542351593103792,4.647648940953825
2004-05-03,74.51361846923828,16.6200008392334,0.010724810010126262,12.967647469857587,3.6523533693758115
2004-05-04,74.45378875732422,16.549999237060547,-0.0008029366059945087,12.619150885116332,3.9308483519442152
2004-05-05,74.93217468261719,15.770000457763672,0.0064252730892209176,12.683911838090703,3.086088619672969
2004-05-06,74.2876968383789,17.049999237060547,-0.00860081596414397,12.936743823832122,4.1132554132284245
2004-05-07,73.05854797363281,18.1299991607666,-0.016545793140151366,13.979305995980454,4.150693164786148
2004-05-10,72.3077163696289,19.770000457763672,-0.010277121908785936,14.275056309977813,5.4949441477858585
2004-05-11,72.91902923583984,18.56999969482422,0.00845432405977209,14.606717898298449,3.96328179652577
2004-05-12,73.38410186767578,18.139999389648438,0.006377932299835853,14.214326229640283,3.925673160008154
2004-05-13,73.07845306396484,18.860000610351562,-0.004165054772518384,14.215049748603874,4.644950861747688
2004-05-14,73.11165618896484,18.469999313354492,0.00045434904007812804,14.201496363931282,4.26850294942321
2004-05-17,72.4871826171875,19.959999084472656,-0.008541368152888307,14.031069060930449,5.9289300235422076
2004-05-18,72.85255432128906,19.329999923706055,0.005040500829382788,14.22803007452718,5.101969849178875
2004-05-19,72.60009002685547,18.93000030517578,-0.0034654144495770423,13.162514195268752,5.767486109907029
2004-05-20,72.83264923095703,18.670000076293945,0.003203290850128937,12.955134907895829,5.714865168398116
2004-05-21,72.9588851928711,18.489999771118164,0.0017332331481416663,11.772196579174539,6.717803191943625
2004-05-24,73.26448059082031,18.079999923706055,0.004188597415398565,11.921725294141403,6.1582746295646515
2004-05-25,74.31428527832031,15.960000038146973,0.014328971952495273,13.154008018331737,2.8059920198152355
2004-05-26,74.57341766357422,15.970000267028809,0.0034869794452494496,13.230723728111357,2.7392765389174514
2004-05-27,74.99197387695312,15.279999732971191,0.005612673074300467,12.63816855910522,2.641831173865972
2004-05-28,74.9853515625,15.5,-8.830697621042827e-05,12.22521998937609,3.2747800106239104
2004-06-01,74.88568115234375,16.299999237060547,-0.0013291984111479804,11.8763698277197,4.4236294093408475
2004-06-02,75.16470336914062,16.079999923706055,0.0037259755470373523,11.374208298846487,4.705791624859568
2004-06-03,74.47373962402344,17.030000686645508,-0.00919266243523642,11.850929809637645,5.179070877007863
2004-06-04,75.06507873535156,16.780000686645508,0.007940236576187365,11.964861460583204,4.815139226062303
2004-06-07,76.20783233642578,15.390000343322754,0.015223504994953618,12.608067586098121,2.7819327572246326
2004-06-08,76.31414794921875,15.010000228881836,0.0013950746207243014,10.823583498179719,4.186416730702117
2004-06-09,75.60324096679688,15.390000343322754,-0.009315533246796237,10.689322450530202,4.700677892792552
2004-06-10,75.97530364990234,15.039999961853027,0.0049212530884603645,10.494908284792482,4.545091677060546
2004-06-14,75.22454071044922,16.06999969482422,-0.009881670798088216,11.128302382175928,4.941697312648291
2004-06-15,75.75605773925781,15.050000190734863,0.00706573976775049,11.125676292508578,3.9243238982262856
2004-06-16,75.74276733398438,14.789999961853027,-0.00017543686498555644,11.136967896941863,3.653032064911164
2004-06-17,75.62982940673828,15.149999618530273,-0.0014910721012885153,10.572906350709848,4.577093267820425
2004-06-18,75.77250671386719,14.989999771118164,0.0018865216046115574,10.516583822892871,4.473415948225293
2004-06-21,75.48578643798828,15.260000228881836,-0.003783961865767793,10.537595959612334,4.722404269269502
2004-06-22,75.8658447265625,14.3100004196167,0.005034832469903883,10.58559415918328,3.724406260433419
2004-06-23,76.5193862915039,13.979999542236328,0.008614437330750402,10.832050050323769,3.1479494919125592
2004-06-24,76.2792739868164,14.8100004196167,-0.003137927737329016,10.967045175737857,3.8429552438788424
2004-06-25,75.91253662109375,15.1899995803833,-0.004807824544659889,10.222509534416705,4.967490045966596
2004-06-28,75.65251922607422,16.06999969482422,-0.0034252233767048113,10.293662284077563,5.776337410746656
2004-06-29,75.96586608886719,15.470000267028809,0.0041419223840595265,10.217626428279985,5.252373838748824
2004-06-30,76.37264251708984,14.34000015258789,0.005354726394441345,10.342335261424688,3.9976648911632022
2004-07-01,75.31240844726562,15.199999809265137,-0.013882380324695132,11.528447605488362,3.671552203776775
2004-07-02,75.27239227294922,15.079999923706055,-0.0005313357405696273,11.462982395342319,3.6170175283637356
2004-07-06,74.61223602294922,16.25,-0.00877023075879102,11.420722109350761,4.829277890649239
2004-07-07,74.83228302001953,15.8100004196167,0.0029492079154769257,11.11654955151315,4.6934508681035485
2004-07-08,74.31214141845703,16.200000762939453,-0.0069507648379957265,9.839607059899896,6.360393703039557
2004-07-09,74.50550079345703,15.779999732971191,0.002601989006226768,9.88817441821995,5.891825314751241
2004-07-12,74.53887939453125,14.960000038146973,0.00044800183501547686,9.437063018544647,5.522937019602326
2004-07-13,74.59217834472656,14.460000038146973,0.000715048986894562,9.234032276477654,5.2259677616693185
2004-07-14,74.36546325683594,13.760000228881836,-0.003039394919435945,8.679105503128966,5.08089472575287
2004-07-15,73.8853530883789,14.710000038146973,-0.006456090602150577,8.448464174924052,6.261535863222921
2004-07-16,73.82533264160156,14.34000015258789,-0.0008123456716184752,8.441834244012746,5.898165908575145
2004-07-19,73.51192474365234,15.170000076293945,-0.004245262252602577,8.507183121407628,6.662816954886317
2004-07-20,74.44549560546875,14.170000076293945,0.012699583980040119,9.756488231688113,4.413511844605832
2004-07-21,73.07182312011719,16.40999984741211,-0.018452056423016838,11.487045060074482,4.922954787337627
2004-07-22,73.2718505859375,15.75,0.0027374089940455093,11.348559414277611,4.401440585722389
2004-07-23,72.65840911865234,16.5,-0.008372130120634425,10.934292497516921,5.565707502483079
2004-07-26,72.51836395263672,17.299999237060547,-0.0019274460824889594,10.932594201973018,6.367405035087529
2004-07-27,73.19852447509766,16.549999237060547,0.009379148747828303,11.619030772229788,4.930968464830759
2004-07-28,73.41857147216797,16.149999618530273,0.0030061671139993695,11.712384211798515,4.437615406731759
2004-07-29,73.73200988769531,15.680000305175781,0.004269197959622106,11.720053151552046,3.9599471536237356
2004-07-30,73.91204833984375,15.319999694824219,0.0024417949873150047,11.550919076550667,3.769080618273552
2004-08-02,74.0654067993164,15.369999885559082,0.002074877681207399,10.692049479753258,4.677950405805824
2004-08-03,73.49193572998047,16.030000686645508,-0.007742765403149443,10.95998063164581,5.0700200549996985
2004-08-04,73.48527526855469,16.209999084472656,-9.06284663700907e-05,10.60286242861743,5.607136655855227
2004-08-05,72.28496551513672,18.31999969482422,-0.01633401724401784,11.802270320696392,6.517729374127827
2004-08-06,71.2513656616211,19.34000015258789,-0.014298960318369192,12.475644395915369,6.864355756672522
2004-08-09,71.35138702392578,18.889999389648438,0.0014037816872127795,12.427110777912965,6.4628886117354725
2004-08-10,72.27162170410156,17.469999313354492,0.012897222024110144,13.44618837363851,4.0238109397159825
2004-08-11,72.12493896484375,18.040000915527344,-0.0020296035400778623,13.424473116764538,4.615527798762805
2004-08-12,71.33805847167969,19.079999923706055,-0.010909964077024936,13.804773357319315,5.27522656638674
2004-08-13,71.47809600830078,17.979999542236328,0.0019630130062580076,13.765840112768263,4.214159429468065
2004-08-16,72.21827697753906,17.56999969482422,0.010355353745745033,14.370548483368836,3.199451211455383
2004-08-17,72.62505340576172,17.020000457763672,0.005632596695005265,14.497031399108309,2.522969058655363
2004-08-18,73.37188720703125,16.229999542236328,0.010283418272987843,14.240943134375092,1.989056407861236
2004-08-19,73.15853881835938,16.959999084472656,-0.002907767495060831,12.730977789330748,4.229021295141909
2004-08-20,73.6719970703125,16.0,0.00701843230122412,12.928115614834116,3.071884385165884
2004-08-23,73.48527526855469,15.880000114440918,-0.002534501699195224,12.588935362394349,3.2910647520465695
2004-08-24,73.58528900146484,15.329999923706055,0.001361003718699516,12.558270968623155,2.7717289550828994
2004-08-25,74.08544158935547,14.979999542236328,0.006796910016629409,12.364435186895802,2.615564355340526
2004-08-26,74.08544158935547,14.90999984741211,0.0,12.334622202990818,2.575377644421291
2004-08-27,74.31878662109375,14.710000038146973,0.0031496745748196275,12.297093632114015,2.412906406032958
2004-08-30,73.70535278320312,15.4399995803833,-0.008254088444933139,12.627748553902803,2.8122510264804976
2004-08-31,74.09210968017578,15.289999961853027,0.005247337979783717,12.74397955290611,2.5460204089469176
2004-09-01,74.23212432861328,14.90999984741211,0.0018897376392963405,12.43511866031047,2.474881187101639
2004-09-02,75.07234191894531,14.279999732971191,0.011318786818123705,12.982140194422668,1.2978595385485239
2004-09-03,74.76557159423828,13.90999984741211,-0.0040863294905365555,11.527470453669919,2.3825293937421907
2004-09-07,75.2590560913086,14.069999694824219,0.006600424320280851,10.06915809094652,4.000841603877699
2004-09-08,75.07234191894531,14.0600004196167,-0.002480952885414167,10.217518448735063,3.842481970881636
2004-09-09,75.00566864013672,14.010000228881836,-0.0008881204063219128,9.533428020925454,4.476572207956382
2004-09-10,75.39240264892578,13.760000228881836,0.005156063745588968,9.495861645364034,4.264138583517802
2004-09-13,75.63911437988281,13.170000076293945,0.0032723685980120543,8.228431987931252,4.941568088362693
2004-09-14,75.79249572753906,13.5600004196167,0.00202780464728769,8.227627741149307,5.332372678467392
2004-09-15,75.21902465820312,14.640000343322754,-0.007566330463605109,8.494015956506757,6.1459843868159965
2004-09-16,75.44577026367188,14.390000343322754,0.0030144714917414994,8.399042531020557,5.990957812302197
2004-09-17,75.76651000976562,14.029999732971191,0.00425126213136684,7.877780852685603,6.152218880285589
2004-09-20,75.31120300292969,14.430000305175781,-0.0060093437955272,8.166510026077232,6.26349027909855
2004-09-21,75.63926696777344,13.65999984741211,0.00435611106664946,7.985569487699057,5.674430359713052
2004-09-22,74.69511413574219,14.739999771118164,-0.01248231070818695,9.229084469362906,5.510915301755258
2004-09-23,74.29336547851562,14.800000190734863,-0.005378513198285972,9.469086236227175,5.330913954507688
2004-09-24,74.63488006591797,14.279999732971191,0.00459683829373847,9.313344933399426,4.966654799571765
2004-09-27,74.15945434570312,14.619999885559082,-0.006370020556004663,9.602026365326537,5.017973520232545
2004-09-28,74.51433563232422,13.829999923706055,0.0047853815774692166,9.684599864301862,4.145400059404192
2004-09-29,74.88932037353516,13.210000038146973,0.0050323838765902185,9.319895175086577,3.8901048630603956
2004-09-30,74.8357162475586,13.34000015258789,-0.0007157779735373904,9.187369209181695,4.152630943406196
2004-10-01,76.10131072998047,12.75,0.016911637195203166,10.806445519267244,1.9435544807327556
2004-10-04,76.2285385131836,13.40999984741211,0.0016718211813007144,10.166842785398561,3.243157062013548
2004-10-05,76.26872253417969,13.949999809265137,0.0005271519273473135,10.01493507464722,3.9350647346179173
2004-10-06,76.79100799560547,13.279999732971191,0.006847963936877477,10.032829843870553,3.247169889100638
2004-10-07,75.9674301147461,14.5,-0.010724926034393345,10.77039094334014,3.7296090566598608
2004-10-08,75.3379135131836,15.050000190734863,-0.008286664437794466,11.194606505567489,3.8553936851673747
2004-10-11,75.64599609375,14.710000038146973,0.00408934315007925,11.141484977244666,3.568515060902307
2004-10-12,75.35137176513672,15.050000190734863,-0.00389477756692036,11.167709286897539,3.8822909038373243
2004-10-13,74.68843078613281,15.420000076293945,-0.008797994827091316,11.524694424236042,3.8953056520579032
2004-10-14,74.08580017089844,16.43000030517578,-0.008068593875803609,11.56379216506404,4.866208140111741
2004-10-15,74.50094604492188,15.039999961853027,0.005603582239319671,11.702457642368113,3.337542319484914
2004-10-18,74.7822036743164,14.710000038146973,0.0037752222532172475,11.678863470009281,3.0311365681376916
2004-10-19,74.15270233154297,15.130000114440918,-0.008417796104471242,11.848080103129,3.281920011311918
2004-10-20,74.00543212890625,14.850000381469727,-0.0019860395913592344,11.70917156071502,3.140828820754706
2004-10-21,74.48753356933594,14.539999961853027,0.006514406126160388,11.202956316877282,3.3370436449757452
2004-10-22,73.6505126953125,15.279999732971191,-0.011237059866458177,11.721981879361365,3.558017853609826
2004-10-25,73.5634765625,16.579999923706055,-0.0011817451043764082,11.582454348496166,4.997545575209889
2004-10-26,74.68843078613281,16.389999389648438,0.015292292808878338,12.621796480345987,3.7682029093024507
2004-10-27,75.58572387695312,15.720000267028809,0.012013816348473982,13.176695502512953,2.543304764515856
2004-10-28,75.8133773803711,15.390000343322754,0.003011858479897267,13.11166582785802,2.278334515464733
2004-10-29,75.79998779296875,16.270000457763672,-0.00017661246425104693,13.106091736295799,3.163908721467873
2004-11-01,76.00760650634766,16.270000457763672,0.0027390335991341885,11.7374208734577,4.532579584305973
2004-11-02,76.03435516357422,16.18000030517578,0.00035192079393175923,11.722165824748734,4.4578344804270476
2004-11-03,76.99188995361328,14.039999961853027,0.0125934492109403,12.520940634667655,1.5190593271853725
2004-11-04,78.0431900024414,13.970000267028809,0.013654685570928526,13.162759476665808,0.8072407903630001
2004-11-05,78.5320053100586,13.84000015258789,0.0062633947638723875,12.59118733576347,1.2488128168244206
2004-11-08,78.41815185546875,13.800000190734863,-0.0014497713911714172,12.12816912188252,1.6718310688523434
2004-11-09,78.2641372680664,13.609999656677246,-0.001964017051641398,12.174050926250587,1.4359487304266594
2004-11-10,78.32442474365234,13.079999923706055,0.0007703078024030585,12.012544742494565,1.0674551812114892
2004-11-11,78.92040252685547,13.039999961853027,0.0076090923764036145,11.51042265413713,1.529577307715897
2004-11-12,79.54312133789062,13.329999923706055,0.007890466737333846,10.951450590980677,2.3785493327253775
2004-11-15,79.73857879638672,13.380000114440918,0.002457251553730444,10.926355484709271,2.453644629731647
2004-11-16,79.16767883300781,13.210000038146973,-0.007159645581804375,11.50315101618849,1.706849021958483
2004-11-17,79.63780975341797,13.210000038146973,0.005938419912522974,10.801842639363118,2.408157398783855
2004-11-18,79.74525451660156,12.979999542236328,0.0013491677322150508,10.652041498886202,2.327958043350126
2004-11-19,78.85873413085938,13.5,-0.01111690458718928,11.736824063011978,1.7631759369880218
2004-11-22,79.23486328125,12.970000267028809,0.004769657470870214,10.587665456869527,2.382334810159282
2004-11-23,79.35575103759766,12.670000076293945,0.0015256889624275516,10.477546538777503,2.1924535375164425
2004-11-24,79.54379272460938,12.720000267028809,0.002369603772291562,9.584400693635875,3.135599573392934
2004-11-26,79.48336791992188,12.779999732971191,-0.0007596419861031212,9.082564857259793,3.697434875711398
2004-11-29,79.12067413330078,13.300000190734863,-0.004563140643291552,9.393348095775458,3.906652094959405
2004-11-30,79.17443084716797,13.239999771118164,0.0006794268938687953,9.372414850090701,3.867584921027463
2004-12-01,80.07434844970703,12.970000267028809,0.011366265509078266,9.908513744622272,3.061486522406536
2004-12-02,80.14151000976562,12.979999542236328,0.0008387400129865608,9.896621578686466,3.0833779635498626
2004-12-03,80.08775329589844,12.960000038146973,-0.0006707724107100077,9.241601615212796,3.718398422934177
2004-12-06,80.0609130859375,13.1899995803833,-0.0003351350094910055,8.211915445374368,4.978084135008933
2004-12-07,79.31544494628906,13.670000076293945,-0.009311262024307099,8.76269278788554,4.907307288408406
2004-12-08,79.77884674072266,13.1899995803833,0.005842516482727822,8.922239902929206,4.2677596774540945
2004-12-09,80.0609130859375,12.880000114440918,0.003535603192304171,8.90827043490144,3.9717296795394788
2004-12-10,80.14151000976562,12.760000228881836,0.0010066950365856808,8.90755627155418,3.8524439573276563
2004-12-13,80.8399658203125,12.539999961853027,0.008715281387407847,9.016857420548451,3.5231425413045763
2004-12-14,81.12202453613281,12.729999542236328,0.0034890998896173198,8.727183910459678,4.002815631776651
2004-12-15,81.18246459960938,12.350000381469727,0.0007450512215660954,8.710082753474229,3.639917627995498
2004-12-16,81.13548278808594,12.270000457763672,-0.0005787187141355066,8.230884996922223,4.039115460841449
2004-12-17,80.59430694580078,11.949999809265137,-0.006670026771130821,8.468386763853266,3.481613045411871
2004-12-20,80.61455535888672,11.829999923706055,0.00025123875188293177,8.464398270712241,3.3656016529938135
2004-12-21,81.23532104492188,11.550000190734863,0.007700416919395936,7.675153433747664,3.874846756987199
2004-12-22,81.43099975585938,11.449999809265137,0.0024087885469092907,7.588647376808076,3.8613524324570605
2004-12-23,81.4917221069336,11.229999542236328,0.0007456908457008637,7.590710748356219,3.639288793880109
2004-12-27,81.32306671142578,12.140000343322754,-0.0020696015637822196,7.665559366109677,4.474440977213077
2004-12-28,81.7684097290039,12.0,0.0054762201622131634,7.782010908964761,4.217989091035239
2004-12-29,81.8898696899414,11.619999885559082,0.0014854142490974276,7.477871130384457,4.142128755174625
2004-12-30,81.73468017578125,12.5600004196167,-0.001895100270005945,7.572559508465253,4.987440911151446
2004-12-31,81.5592269897461,13.289999961853027,-0.002146618615963547,6.76400914740849,6.525990814444538
2005-01-03,81.17460632324219,14.079999923706055,-0.004715844922761003,7.036870782395834,7.043129141310221
2005-01-04,80.18269348144531,13.979999542236328,-0.012219496794933837,8.323297940219634,5.656701602016694
2005-01-05,79.62939453125,14.09000015258789,-0.006900478471995264,8.667136087471098,5.4228640651167925
2005-01-06,80.03421020507812,13.579999923706055,0.005083746727086558,8.190852590540105,5.389147333165949
2005-01-07,79.91954040527344,13.489999771118164,-0.0014327598099720396,7.9712714422895985,5.518728328828566
2005-01-10,80.2973861694336,13.229999542236328,0.004727827040096777,8.046437220179074,5.183562322057254
2005-01-11,79.74407958984375,13.1899995803833,-0.006890717194982243,8.398207055708191,4.79179252467511
2005-01-12,80.00724792480469,12.5600004196167,0.003300161420314973,7.86453694675862,4.695463472858079
2005-01-13,79.36620330810547,12.84000015258789,-0.008012331799010397,8.137411232254392,4.702588920333499
2005-01-14,79.78457641601562,12.430000305175781,0.005271426507401422,8.408299157028821,4.02170114814696
2005-01-18,80.61455535888672,12.470000267028809,0.010402749254986077,9.263906738978987,3.2060935280498217
2005-01-19,79.77108764648438,13.180000305175781,-0.010462970472854716,9.67698735934256,3.5030129458332215
2005-01-20,79.28524017333984,13.829999923706055,-0.006090520857602311,9.864882825162717,3.965117098543338
2005-01-21,78.7994384765625,14.359999656677246,-0.0061272652477970535,9.525442678706266,4.83455697797098
2005-01-24,78.64420318603516,14.649999618530273,-0.001970005034661715,9.423232954579737,5.226766663950537
2005-01-25,78.8669204711914,14.0600004196167,0.002831960604005479,9.517031409011743,4.542969010604956
2005-01-26,79.10305786132812,13.4399995803833,0.002994124643461493,9.642401461074792,3.7975981193085087
2005-01-27,79.23802185058594,13.239999771118164,0.001706179165594568,9.393836892421291,3.846162878696873
2005-01-28,79.23802185058594,13.239999771118164,0.0,9.348757488071307,3.891242283046857
2005-01-31,79.73060607910156,12.819999694824219,0.0062165134491174445,9.725699738095301,3.0942999567289178
2005-02-01,80.23666381835938,12.029999732971191,0.006347095101167932,10.056948695601225,1.9730510373699666
2005-02-02,80.47958374023438,11.65999984741211,0.0030275426508874492,10.03077503365428,1.6292248137578298
2005-02-03,80.27041625976562,11.789999961853027,-0.002599012951457147,9.11288893025539,2.6771110315976365
2005-02-04,81.12738037109375,11.210000038146973,0.01067596446186192,9.447342312717709,1.7626577254292641
2005-02-07,81.01937866210938,11.729999542236328,-0.001331260894784858,9.350661029738333,2.379338512497995
2005-02-08,81.1138687133789,11.600000381469727,0.0011662648224395333,9.322798172627712,2.2772022088420147
2005-02-09,80.506591796875,12.0,-0.0074867211506056686,9.617222673980121,2.3827773260198786
2005-02-10,80.7967300415039,11.510000228881836,0.003603906688298908,9.333273844062779,2.176726384819057
2005-02-11,81.4917221069336,11.430000305175781,0.008601735058741733,9.69717768009943,1.732822625076352
2005-02-14,81.43099975585938,11.520000457763672,-0.0007451352051995874,9.168587710493306,2.3514127472703663
2005-02-15,81.73468017578125,11.270000457763672,0.003729297452227609,9.098437427101224,2.1715630306624476
2005-02-16,81.78861999511719,11.100000381469727,0.000659937975164615,8.455460216363713,2.6445401651060134
2005-02-17,81.12738037109375,11.770000457763672,-0.008084738733370456,8.092097229586285,3.677903228177387
2005-02-18,81.23532104492188,11.180000305175781,0.0013305085574608633,7.692571812903696,3.487428492272085
2005-02-22,80.02748107910156,13.140000343322754,-0.014868408843394576,9.187836080779894,3.95216426254286
2005-02-23,80.60106658935547,12.390000343322754,0.007167356794436142,9.389678378414333,3.000321964908421
2005-02-24,81.13411712646484,11.569999694824219,0.0066134427206174795,9.56288763526209,2.007112059562129
2005-02-25,81.93711853027344,11.489999771118164,0.009897210104066856,9.999809139112694,1.4901906320054703
2005-02-28,81.39728546142578,12.079999923706055,-0.006588382390432801,10.40346281218524,1.6765371115208154
2005-03-01,81.80211639404297,12.039999961853027,0.004973518838156332,10.467523300782387,1.57247666107064
2005-03-02,81.76162719726562,12.5,-0.0004949651495849139,10.347090298535777,2.152909701464223
2005-03-03,81.7953872680664,12.930000305175781,0.00041290849947661634,10.179347814335756,2.750652490840025
2005-03-04,82.81428527832031,11.9399995803833,0.012456668331610077,10.920502115317058,1.0194974650662427
2005-03-07,82.85479736328125,12.260000228881836,0.0004891919893383889,10.83056553426011,1.429434694621726
2005-03-08,82.54439544677734,12.399999618530273,-0.0037463360768711373,10.441722345540821,1.9582772729894522
2005-03-09,81.6266860961914,12.699999809265137,-0.011117766937643325,11.220117420584495,1.4798823886806414
2005-03-10,81.8088607788086,12.489999771118164,0.0022318029964183417,11.235592474488868,1.2544072966292958
2005-03-11,81.23532104492188,12.800000190734863,-0.0070107287698020215,11.194466777285498,1.6055334134493648
2005-03-14,81.74139404296875,12.390000343322754,0.006229716231034743,11.323802424935428,1.066197918387326
2005-03-15,81.06666564941406,13.149999618530273,-0.008254427288088673,11.324356340481966,1.8256432780483074
2005-03-16,80.37836456298828,13.489999771118164,-0.008490556271334104,11.681428988002766,1.8085707831153979
2005-03-17,80.54032897949219,13.289999961853027,0.002015025030485562,11.616409559816155,1.6735904020368721
2005-03-18,80.30120849609375,13.140000343322754,-0.0029689533979843086,11.631864996466506,1.508135346856248
2005-03-21,80.00313568115234,13.609999656677246,-0.0037119343596915266,11.38509326093344,2.2249063957438064
2005-03-22,79.1902084350586,14.270000457763672,-0.01016119229793222,11.82208580980686,2.4479146479568126
2005-03-23,79.25794219970703,14.0600004196167,0.0008553300463147728,10.734012389443786,3.3259880301729137
2005-03-24,79.35279083251953,13.420000076293945,0.001196708243742961,10.394876139884074,3.025123936409871
2005-03-28,79.46797943115234,13.75,0.0014516011021707964,10.08505081329717,3.664949186702829
2005-03-29,78.93955993652344,14.489999771118164,-0.0066494643303055545,9.447565872649683,5.042433898468481
2005-03-30,80.05731201171875,13.640000343322754,0.014159593442047536,10.754041616512126,2.885958726810628
2005-03-31,79.90828704833984,14.020000457763672,-0.0018614784787814864,10.552992809513926,3.467007648249746
2005-04-01,79.54924774169922,14.09000015258789,-0.004493142324818344,10.615111082886804,3.474889069701087
2005-04-04,79.68472290039062,14.109999656677246,0.001703035069939407,10.650448478937308,3.4595511777399377
2005-04-05,80.06407165527344,13.680000305175781,0.004760620870289278,9.695858554798058,3.9841417503777237
2005-04-06,80.34182739257812,13.149999618530273,0.0034691682743865915,9.830365534522342,3.319634084007932
2005-04-07,80.77537536621094,12.329999923706055,0.0053962921644081785,10.068255403395728,2.2617445203103266
2005-04-08,79.93538665771484,12.619999885559082,-0.010399069081237222,9.980053358783469,2.6399465267756135
2005-04-11,79.99638366699219,11.979999542236328,0.0007630789294674756,9.933399244192634,2.0466002980436944
2005-04-12,80.4095687866211,11.300000190734863,0.005165047477007301,9.907870303854256,1.392129886880607
2005-04-13,79.461181640625,13.3100004196167,-0.011794456310452062,10.3309921250635,2.9790082945532
2005-04-14,78.42471313476562,14.529999732971191,-0.013043708694730483,10.855578899501776,3.6744208334694157
2005-04-15,77.32730865478516,17.739999771118164,-0.01399309523892911,11.44967931575005,6.290320455368114
2005-04-18,77.56441497802734,16.559999465942383,0.0030662689206049087,11.49968361191265,5.060315854029733
2005-04-19,78.18087768554688,14.960000038146973,0.007947751655113633,11.96807469453446,2.991925343612513
2005-04-20,77.09021759033203,16.920000076293945,-0.013950471362084382,12.734820308853543,4.1851797674404025
2005-04-21,78.58732604980469,14.40999984741211,0.01942021317709197,14.295499691964583,0.11450015544752645
2005-04-22,78.28924560546875,15.380000114440918,-0.0037929836694917674,14.33775547201794,1.0422446424229772
2005-04-25,78.80412292480469,14.619999885559082,0.006576603406432291,14.53987204372853,0.08012784183055288
2005-04-26,78.03865051269531,14.90999984741211,-0.009713608675523178,14.881731434768982,0.028268412643127405
2005-04-27,78.34346008300781,14.869999885559082,0.003905879564933157,14.809971268575744,0.06002861698333817
2005-04-28,77.36122131347656,16.860000610351562,-0.01253759750323169,14.403246146928927,2.4567544634226355
2005-04-29,78.41119384765625,15.3100004196167,0.013572336583532962,15.329215537909116,-0.019215118292416733
2005-05-02,78.85150146484375,15.119999885559082,0.005615366831972501,15.426636868960758,-0.3066369834016758
2005-05-03,78.98699951171875,14.529999732971191,0.001718395266517625,15.426898419397874,-0.8968986864266828
2005-05-04,79.5966567993164,13.850000381469727,0.007718451028225326,15.58415992663931,-1.7341595451695841
2005-05-05,79.56956481933594,13.979999542236328,-0.00034036580265894845,15.525900500497968,-1.5459009582616403
2005-05-06,79.31892395019531,14.050000190734863,-0.003149959029054794,15.404682643415132,-1.3546824526802688
2005-05-09,79.81344604492188,13.75,0.006234604178910308,15.177564541207486,-1.4275645412074862
2005-05-10,78.98699951171875,14.90999984741211,-0.010354728108569189,15.587544719119617,-0.6775448717075072
2005-05-11,79.42057800292969,14.449999809265137,0.005489238658149098,15.602940760226073,-1.1529409509609359
2005-05-12,78.54667663574219,16.1200008392334,-0.011003462693954025,15.533322596312454,0.5866782429209447
2005-05-13,78.39087677001953,16.31999969482422,-0.0019835322434477165,14.866649861498768,1.4533498333254506
2005-05-16,79.1224365234375,15.680000305175781,0.009332205271337823,14.280403311170033,1.3995969940057478
2005-05-17,79.65086364746094,14.569999694824219,0.006678600245922706,14.396410357677764,0.17358933714645453
2005-05-18,80.47054290771484,13.630000114440918,0.010290902354578968,14.554671626774232,-0.9246715123333136
2005-05-19,80.80928802490234,13.319999694824219,0.0042095542660371965,13.457080683996677,-0.1370809891724587
2005-05-20,80.69409942626953,13.140000343322754,-0.0014254376130292679,11.966627183695163,1.173373159627591
2005-05-23,81.14118194580078,12.949999809265137,0.0055404611081848465,11.903947961468692,1.046051847796445
2005-05-24,80.95152282714844,12.6899995803833,-0.00233739654888232,11.847225002746901,0.8427745776363995
2005-05-25,80.89054107666016,12.579999923706055,-0.0007533119620058981,11.185048311738498,1.3949516119675565
2005-05-26,81.32410430908203,12.239999771118164,0.005359875538611947,11.231860124232897,1.008139646885267
2005-05-27,81.45957946777344,12.149999618530273,0.001665867209265759,9.951505771757835,2.198493846772438
2005-05-31,80.93797302246094,13.289999961853027,-0.006403254825527949,9.543462146835417,3.7465378150176107
2005-06-01,81.6289291381836,12.359999656677246,0.00853685964597739,9.752465146698238,2.6075345099790077
2005-06-02,81.8050537109375,11.84000015258789,0.002157624442870709,9.753939128304989,2.086061024282902
2005-06-03,81.39179992675781,12.149999618530273,-0.005051690151563815,9.76239362370777,2.387605994822504
2005-06-06,81.31729888916016,12.279999732971191,-0.0009153383714907148,9.774962351494516,2.5050373814766758
2005-06-07,81.3782730102539,12.390000343322754,0.0007498296417451922,9.656305079721927,2.7336952636008274
2005-06-08,81.22925567626953,12.699999809265137,-0.0018311685474770023,9.533988864567727,3.16601094469741
2005-06-09,81.61539459228516,12.079999923706055,0.0047536926542148805,8.69541390619863,3.3845860175074254
2005-06-10,81.42569732666016,11.960000038146973,-0.0023242828950671424,8.6733959277168,3.286604110430172
2005-06-13,81.68312072753906,11.649999618530273,0.0031614515973523716,7.46567340093562,4.184326217594654
2005-06-14,81.87279510498047,11.789999961853027,0.0023220755494159917,7.332968406663849,4.457031555189178
2005-06-15,82.02865600585938,11.460000038146973,0.0019036958574463192,6.842634712251567,4.617365325895405
2005-06-16,82.23861694335938,11.149999618530273,0.002559604749406086,6.612031212490319,4.537968406039955
2005-06-17,82.54332733154297,11.479999542236328,0.003705198354605921,5.864051175243291,5.615948366993037
2005-06-20,82.57052612304688,11.470000267028809,0.0003295092696549151,5.767918621557948,5.7020816454708605
2005-06-21,82.61815643310547,11.079999923706055,0.0005768439695734706,5.701688688585098,5.3783112351209565
2005-06-22,82.68614959716797,11.050000190734863,0.0008229808918278625,5.471314249585049,5.578685941149814
2005-06-23,81.52310180664062,12.130000114440918,-0.0140658114592771,7.484835741219855,4.645164373221063
2005-06-24,80.92453002929688,12.180000305175781,-0.007342357737607497,7.940876240820945,4.2391240643548365
2005-06-27,81.04019165039062,12.520000457763672,0.001429252923086155,7.722311993964231,4.797688463799441
2005-06-28,81.72030639648438,11.579999923706055,0.00839231413750574,8.255322965683263,3.324676958022792
2005-06-29,81.50267028808594,11.770000457763672,-0.0026631827264881336,7.977360136261049,3.792640321502623
2005-06-30,81.06059265136719,12.039999961853027,-0.005424087764930197,7.628933690011406,4.411066271841621
2005-07-01,81.29863739013672,11.399999618530273,0.002936627169669581,7.665516699345942,3.734482919184331
2005-07-05,81.95159912109375,11.680000305175781,0.008031644218384537,7.973933127053057,3.7060671781227246
2005-07-06,81.2646484375,12.270000457763672,-0.008382395108345486,8.522545783860563,3.7474546739031087
2005-07-07,81.58428955078125,12.489999771118164,0.003933335336177457,8.629321844769644,3.8606779263485205
2005-07-08,82.51612091064453,11.449999809265137,0.011421700979368898,9.432760086174838,2.0172397230902988
2005-07-11,82.93779754638672,11.279999732971191,0.005110233383350815,9.452541441358743,1.827458291612448
2005-07-12,83.15546417236328,10.949999809265137,0.0026244563084139028,9.402915413200507,1.5470843960646299
2005-07-13,83.27108764648438,10.84000015258789,0.001390449506498248,9.372016528874315,1.4679836237135753
2005-07-14,83.59760284423828,10.8100004196167,0.003921111240195119,9.4181152614123,1.3918851582043992
2005-07-15,83.5499496459961,10.329999923706055,-0.0005700306781639686,9.427520134006352,0.9024797896997026
2005-07-18,83.21665954589844,10.770000457763672,-0.0039891119205913705,9.55368168303411,1.2163187747295616
2005-07-19,83.67235565185547,10.449999809265137,0.005476020167640705,9.645908828403442,0.8040909808616945
2005-07-20,83.95806884765625,10.229999542236328,0.003414666571472935,9.691496975961233,0.5385025662750955
2005-07-21,83.46833038330078,10.970000267028809,-0.005833131598632968,9.961673263278636,1.008327003750173
2005-07-22,84.02608489990234,10.520000457763672,0.006682229224428626,10.189310601695405,0.3306898560682665
2005-07-25,83.78800201416016,11.100000381469727,-0.002833440187363312,8.770673272617183,2.329327108852544
2005-07-26,83.8900375366211,10.989999771118164,0.0012177820213887802,8.187254183976604,2.80274558714156
2005-07-27,84.1960678100586,10.359999656677246,0.0036479930445125763,8.213091575896934,2.146908080780312
2005-07-28,84.72660064697266,10.520000457763672,0.006301159314362703,8.032643521806868,2.4873569359568037
2005-07-29,84.16207885742188,11.569999694824219,-0.006662863672566743,8.418732902560675,3.1512667922635433
2005-08-01,84.10087585449219,12.079999923706055,-0.0007272040301353755,8.079316965075996,4.000682958630058
2005-08-02,84.60419464111328,11.75,0.005984703268630875,8.202957295001907,3.547042704998093
2005-08-03,84.82864379882812,11.829999923706055,0.002652931792175961,7.903534810846607,3.9264651128594474
2005-08-04,84.14849853515625,12.520000457763672,-0.008017872657316572,7.845996690200298,4.674003767563374
2005-08-05,83.57715606689453,12.479999542236328,-0.006789692961936988,8.321738903026327,4.158260639210001
2005-08-08,83.42073059082031,13.210000038146973,-0.0018716295628559143,7.489385096604489,5.720614941542483
2005-08-09,83.92401123046875,12.399999618530273,0.006033040421535407,7.56691567653888,4.833083941991394
2005-08-10,83.88323211669922,12.380000114440918,-0.00048590520366742496,7.537365151395836,4.842634963045082
2005-08-11,84.21648406982422,12.420000076293945,0.003972807731840611,7.631505130705851,4.788494945588094
2005-08-12,83.6995620727539,12.739999771118164,-0.00613801446094242,7.863432563005817,4.8765672081123475
2005-08-15,84.21648406982422,12.260000228881836,0.006175922361708386,8.136764004666267,4.123236224215569
2005-08-16,83.12144470214844,13.520000457763672,-0.013002672573790619,9.268507833238393,4.251492624525278
2005-08-17,83.11460876464844,13.300000190734863,-8.224035956660991e-05,9.049243995087242,4.250756195647622
2005-08-18,83.10781860351562,13.420000076293945,-8.169636161126093e-05,8.948757154987137,4.471242921306809
2005-08-19,83.2983169555664,13.420000076293945,0.0022921832777202944,8.77611053063823,4.643889545655716
2005-08-22,83.2983169555664,13.420000076293945,0.0,8.425384584724394,4.994615491569551
2005-08-23,83.14185333251953,13.34000015258789,-0.001878352753877821,8.397085904489805,4.942914248098086
2005-08-24,82.40052032470703,14.170000076293945,-0.00891648403419143,8.877965175085391,5.292034901208554
2005-08-25,82.69973754882812,13.729999542236328,0.0036312540617704503,8.876901327455453,4.853098214780875
2005-08-26,82.13523864746094,13.720000267028809,-0.006825885040250501,8.7097219279513,5.010278339077509
2005-08-29,82.76779174804688,13.520000457763672,0.007701360719251982,9.044286140384884,4.475714317378788
2005-08-30,82.33250427246094,13.649999618530273,-0.0052591408613509305,9.176262138475053,4.47373748005522
2005-08-31,83.37310791015625,12.600000381469727,0.012639037848911627,10.060936684261945,2.539063697207782
2005-09-01,83.31190490722656,13.149999618530273,-0.0007340856597986001,9.987767428426826,3.162232190103447
2005-09-02,83.16224670410156,13.569999694824219,-0.0017963603556017116,9.651248595573335,3.9187510992508834
2005-09-06,84.13488006591797,12.930000305175781,0.011695611895589098,10.249655384209454,2.680344920966327
2005-09-07,84.27767944335938,12.520000457763672,0.001697267260968749,10.227310214019203,2.2926902437444685
2005-09-08,83.99884796142578,12.930000305175781,-0.003308485518054516,10.102468158884715,2.827532146291066
2005-09-09,84.74700164794922,11.979999542236328,0.008906713659537324,10.552261435241284,1.4277381069950437
2005-09-12,84.57697296142578,11.649999618530273,-0.0020063091698483415,10.508146107318286,1.1418535112119876
2005-09-13,84.107666015625,12.390000343322754,-0.005548873758047912,10.465095250604605,1.9249050927181486
2005-09-14,83.80162048339844,12.90999984741211,-0.0036387352868608724,10.316332481442018,2.5936673659700915
2005-09-15,83.76080322265625,12.489999771118164,-0.0004870700650744242,9.213698450393135,3.276301320725029
2005-09-16,84.35640716552734,11.220000267028809,0.007110771625336909,9.500599641291577,1.7194006257372312
2005-09-19,84.07633209228516,12.140000343322754,-0.003320139899896546,9.600884135356191,2.539116207966563
2005-09-20,83.36599731445312,12.640000343322754,-0.00844868894913664,10.067645055599947,2.5723552877228073
2005-09-21,82.5872802734375,13.789999961853027,-0.009340943143501756,10.581298382938561,3.208701578914466
2005-09-22,82.88105010986328,13.329999923706055,0.0035570833117779532,10.652062518963218,2.6779374047428366
2005-09-23,82.9493179321289,12.960000038146973,0.0008236843304365582,10.16267138534343,2.797328652803543
2005-09-26,83.04495239257812,13.039999961853027,0.0011529264234273473,10.097459752984665,2.942540208868362
2005-09-27,83.02445983886719,12.760000228881836,-0.0002467645909899341,9.771141058132407,2.9888591707494285
2005-09-28,83.10640716552734,12.630000114440918,0.0009870263151268155,9.420857774203748,3.20914234023717
2005-09-29,83.78263854980469,12.239999771118164,0.008136934411452357,9.58229684818964,2.6577029229285234
2005-09-30,84.04216766357422,11.920000076293945,0.0030976478929491957,8.625360685768918,3.2946393905250275
2005-10-03,83.74164581298828,12.460000038146973,-0.00357584601802452,8.727788188883686,3.7322118492632868
2005-10-04,82.79905700683594,13.199999809265137,-0.011255914509458398,9.581900094360808,3.6180997149043286
2005-10-05,81.71302032470703,14.550000190734863,-0.013116534431536375,9.558589869102569,4.991410321632294
2005-10-06,81.41928100585938,14.960000038146973,-0.0035947676108459836,9.520156807376265,5.439843230770707
2005-10-07,81.69934844970703,14.59000015258789,0.003439817207763207,9.65580353166509,4.934196620922801
2005-10-10,81.00947570800781,15.550000190734863,-0.008444042147091269,9.204265158122045,6.345735032612819
2005-10-11,80.89337158203125,15.630000114440918,-0.001433216607833021,9.207371786121067,6.422628328319851
2005-10-12,80.25811767578125,16.219999313354492,-0.007852978480515027,9.349547351784878,6.870451961569614
2005-10-13,80.21028900146484,16.469999313354492,-0.0005959356598620458,9.350453953971458,7.119545359383034
2005-10-14,81.0572738647461,14.869999885559082,0.010559553815667977,10.31854927868136,4.551450606877722
2005-10-17,81.35781860351562,14.670000076293945,0.003707807139813557,10.022115821906432,4.647884254387513
2005-10-18,80.4766616821289,15.329999923706055,-0.010830636028737461,10.501064581297102,4.828935342408952
2005-10-19,81.81547546386719,13.5,0.016636050175967698,12.05821868663666,1.4417813133633395
2005-10-20,80.37423706054688,16.110000610351562,-0.017615718727404084,13.087753213859024,3.0222473964925385
2005-10-21,80.68841552734375,16.1299991607666,0.00390894493418581,13.104628331440932,3.02537082932567
2005-10-24,81.93841552734375,14.739999771118164,0.015491690992202045,14.324457221224895,0.415542549893269
2005-10-25,81.77447509765625,14.529999732971191,-0.0020007761760146847,14.319015914775695,0.21098381819549594
2005-10-26,81.53543090820312,14.59000015258789,-0.002923212764956995,14.33845937705563,0.25154077553226095
2005-10-27,80.66797637939453,16.020000457763672,-0.010638988708911334,14.71425941259634,1.3057410451673324
2005-10-28,81.82911682128906,14.25,0.01439406929502618,15.36905734946167,-1.11905734946167
2005-10-31,82.05451965332031,15.319999694824219,0.0027545553561763025,15.357766930961752,-0.03776723613753319
2005-11-01,82.30043029785156,14.850000381469727,0.0029969177270212644,15.392703873712904,-0.5427034922431773
2005-11-02,83.16107940673828,13.479999542236328,0.010457407157799414,15.368752535926571,-1.8887529936902432
2005-11-03,83.51626586914062,13.0,0.004271066043589178,14.625311778137137,-1.625311778137137
2005-11-04,83.40699005126953,13.170000076293945,-0.0013084375448767505,14.554498306920872,-1.3844982306269262
2005-11-07,83.48895263671875,13.100000381469727,0.0009826824514209687,14.531495671874218,-1.4314952904044915
2005-11-08,83.48895263671875,13.079999923706055,0.0,14.123417738941118,-1.0434178152350633
2005-11-09,83.59819793701172,12.800000190734863,0.0013085000690848947,14.084179496573224,-1.2841793058383608
2005-11-10,84.24712371826172,11.899999618530273,0.007762437436019232,13.79882485429939,-1.8988252357691167
2005-11-11,84.53401184082031,11.630000114440918,0.003405316524727864,13.760809369158597,-2.130809254717679
2005-11-14,84.48616027832031,12.180000305175781,-0.0005660628362239573,13.480599304544183,-1.3005989993684022
2005-11-15,84.17879486083984,12.229999542236328,-0.0036380564161979656,13.603588122090276,-1.3735885798539478
2005-11-16,84.34955596923828,12.260000228881836,0.0020285525431995577,12.82288766373375,-0.5628874348519144
2005-11-17,85.13507080078125,11.25,0.009312613712269435,12.014698877349707,-0.7646988773497068
2005-11-18,85.46978759765625,11.119999885559082,0.003931597093026928,9.693994438227048,1.4260054473320345
2005-11-21,85.90010833740234,10.819999694824219,0.005034770201744365,9.715860515285025,1.1041391795391942
2005-11-22,86.26895141601562,10.600000381469727,0.004293860458994159,8.614105086608504,1.9858952948612227
2005-11-23,86.76754760742188,10.960000038146973,0.005779555485748933,8.526563183662963,2.4334368544840093
2005-11-25,86.83588409423828,10.880000114440918,0.0007875811717716896,8.304542186959482,2.5754579274814358
2005-11-28,86.22115325927734,11.84000015258789,-0.007079225845087356,7.631258579208752,4.208741573379139
2005-11-29,86.12550354003906,11.890000343322754,-0.001109353280750569,6.579600577103115,5.310399766219639
2005-11-30,85.66101837158203,12.0600004196167,-0.0053931199164611865,7.115314822528991,4.944685597087708
2005-12-01,86.53531646728516,11.239999771118164,0.010206487295196354,7.652932515328581,3.5870672557895826
2005-12-02,86.64460754394531,11.010000228881836,0.0012629650080666632,7.074632283933123,3.9353679449487133
2005-12-05,86.4601821899414,11.600000381469727,-0.00212852662423757,7.158678656198168,4.441321725271559
2005-12-06,86.62413024902344,11.520000457763672,0.001896226157861447,7.076813130453082,4.44318732731059
2005-12-07,86.11869812011719,12.180000305175781,-0.005834772914351416,7.55549911434001,4.624501190835772
2005-12-08,86.06400299072266,12.210000038146973,-0.0006351132865274334,7.574445529703314,4.635554508443659
2005-12-09,86.2894515991211,11.6899995803833,0.0026195459258702147,7.584785046482201,4.1052145339010995
2005-12-12,86.37138366699219,11.470000267028809,0.0009495027069092998,7.237604436275458,4.232395830753351
2005-12-13,86.95879364013672,11.109999656677246,0.006800979076696301,7.460346402346878,3.649653254330368
2005-12-14,87.30035400390625,10.479999542236328,0.003927841561176759,7.476707147528739,3.0032923947075894
2005-12-15,87.04761505126953,10.729999542236328,-0.002895050719100345,7.415649805111135,3.314349737125193
2005-12-16,86.76744079589844,10.680000305175781,-0.0032186321843059584,7.598619950767301,3.0813803544084806
2005-12-19,86.32111358642578,11.380000114440918,-0.005143948068291437,7.337408822250832,4.042591292190086
2005-12-20,86.4035415649414,11.1899995803833,0.0009548993877737111,7.242488509538333,3.9475110708449677
2005-12-21,86.54084014892578,10.8100004196167,0.0015890388460659821,7.0685637003940425,3.7414367192226567
2005-12-22,86.99405670166016,10.289999961853027,0.005237025108081328,7.141815552286763,3.148184409566264
2005-12-23,87.04212951660156,10.270000457763672,0.000552598841392804,6.870884452909869,3.399116004853803
2005-12-27,86.15631866455078,11.569999694824219,-0.010176805840691583,7.739473303837598,3.8305263909866207
2005-12-28,86.34856414794922,11.350000381469727,0.0022313567522185274,7.385336935964568,3.964663445505159
2005-12-29,85.96408081054688,11.609999656677246,-0.0044526894129190975,7.542355821147906,4.06764383552934
2005-12-30,85.49710083007812,12.069999694824219,-0.0054322686413399435,7.545842943099763,4.524156751724456
2006-01-03,87.00093078613281,11.140000343322754,0.017589250880488683,9.08948614692399,2.0505141963987636
2006-01-04,87.41289520263672,11.369999885559082,0.004735172518057329,9.215930239480647,2.154069646078435
2006-01-05,87.46783447265625,11.3100004196167,0.0006285030359900468,9.168611516263868,2.1413889033528317
2006-01-06,88.19573211669922,11.0,0.00832188939432954,9.548261603186209,1.4517383968137914
2006-01-09,88.42233276367188,11.130000114440918,0.002569292657753852,9.24322814477947,1.8867719696614476
2006-01-10,88.51156616210938,10.859999656677246,0.0010091726337506657,9.217954176218807,1.6420454804584388
2006-01-11,88.79312133789062,10.9399995803833,0.0031809986873985174,9.229724553303411,1.7102750270798897
2006-01-12,88.44291687011719,11.199999809265137,-0.0039440495220433025,9.412280907514155,1.7877189017509814
2006-01-13,88.36051940917969,11.229999542236328,-0.0009316456744468127,9.20579732897416,2.0242022132621678
2006-01-17,88.12018585205078,11.90999984741211,-0.002719920149133248,9.207204913626951,2.7027949337851584
2006-01-18,87.76998138427734,12.25,-0.003974168510736176,9.2641804653377,2.9858195346622995
2006-01-19,88.1064682006836,11.979999542236328,0.003833734622011864,9.238234137307941,2.741765404928387
2006-01-20,86.49962615966797,14.5600004196167,-0.01823750371375299,11.196021613670748,3.3639788059459512
2006-01-23,86.80865478515625,13.930000305175781,0.0035726007060175036,11.257111312486842,2.6728889926889394
2006-01-24,86.89794158935547,13.3100004196167,0.0010285472620235048,11.250362749452165,2.059637670164534
2006-01-25,86.97349548339844,12.869999885559082,0.0008694555090844602,11.105760798542352,1.7642390870167297
2006-01-26,87.45410919189453,12.420000076293945,0.005525978987332314,11.268695637956366,1.1513044383375792
2006-01-27,88.26439666748047,11.970000267028809,0.00926528762425538,11.011953447275223,0.9580468197535854
2006-01-30,88.19573211669922,12.390000343322754,-0.0007779416545488083,11.024904814470302,1.3650955288524518
2006-01-31,87.55021667480469,12.949999809265137,-0.007319123345338241,11.24703935115276,1.7029604581123774
2006-02-01,88.16140747070312,12.359999656677246,0.006981031219701395,11.189025836675468,1.1709738200017785
2006-02-02,87.13824462890625,13.229999542236328,-0.011605563830601073,10.440394720399656,2.7896048218366722
2006-02-03,86.70565032958984,12.960000038146973,-0.004964459648673092,10.437994418352146,2.522005619794827
2006-02-06,86.93223571777344,13.039999961853027,0.0026132713072595237,10.484364605791512,2.555635356061515
2006-02-07,86.16317749023438,13.59000015258789,-0.008846640388219362,10.39776615418774,3.19223399840015
2006-02-08,86.94596862792969,12.829999923706055,0.009084984566452903,10.918562466349695,1.9114374573563602
2006-02-09,86.80177307128906,13.119999885559082,-0.0016584501721716993,10.902612822981029,2.2173870625780534
2006-02-10,86.95970153808594,12.869999885559082,0.0018194152170967204,10.848370756641,2.0216291289180823
2006-02-13,86.80177307128906,13.350000381469727,-0.0018161109571852574,10.799819629263864,2.550180752205863
2006-02-14,87.72193145751953,12.25,0.010600686526008651,11.507151969523687,0.7428480304763134
2006-02-15,88.03092193603516,12.3100004196167,0.0035223857179347284,11.54623997613574,0.76376044348096
2006-02-16,88.69012451171875,11.479999542236328,0.007488307076490397,11.733246708339077,-0.25324716610274933
2006-02-17,88.44978332519531,12.010000228881836,-0.002709897949141782,11.71954535788691,0.2904548709949264
2006-02-21,88.23007202148438,12.40999984741211,-0.0024840230857676726,9.68963954401094,2.7203603034011685
2006-02-22,88.76567077636719,11.880000114440918,0.006070478495726395,9.812313258232193,2.0676868562087254
2006-02-23,88.63518524169922,11.869999885559082,-0.0014699999845290135,9.85206805136777,2.0179318341913124
2006-02-24,88.86180114746094,11.460000038146973,0.0025567262610639574,9.867410165449783,1.5925898726971894
2006-02-27,88.89612579345703,11.59000015258789,0.0003862699782455348,9.732818089147536,1.857182063440355
2006-02-28,88.0515365600586,12.34000015258789,-0.009500855361917249,9.845848450986159,2.494151701601732
2006-03-01,88.83429718017578,11.539999961853027,0.008889800799595227,10.319725461995343,1.220274499857684
2006-03-02,88.82746124267578,11.720000267028809,-7.695155719122937e-05,9.938270037053618,1.7817302299751905
2006-03-03,88.41543579101562,11.960000038146973,-0.00463849181205922,9.828751284725316,2.131248753421657
2006-03-06,88.01031494140625,12.739999771118164,-0.004582014961357461,9.039251036037468,3.700748735080696
2006-03-07,87.87300109863281,12.65999984741211,-0.001560201697549335,8.855491505941421,3.8045083414706884
2006-03-08,88.05835723876953,12.319999694824219,0.002109363943638032,8.843140230641994,3.4768594641822244
2006-03-09,87.46783447265625,12.680000305175781,-0.006706038865931685,8.581384069674595,4.098616235501186
2006-03-10,88.29873657226562,11.850000381469727,0.009499516074896297,8.633282908846917,3.2167174726228094
2006-03-13,88.46353912353516,11.369999885559082,0.0018664202645148897,8.595674386509415,2.7743254990496666
2006-03-14,89.39051818847656,10.739999771118164,0.010478656790419816,9.211508636620772,1.5284911344973917
2006-03-15,89.78880310058594,11.350000381469727,0.004455561061516677,9.197831190649017,2.1521691908207092
2006-03-16,89.97421264648438,11.979999542236328,0.002064951747833499,8.604861661327549,3.3751378809087793
2006-03-17,90.0493392944336,12.119999885559082,0.0008349797763098632,8.564598933919731,3.555400951639351
2006-03-20,89.9045639038086,11.789999961853027,-0.0016077340684491626,8.283942739223251,3.506057222629776
2006-03-21,89.33926391601562,11.619999885559082,-0.006287778542564348,8.555638565060434,3.064361320498648
2006-03-22,89.88389587402344,11.210000038146973,0.006096221685011782,8.694943184647158,2.5150568534998143
2006-03-23,89.69776153564453,11.170000076293945,-0.0020708307819654603,8.540835942584689,2.6291641337092564
2006-03-24,89.7667007446289,11.1899995803833,0.0007685722341796986,8.510553721859972,2.6794458585233283
2006-03-27,89.63565826416016,11.460000038146973,-0.001459811705027958,8.508996919199477,2.9510031189474955
2006-03-28,89.08416748046875,11.579999923706055,-0.006152582514272864,8.80910630540296,2.770893618303095
2006-03-29,89.6426010131836,10.949999809265137,0.006268605842191688,8.320329674817051,2.6296701344480855
2006-03-30,89.48402404785156,11.569999694824219,-0.001768991121851915,7.830041663362388,3.739958031461831
2006-03-31,89.50469970703125,11.390000343322754,0.00023105419542401862,7.828609526395019,3.5613908169277346
2006-04-03,89.4357681274414,11.569999694824219,-0.0007701448059763694,7.628709069083624,3.941290625740595
2006-04-04,90.00796508789062,11.140000343322754,0.006397853704726675,7.644828682051137,3.495171661271617
2006-04-05,90.31820678710938,11.130000114440918,0.003446824943945881,7.623651031817759,3.506349082623159
2006-04-06,90.2216796875,11.449999809265137,-0.0010687446423388591,7.6615237050752505,3.7884761041898862
2006-04-07,89.30477142333984,12.260000228881836,-0.010162837439250061,8.184838743935522,4.075161484946314
2006-04-10,89.44269561767578,12.1899995803833,0.0015444213353632552,7.586334512925788,4.603665067457513
2006-04-11,88.68431091308594,13.0,-0.008479000988874108,8.194927467681323,4.805072532318677
2006-04-12,88.84976959228516,12.760000228881836,0.0018657040630487565,7.321231156932995,5.438769071948841
2006-04-13,88.73255920410156,12.380000114440918,-0.0013191974354176406,7.121278973691945,5.258721140748973
2006-04-17,88.69812774658203,12.579999923706055,-0.0003880363400804443,7.05803955464931,5.521960369056744
2006-04-18,90.10449981689453,11.399999618530273,0.015855713147977957,9.087869122270545,2.312130496259728
2006-04-19,90.27681732177734,11.319999694824219,0.0019124184167604863,9.089030688706256,2.230969006117963
2006-04-20,90.40097045898438,11.640000343322754,0.0013752493817378308,8.780935193625448,2.8590651496973063
2006-04-21,90.41472625732422,11.59000015258789,0.00015216427733033555,8.548553962664208,3.0414461899236827
2006-04-24,90.24927520751953,11.75,-0.0018299126331899895,8.54055940690612,3.2094405930938805
2006-04-25,89.87699890136719,11.75,-0.0041249783479848645,8.674327115501304,3.0756728844986956
2006-04-26,89.89765930175781,11.760000228881836,0.00022987416851005804,8.65644439520048,3.103555833681355
2006-04-27,90.3320083618164,11.84000015258789,0.004831594764894032,8.482807991678225,3.3571921609096655
2006-04-28,90.63531494140625,11.59000015258789,0.003357686661576098,8.298946155147428,3.2910539974404625
2006-05-01,89.89765930175781,12.539999961853027,-0.008138722087801198,8.800212061410079,3.7397879004429484
2006-05-02,90.5732650756836,11.989999771118164,0.007515276584209918,9.154511278526774,2.8354884925913897
2006-05-03,90.23548126220703,11.989999771118164,-0.0037293986607892515,9.266261867496915,2.723737903621249
2006-05-04,90.55951690673828,11.859999656677246,0.0035910003470771557,9.088179254890823,2.7718204017864227
2006-05-05,91.35916900634766,11.619999885559082,0.008830127709635205,9.504351524928287,2.1156483606307948
2006-05-08,91.24888610839844,12.0,-0.0012071355196056066,9.507465388833563,2.4925346111664375
2006-05-09,91.42810821533203,11.989999771118164,0.0019641018600564664,8.676514046817136,3.313485724301028
2006-05-10,91.37989807128906,11.779999732971191,-0.0005273011219856238,8.693822186818881,3.08617754615231
2006-05-11,90.27681732177734,12.489999771118164,-0.01207137207190978,9.259809232660817,3.2301905384573466
2006-05-12,89.09795379638672,14.1899995803833,-0.013058319515061645,10.42612753761387,3.7638720427694317
2006-05-15,89.2772216796875,13.569999694824219,0.0020120314290321684,10.430705032437656,3.139294662386563
2006-05-16,89.14622497558594,13.350000381469727,-0.0014673026516389687,10.446519929432748,2.9034804520369786
2006-05-17,87.45028686523438,16.260000228881836,-0.019024228012078148,10.86489878769238,5.395101441189455
2006-05-18,87.00906372070312,16.989999771118164,-0.0050454167773194,10.864938825805966,6.125060945312198
2006-05-19,87.62264251708984,17.18000030517578,0.007051895172166089,11.240920800051835,5.939079505123946
2006-05-22,86.95394134521484,17.719999313354492,-0.007631602433635587,11.422076066801399,6.297923246553093
2006-05-23,86.29212951660156,18.260000228881836,-0.007611061883737169,11.596179374214048,6.663820854667788
2006-05-24,86.98152160644531,17.360000610351562,0.00798904944988199,12.079813404326595,5.2801872060249675
2006-05-25,88.0569839477539,15.5,0.012364262218527378,12.998996062116023,2.5010039378839775
2006-05-26,88.50505065917969,14.260000228881836,0.005088372226007998,13.01368874372731,1.2463114851545267
2006-05-30,86.93323516845703,18.65999984741211,-0.017759613479862213,14.142011913469199,4.51798793394291
2006-05-31,87.90531158447266,16.440000534057617,0.011181873240216689,14.650581451908785,1.7894190821488323
2006-06-01,88.74636840820312,14.520000457763672,0.00956775885973915,14.817651458347946,-0.2976510005842741
2006-06-02,88.93250274658203,14.319999694824219,0.0020973741429368697,14.816336359729853,-0.496336664905634
2006-06-05,87.63643646240234,16.649999618530273,-0.01457359507662681,15.48230151717992,1.1676981013503536
2006-06-06,87.4227294921875,17.34000015258789,-0.0024385629863730163,15.018670437117434,2.3213297154704566
2006-06-07,86.76776885986328,17.799999237060547,-0.007491880385440797,15.131478864219483,2.668520372841064
2006-06-08,86.69194030761719,18.350000381469727,-0.0008739253439669081,15.061263777207609,3.288736604262118
2006-06-09,86.41622161865234,18.1200008392334,-0.0031804420109469156,15.04580673720641,3.074194102026988
2006-06-12,85.47860717773438,20.959999084472656,-0.010849981905661,14.95473654946909,6.005262535003567
2006-06-13,84.48587036132812,23.809999465942383,-0.011613862803614317,14.834798614082173,8.97520085186021
2006-06-14,85.14079284667969,21.459999084472656,0.007751858181144433,15.183248542549196,6.276750541923461
2006-06-15,86.947021484375,15.899999618530273,0.02121460908812467,17.220004030693882,-1.320004412163609
2006-06-16,86.31344604492188,17.25,-0.007286913670377815,16.128878595294868,1.121121404705132
2006-06-19,85.63484954833984,17.829999923706055,-0.007862002129179868,16.256277706086404,1.5737222176196504
2006-06-20,85.92566680908203,16.690000534057617,0.003396015317082224,16.084820195618597,0.6051803384390197
2006-06-21,86.56272888183594,15.520000457763672,0.007414106825256228,16.133662005477575,-0.6136615477139031
2006-06-22,86.18191528320312,15.880000114440918,-0.00439927903789461,15.984578426998617,-0.1045783125576989
2006-06-23,86.16804504394531,15.890000343322754,-0.00016094141343037105,15.717622048740267,0.17237829458248655
2006-06-26,86.54889678955078,15.619999885559082,0.0044198721859274315,15.134792922525584,0.4852069630334981
2006-06-27,85.80103302001953,16.399999618530273,-0.008640939368062983,15.211224628365013,1.1887749901652604
2006-06-28,86.38268280029297,15.789999961853027,0.0067790533493661265,14.236501074688507,1.5534988871645208
2006-06-29,88.127685546875,13.029999732971191,0.020200839913901314,15.441941248192903,-2.411941515221711
2006-06-30,88.13455200195312,13.079999923706055,7.791484634500634e-05,15.059041802928125,-1.9790418792220699
2006-07-03,88.49464416503906,13.050000190734863,0.004085709349018529,15.114354837099867,-2.064354646365004
2006-07-05,87.98918151855469,14.149999618530273,-0.0057117879986240405,14.344020702370566,-0.19402108384029226
2006-07-06,88.245361328125,13.649999618530273,0.002911492130612592,14.338338176567705,-0.6883385580374313
2006-07-07,87.670654296875,13.970000267028809,-0.006512603298354125,14.273561817376823,-0.30356155034801446
2006-07-10,87.83683013916016,14.020000457763672,0.0018954557099852831,14.271445953908552,-0.2514454961448802
2006-07-11,88.22460174560547,13.140000343322754,0.004414681242833618,14.256218608241245,-1.1162182649184906
2006-07-12,87.28288269042969,14.489999771118164,-0.010674109449552605,14.237878592425576,0.25212117869258854
2006-07-13,85.86335754394531,17.790000915527344,-0.01626349981495312,14.836787486507626,2.9532134290197174
2006-07-14,85.53096771240234,18.049999237060547,-0.003871148776972144,14.697428501446428,3.352570735614119
2006-07-17,85.40635681152344,18.639999389648438,-0.0014569097510729323,12.568479624706017,6.071519764942421
2006-07-18,85.84257507324219,17.739999771118164,0.0051075619895766255,12.49825394606387,5.241745825054293
2006-07-19,87.0335922241211,15.550000190734863,0.01387443410059297,13.080653877001167,2.4693463137336966
2006-07-20,86.43807220458984,16.209999084472656,-0.0068424157191825374,13.303953512273479,2.9060455721991776
2006-07-21,85.8287582397461,17.399999618530273,-0.0070491387568382136,13.275115464409504,4.124884154120769
2006-07-24,87.3936767578125,14.979999542236328,0.018233032262858995,14.653577776974203,0.3264217652621255
2006-07-25,87.70528411865234,14.850000381469727,0.0035655595736447943,14.682644702413118,0.16735567905660886
2006-07-26,87.82299041748047,14.619999885559082,0.0013420662165450903,14.627835827533902,-0.00783594197481996
2006-07-27,87.73988342285156,14.9399995803833,-0.0009463011249541964,14.244131375566079,0.6958682048172218
2006-07-28,88.61930084228516,14.329999923706055,0.010023006472385632,14.449852114731316,-0.11985219102526123
2006-07-31,88.52928924560547,14.949999809265137,-0.0010157109774526774,12.70954088016497,2.240458929100166
2006-08-01,88.0930404663086,15.050000190734863,-0.004927733894785846,12.835595700997521,2.2144044897373423
2006-08-02,88.68856048583984,14.34000015258789,0.006760125616949386,12.975305915144933,1.3646942374429578
2006-08-03,88.92399597167969,14.460000038146973,0.002654631945203656,12.822990418786597,1.6370096193603754
2006-08-04,88.7716293334961,14.34000015258789,-0.0017134479452781681,12.815047053524186,1.5249530990637048
2006-08-07,88.56391906738281,15.229999542236328,-0.002339827123516658,12.61492202074977,2.6150775214865583
2006-08-08,88.22460174560547,15.229999542236328,-0.003831326858053541,12.691592004965047,2.538407537271281
2006-08-09,87.92683410644531,15.199999809265137,-0.0033751089069097295,12.655572871486221,2.5444269377789155
2006-08-10,88.1969223022461,14.460000038146973,0.0030717379801690203,12.096102684382485,2.3638973537644876
2006-08-11,87.94760131835938,14.300000190734863,-0.002826867167000535,10.54222848603402,3.7577717047008434
2006-08-14,88.01689147949219,14.260000228881836,0.000787857316107976,10.384226606312959,3.875773622568877
2006-08-15,89.06939697265625,13.420000076293945,0.01195799437440126,10.946160965437075,2.4738391108568702
2006-08-16,89.81031036376953,12.40999984741211,0.00831838337628743,11.11531924076111,1.2946806066509993
2006-08-17,90.03882598876953,12.239999771118164,0.0025444252900854725,10.27409747907961,1.965902292038555
2006-08-18,90.49581146240234,11.640000343322754,0.005075426835194463,9.8556117818984,1.784388561424354
2006-08-21,90.10807037353516,12.220000267028809,-0.004284630223226227,9.570951167860493,2.649049099168316
2006-08-22,90.10114288330078,12.1899995803833,-7.687979784343213e-05,7.647665605330876,4.542333975052425
2006-08-23,89.85186004638672,12.399999618530273,-0.002766700054370408,7.74250882482285,4.6574907937074235
2006-08-24,89.77568054199219,12.399999618530273,-0.0008478344728223286,7.7732436950829555,4.626755923447318
2006-08-25,89.8864517211914,12.3100004196167,0.0012338662155548796,7.738986898357755,4.571013521258944
2006-08-28,90.31581115722656,12.180000305175781,0.004776686895672899,7.175033785150677,5.004966520025104
2006-08-29,90.4196548461914,12.279999732971191,0.001149784158878564,7.14081743091139,5.139182302059801
2006-08-30,90.47506713867188,12.220000267028809,0.0006128345941458502,6.809988146551089,5.410012120477719
2006-08-31,90.46123504638672,12.3100004196167,-0.00015288291816306643,6.524108200067202,5.785892219549497
2006-09-01,91.0013198852539,11.960000038146973,0.005970345624733531,6.731037332377234,5.228962705769739
2006-09-05,91.17445373535156,12.630000114440918,0.0019025421863767544,6.656142718004494,5.973857396436424
2006-09-06,90.37120056152344,13.739999771118164,-0.008810068400954663,7.431795814182146,6.308203956936018
2006-09-07,89.95574951171875,13.880000114440918,-0.004597162007622724,7.498608357941977,6.381391756498941
2006-09-08,90.2119140625,13.15999984741211,0.0028476729077542284,7.356281902875739,5.803717944536371
2006-09-11,90.30195617675781,12.989999771118164,0.0009981177674096564,7.325972553302271,5.664027217815893
2006-09-12,91.18827056884766,11.920000076293945,0.009815007665558984,7.760781947049855,4.15921812924409
2006-09-13,91.55523681640625,11.180000305175781,0.004024270284647358,7.791882013492951,3.3881182916828303
2006-09-14,91.56218719482422,11.550000190734863,7.591459166778058e-05,6.892693183781386,4.657307006953477
2006-09-15,91.77711486816406,11.760000228881836,0.0023473409703780312,6.4236687693343235,5.336331459547512
2006-09-18,91.90229034423828,11.779999732971191,0.0013639072905486938,6.4018103436589975,5.378189389312194
2006-09-19,91.6727523803711,11.979999542236328,-0.00249763050526175,6.329029341975606,5.650970200260722
2006-09-20,92.15961456298828,11.390000343322754,0.005310871223731528,6.264048336550555,5.125952006772199
2006-09-21,91.71452331542969,12.25,-0.004829569325665806,6.582889786340348,5.667110213659652
2006-09-22,91.43630981445312,12.59000015258789,-0.003033472681526317,6.60199699920515,5.98800315338274
2006-09-25,92.13875579833984,12.119999885559082,0.007682352725215669,6.977662344257957,5.142337541301125
2006-09-26,92.9037857055664,11.529999732971191,0.0083030197292977,7.393294957709235,4.136704775261957
2006-09-27,93.01504516601562,11.579999923706055,0.00119757725268399,7.301933889964188,4.278066033741867
2006-09-28,92.98027801513672,11.720000267028809,-0.0003737798634280143,7.327891165007837,4.392109102020972
2006-09-29,92.9037857055664,11.979999542236328,-0.0008226724118619577,7.362650166634592,4.617349375601736
2006-10-02,92.55607604980469,12.569999694824219,-0.0037426855442004303,7.552776282565017,5.017223412259201
2006-10-03,92.75077056884766,12.239999771118164,0.002103530393166242,7.354885033563437,4.885114737554727
2006-10-04,93.83576202392578,11.859999656677246,0.011697923892424633,8.248640610974416,3.61135904570283
2006-10-05,94.01658630371094,11.979999542236328,0.0019270294809248245,7.368322251735792,4.611677290500536
2006-10-06,93.8983383178711,11.5600004196167,-0.0012577353687130977,7.082859423433844,4.477140996182856
2006-10-09,93.95396423339844,11.680000305175781,0.0005924057499189228,7.0941003755746594,4.585899929601122
2006-10-10,94.07917785644531,11.520000457763672,0.001332712505198952,7.089408157914506,4.430592299849166
2006-10-11,93.9678955078125,11.619999885559082,-0.001182858430189726,6.558326794472966,5.061673091086116
2006-10-12,94.7816390991211,11.09000015258789,0.008659804360958034,6.972105658380018,4.117894494207873
2006-10-13,95.0250473022461,10.75,0.0025680944689134844,6.954200193759531,3.7957998062404688
2006-10-16,95.17110443115234,11.09000015258789,0.0015370382131112414,6.9515115829283864,4.138488569659504
2006-10-17,94.87207794189453,11.729999542236328,-0.003141988222634673,7.154488717742913,4.575510824493415
2006-10-18,94.99723052978516,11.34000015258789,0.0013191719903855592,7.0046795309214565,4.335320621666434
2006-10-19,95.15022277832031,10.899999618530273,0.0016104916709880346,6.880993238957053,4.01900637957322
2006-10-20,95.17110443115234,10.630000114440918,0.00021945984173554756,6.50496474115594,4.125035373284978
2006-10-23,95.60923767089844,11.079999923706055,0.0046036372317508345,6.329830875737263,4.750169047968791
2006-10-24,95.89440155029297,10.779999732971191,0.002982597564223921,6.012254246568886,4.767745486402306
2006-10-25,96.22129821777344,10.65999984741211,0.0034089233802561125,5.5801622201788295,5.07983762723328
2006-10-26,96.52037048339844,10.5600004196167,0.003108171175867147,5.598654317879373,4.961346101737326
2006-10-27,95.915283203125,10.800000190734863,-0.006269011165653482,6.220828704323995,4.579171486410869
2006-10-30,95.8457260131836,11.199999809265137,-0.0007251940214167973,6.216356031361781,4.983643777903356
2006-10-31,95.8318099975586,11.100000381469727,-0.00014519182235717132,5.953962915998832,5.1460374654708945
2006-11-01,95.18500518798828,11.510000228881836,-0.00674937486401217,6.623784133998907,4.886216094882929
2006-11-02,95.12942504882812,11.420000076293945,-0.0005839169630803553,5.442103907916461,5.977896168377485
2006-11-03,94.9624252319336,11.15999984741211,-0.0017555011691577915,5.483246970629875,5.676752876782234
2006-11-06,96.03353118896484,11.15999984741211,0.011279260764615273,6.5900909884801,4.569908858932009
2006-11-07,96.40211486816406,11.09000015258789,0.0038380727505891166,6.65545290172089,4.434547250867
2006-11-08,96.61076354980469,10.75,0.002164357928515992,6.66323743191893,4.08676256808107
2006-11-09,96.10303497314453,11.010000228881836,-0.00525540382877121,6.993571878874855,4.016428350006981
2006-11-10,96.14476013183594,10.789999961853027,0.0004341710821418321,6.427819300813351,4.362180661039677
2006-11-13,96.38127899169922,10.859999656677246,0.002460028602067954,6.423944451832149,4.436055204845097
2006-11-14,97.10454559326172,10.5,0.007504222906450364,6.842836398423486,3.6571636015765137
2006-11-15,97.3827896118164,10.3100004196167,0.0028654067310109888,6.703328945825924,3.606671473790775
2006-11-16,97.63313293457031,10.15999984741211,0.00257071422734767,6.718886149089563,3.441113698322546
2006-11-17,97.66095733642578,10.050000190734863,0.0002849893373197965,6.727167542619443,3.32283264811542
2006-11-20,97.71659851074219,9.970000267028809,0.0005697381618401387,6.721501386100254,3.2484988809285547
2006-11-21,97.81401824951172,9.899999618530273,0.0009969620336183205,6.61106935593499,3.288930262595284
2006-11-22,98.00872802734375,10.140000343322754,0.0019906121976847047,6.584248577158915,3.555751766163839
2006-11-24,97.61228942871094,10.729999542236328,-0.004044931575096111,6.751548334142833,3.978451208093495
2006-11-27,96.27001953125,12.300000190734863,-0.013751033863837803,8.332313020542058,3.9676871701928054
2006-11-28,96.68724822998047,11.619999885559082,0.004333942184306272,8.152485674094798,3.467514211464284
2006-11-29,97.69574737548828,10.829999923706055,0.010430528988776278,8.845883462090114,1.9841164616159404
2006-11-30,97.73748016357422,10.90999984741211,0.0004271709793624012,8.839373260690934,2.0706265867211755
2006-12-01,97.52186584472656,11.65999984741211,-0.002206055634816906,8.47308188303725,3.18691796437486
2006-12-04,98.2660140991211,11.229999542236328,0.007630578516405251,8.73277795088057,2.4972215913557587
2006-12-05,98.69023132324219,11.270000457763672,0.004317028913915166,8.695532045406907,2.574468412356765
2006-12-06,98.6067886352539,11.329999923706055,-0.0008455009869718921,8.027547366519872,3.3024525571861822
2006-12-07,98.17558288574219,12.670000076293945,-0.004372982382650603,8.198948776259128,4.4710513000348175
2006-12-08,98.3564682006836,12.069999694824219,0.0018424674407273578,8.193357490467191,3.8766422043570277
2006-12-11,98.64163208007812,10.710000038146973,0.0028992895394810425,7.9077138363954305,2.802286201751542
2006-12-12,98.56510162353516,10.649999618530273,-0.0007758433729162517,7.934586828620146,2.7154127899101272
2006-12-13,98.66943359375,10.180000305175781,0.0010585082194034534,7.921309000467179,2.258691304708602
2006-12-14,99.53880310058594,9.970000267028809,0.008810930347643131,8.065424333370236,1.9045759336585721
2006-12-15,99.54794311523438,10.050000190734863,9.182363423843043e-05,8.050130604337594,1.9998695863972689
2006-12-18,99.27513122558594,10.600000381469727,-0.0027405075495395836,8.134349522254068,2.4656508592156587
2006-12-19,99.46395874023438,10.300000190734863,0.0019020626043733113,8.140558872486444,2.159441318248419
2006-12-20,99.40797424316406,10.260000228881836,-0.0005628621440307846,8.15550970912454,2.104490519757295
2006-12-21,99.04434204101562,10.529999732971191,-0.003657978194575695,8.30161569189049,2.2283840410807016
2006-12-22,98.43592834472656,11.359999656677246,-0.006142841516753261,8.603618431576248,2.7563812251009985
2006-12-26,99.0163803100586,11.260000228881836,0.00589674903353643,8.671499582533635,2.5885006463482014
2006-12-27,99.66676330566406,10.640000343322754,0.006568438409572996,7.125442041941154,3.5145583013815997
2006-12-28,99.45699310302734,10.989999771118164,-0.002104715711429117,7.170186329382913,3.819813441735251
2006-12-29,99.04434204101562,11.5600004196167,-0.004149040194531661,6.601306484156949,4.95869393545975
2007-01-03,98.86949920654297,12.039999961853027,-0.0017652985609238891,6.654578843709383,5.385421118143644
2007-01-04,99.07931518554688,11.510000228881836,0.0021221507207758172,6.596808314454486,4.91319191442735
2007-01-05,98.28902435302734,12.140000343322754,-0.007976345325354184,6.762920932917285,5.377079410405469
2007-01-08,98.74362182617188,12.0,0.004625109223912238,6.7883805754217805,5.2116194245782195
2007-01-09,98.65972900390625,11.90999984741211,-0.0008496024423056969,6.7884477129537215,5.121552134458388
2007-01-10,98.98834991455078,11.470000267028809,0.0033308515436072383,6.68197824378578,4.788022023243029
2007-01-11,99.4219741821289,10.869999885559082,0.004380558600607376,6.807624527619997,4.062375357939085
2007-01-12,100.17732238769531,10.149999618530273,0.0075973969716462975,7.197706371279584,2.9522932472506893
2007-01-16,99.98150634765625,10.739999771118164,-0.001954694289803771,7.240562346138753,3.499437424979411
2007-01-17,100.02348327636719,10.59000015258789,0.0004198469321414766,7.239841825928196,3.3501583266596944
2007-01-18,99.6877670288086,10.850000381469727,-0.0033563742889357595,6.722039839864159,4.127960541605567
2007-01-19,99.88357543945312,10.399999618530273,0.0019642170396689806,6.753681945759871,3.6463176727704028
2007-01-22,99.57585906982422,10.770000457763672,-0.003080750446457947,6.773150572478024,3.9968498852856476
2007-01-23,99.86958312988281,10.34000015258789,0.002949751704905079,6.816828246614436,3.523171905973455
2007-01-24,100.67379760742188,9.890000343322754,0.008052646785289497,7.329016909931717,2.560983433391037
2007-01-25,99.49193572998047,11.220000267028809,-0.011739518181782316,8.381504182207367,2.8384960848214416
2007-01-26,99.40103149414062,11.130000114440918,-0.000913684462694131,8.07066959832695,3.0593305161139686
2007-01-29,99.34505462646484,11.449999809265137,-0.000563141718293747,7.830748078924493,3.6192517303406433
2007-01-30,99.86261749267578,10.960000038146973,0.005209749676589048,7.703971851823319,3.256028186323654
2007-01-31,100.53398895263672,10.420000076293945,0.006722950757926727,7.986705059024157,2.4332950172697885
2007-02-01,101.1354751586914,10.3100004196167,0.005982913960949743,8.010743792673157,2.299256626943542
2007-02-02,101.27525329589844,10.079999923706055,0.0013820881049670941,7.947419278847499,2.132580644858556
2007-02-05,101.30331420898438,10.550000190734863,0.0002770757136885127,7.944899995131044,2.6051001956038196
2007-02-06,101.33129119873047,10.649999618530273,0.0002761705277318782,7.2444266538168725,3.405572964713401
2007-02-07,101.55506134033203,10.319999694824219,0.0022083024794652406,7.159366051446159,3.16063364337806
2007-02-08,101.42217254638672,10.4399995803833,-0.0013085393498998288,7.178850356337479,3.2611492240458215
2007-02-09,100.6668701171875,11.100000381469727,-0.007447113488461055,7.747858184896147,3.3521421965735794
2007-02-12,100.32414245605469,11.609999656677246,-0.003404572534477679,7.76543910863319,3.844560548044056
2007-02-13,101.17039489746094,10.34000015258789,0.008435182406636876,7.867464970867465,2.472535181720426
2007-02-14,101.83480072021484,10.229999542236328,0.006567196099484418,8.08578065587357,2.144218886362758
2007-02-15,101.96771240234375,10.220000267028809,0.0013051695607877445,8.085147079888884,2.1348531871399246
2007-02-16,101.91873168945312,10.020000457763672,-0.00048035512160315985,7.953361389043207,2.066639068720465
2007-02-20,102.13556671142578,10.239999771118164,0.0021275286532542736,7.955884895903284,2.28411487521488
2007-02-21,102.09359741210938,10.199999809265137,-0.0004109175742372795,7.833006845945517,2.3669929633196194
2007-02-22,102.01660919189453,10.180000305175781,-0.0007540944992276977,7.83392193034952,2.346078374826261
2007-02-23,101.61803436279297,10.579999923706055,-0.003906960173042373,7.573251146737584,3.006748776968471
2007-02-26,101.52711486816406,11.149999618530273,-0.0008947180999812065,6.175732019581756,4.974267598948518
2007-02-27,97.56169128417969,18.309999465942383,-0.03905777869422955,15.194119721063345,3.115879744879038
2007-02-28,98.5617904663086,15.420000076293945,0.010250941419371218,15.673584848234261,-0.25358477194031614
2007-03-01,98.26799774169922,15.819999694824219,-0.0029807973578747093,15.565292529256281,0.2547071655679378
2007-03-02,96.9812240600586,18.610000610351562,-0.013094534448772954,15.882015471226794,2.727985139124769
2007-03-05,96.05805206298828,19.6299991607666,-0.00951907965709542,15.849484400585562,3.78051476018104
2007-03-06,97.70153045654297,15.960000038146973,0.017109220500088895,17.201227195185606,-1.241227157038633
2007-03-07,97.60365295410156,15.239999771118164,-0.001001801117997192,17.188851610028134,-1.9488518389099703
2007-03-08,98.4288558959961,14.289999961853027,0.008454631736811935,17.538060079879305,-3.2480601180262774
2007-03-09,98.45684814453125,14.09000015258789,0.0002843906726370804,17.501862572315403,-3.4118624197275125
2007-03-12,98.60370635986328,13.989999771118164,0.0014915998033619982,17.530875980320413,-3.540876209202249
2007-03-13,96.68746948242188,18.1299991607666,-0.01943372057889914,18.525519131661834,-0.39551997089523283
2007-03-14,97.4078140258789,17.270000457763672,0.007450236802277521,18.79068802415232,-1.5206875663886485
2007-03-15,97.54072570800781,16.43000030517578,0.0013644868582471936,18.48455184522909,-2.054551540053307
2007-03-16,97.26754760742188,16.790000915527344,-0.0028006568395205766,18.24163492355565,-1.4516340080283072
2007-03-19,98.44013977050781,14.59000015258789,0.012055327721621989,18.865342122702362,-4.2753419701144715
2007-03-20,98.98079681396484,13.270000457763672,0.00549224172900864,19.023077392236235,-5.753076934472563
2007-03-21,100.60974884033203,12.1899995803833,0.016457253111720416,19.974411020292475,-7.784411439909174
2007-03-22,100.532470703125,12.930000305175781,-0.0007680979040080027,19.974277586251993,-7.044277281076212
2007-03-23,100.67996978759766,12.949999809265137,0.0014671785487916367,19.987737058579885,-7.037737249314748
2007-03-26,100.54655456542969,13.15999984741211,-0.0013251416587573006,19.95310443756651,-6.7931045901544
2007-03-27,100.30787658691406,13.479999542236328,-0.002373805642045257,19.964034375783193,-6.484034833546865
2007-03-28,99.57762145996094,14.979999542236328,-0.007280137430886402,14.524568696198356,0.4554308460379719
2007-03-29,99.68292999267578,15.140000343322754,0.001057552200693923,14.131751493312525,1.0082488500102293
2007-03-30,99.70399475097656,14.640000343322754,0.0002113176077622736,14.073649908408365,0.5663504349143889
2007-04-02,99.81631469726562,14.529999732971191,0.001126534062848794,13.145286088809785,1.3847136441614065
2007-04-03,100.89064025878906,13.460000038146973,0.010763025711596041,12.896693579688046,0.5633064584589267
2007-04-04,101.00296020507812,13.239999771118164,0.001113284106443846,11.731228916899294,1.50877085421887
2007-04-05,101.27679443359375,13.229999542236328,0.002711150524297823,11.697541489725877,1.5324580525104512
2007-04-09,101.41722106933594,13.140000343322754,0.0013865628007634356,11.443365145272825,1.696635198049929
2007-04-10,101.53660583496094,12.680000305175781,0.001177164631077643,11.436083568555516,1.2439167366202657
2007-04-11,101.1222915649414,13.489999771118164,-0.004080442384424066,11.59788977126888,1.8921099998492839
2007-04-12,101.57167053222656,12.710000038146973,0.004443915978669777,8.866106347212085,3.8438936909348875
2007-04-13,102.03511047363281,12.199999809265137,0.0045626889759502465,8.712491244369646,3.4875085648954904
2007-04-16,103.00407409667969,11.979999542236328,0.009496374518036754,9.059573323153929,2.9204262190823993
2007-04-17,103.27789306640625,12.140000343322754,0.0026583314507497846,8.84325887301202,3.2967414703107334
2007-04-18,103.4042739868164,12.420000076293945,0.0012236977019748352,8.198830714779179,4.221169361514766
2007-04-19,103.37618255615234,12.539999961853027,-0.00027166604997042043,8.164265013009423,4.375734948843604
2007-04-20,104.3521728515625,12.069999694824219,0.009441152413226517,6.866509748937502,5.203489945886717
2007-04-23,103.95899200439453,13.039999961853027,-0.0037678261642645205,7.08039074804189,5.959609213811137
2007-04-24,104.0011215209961,13.119999885559082,0.0004052512994718871,7.092573250533785,6.027426635025297
2007-04-25,104.95597839355469,13.210000038146973,0.009181217073373826,7.4781100757630155,5.731889962383957
2007-04-26,105.07537078857422,12.789999961853027,0.001137547349345347,7.313106490681879,5.476893471171149
2007-04-27,104.9910888671875,12.449999809265137,-0.0008021091979423245,6.557646108355075,5.8923537009100615
2007-04-30,104.12047576904297,14.220000267028809,-0.008292257062366915,7.547670051241993,6.672330215786816
2007-05-01,104.38725280761719,13.510000228881836,0.0025621957314714283,7.517937429160431,5.992062799721405
2007-05-02,104.99809265136719,13.079999923706055,0.0058516708440996545,7.610635516064991,5.469364407641064
2007-05-03,105.5668716430664,13.09000015258789,0.005417041179859972,7.079328067067739,6.010672085520151
2007-05-04,105.96710205078125,12.90999984741211,0.0037912500530286053,7.089769238825798,5.820230608586312
2007-05-07,105.98817443847656,13.149999618530273,0.00019885782745299174,7.124598275621996,6.025401342908277
2007-05-08,105.84771728515625,13.210000038146973,-0.0013252153276952505,7.223754341551575,5.986245696595398
2007-05-09,106.13558959960938,12.880000114440918,0.0027196837290084375,7.220085071224338,5.65991504321658
2007-05-10,105.0262451171875,13.600000381469727,-0.010452144154536769,8.18289150679939,5.417108874670337
2007-05-11,105.92495727539062,12.949999809265137,0.008557024553247139,8.468265569991694,4.481734239273443
2007-05-14,105.69322967529297,13.960000038146973,-0.0021876581880055923,8.53486621829021,5.425133819856763
2007-05-15,105.72135162353516,14.010000228881836,0.0002660714250910523,8.057025248165012,5.952974980716824
2007-05-16,106.44453430175781,13.5,0.006840460012258021,8.276206731287207,5.223793268712793
2007-05-17,106.23387908935547,13.510000228881836,-0.0019790138947403113,8.361269431593938,5.148730797287898
2007-05-18,107.16069793701172,12.760000228881836,0.008724324627896518,8.721245989589644,4.038754239292192
2007-05-21,107.10462951660156,13.300000190734863,-0.0005232181339759334,8.282923744522073,5.017076446212791
2007-05-22,107.02031707763672,13.0600004196167,-0.0007871969619368535,8.11796310218249,4.94203731743421
2007-05-23,107.03433227539062,13.239999771118164,0.00013095829031928297,8.122733252132502,5.117266518985662
2007-05-24,106.06539916992188,14.079999923706055,-0.009052544962636522,8.368999848417918,5.711000075288137
2007-05-25,106.50775146484375,13.34000015258789,0.004170561732513844,8.462894670589396,4.877105481998495
2007-05-29,106.89393615722656,13.529999732971191,0.0036258834410778373,8.505504145530939,5.024495587440253
2007-05-30,107.76453399658203,12.829999923706055,0.00814450164951297,8.174081837704602,4.655918086001453
2007-05-31,107.65225982666016,13.050000190734863,-0.001041847125005324,8.218741789015107,4.831258401719756
2007-06-01,108.18586730957031,12.779999732971191,0.004956769916111048,8.16443766005966,4.615562072911532
2007-06-04,108.19989013671875,13.289999961853027,0.00012961792050258936,8.044305332464354,5.245694629388673
2007-06-05,107.7716064453125,13.630000114440918,-0.00395826364393792,8.174950425145592,5.4550496892953255
2007-06-06,106.61307525634766,14.869999885559082,-0.010749873989794545,9.10606206490045,5.763937820658633
2007-06-07,104.68921661376953,17.059999465942383,-0.018045241054647998,11.103916120568986,5.956083345373397
2007-06-08,106.05135345458984,14.84000015258789,0.013011243038006937,12.014925525746134,2.825074626841756
2007-06-11,106.23387908935547,14.710000038146973,0.001721106132264394,11.40655338328196,3.303446654865013
2007-06-12,105.07537078857422,16.670000076293945,-0.010905262150945338,11.678483870898146,4.991516205395799
2007-06-13,106.64817810058594,14.729999542236328,0.01496837270435547,12.79821803647192,1.931781505764409
2007-06-14,107.32923889160156,13.640000343322754,0.006386051812092619,12.961123613976556,0.6788767293461984
2007-06-15,107.93992614746094,13.9399995803833,0.005689849869112917,12.898987639527219,1.041011940856082
2007-06-18,107.81300354003906,13.420000076293945,-0.0011758633894976,12.880988864797423,0.539011211496522
2007-06-19,108.0809555053711,12.850000381469727,0.0024853399546791444,12.57094779254922,0.2790525889205071
2007-06-20,106.57891845703125,14.670000076293945,-0.013897333173236048,13.517751181078763,1.1522488952151821
2007-06-21,107.1712875366211,14.210000038146973,0.005558032377938504,13.660951011418668,0.549049026728305
2007-06-22,106.16288757324219,15.75,-0.009409236247482133,14.052578130228492,1.6974218697715084
2007-06-25,105.65516662597656,16.649999618530273,-0.0047824711523162255,13.794944054900332,2.855055563629941
2007-06-26,104.5692138671875,18.889999389648438,-0.01027827406333448,14.128929752902252,4.7610696367461856
2007-06-27,106.05712890625,15.529999732971191,0.014228997082757822,15.001374895915234,0.5286248370559576
2007-06-28,106.04299926757812,15.539999961853027,-0.00013322667526072252,14.682734162030266,0.8572657998227609
2007-06-29,106.0782470703125,16.229999542236328,0.0003323916050830267,14.6867236602749,1.5432758819614278
2007-07-02,107.03727722167969,15.399999618530273,0.009040780535631399,14.949325079636624,0.45067453889364906
2007-07-03,107.42515563964844,14.920000076293945,0.0036237694758007866,15.015716904113042,-0.0957168278190963
2007-07-05,107.31237030029297,15.479999542236328,-0.0010498969136596425,14.960121441491983,0.5198781007443447
2007-07-06,107.87642669677734,14.720000267028809,0.005256210396862748,14.55465483692401,0.1653454301047983
2007-07-09,107.9610824584961,15.15999984741211,0.0007847475515359026,12.880445239321405,2.279554608090704
2007-07-10,106.42378997802734,17.56999969482422,-0.014239320739116712,13.264731717753378,4.305267977070841
2007-07-11,107.17832946777344,16.639999389648438,0.0070899513154143445,13.471069719417017,3.168929670231421
2007-07-12,108.87074279785156,15.539999961853027,0.015790629864099515,13.804332946049898,1.7356670158031289
2007-07-13,109.19512176513672,15.149999618530273,0.0029794870407695573,12.953885484659294,2.1961141338709798
2007-07-16,109.18099975585938,15.59000015258789,-0.00012932820669153688,12.818363233540897,2.771636919046994
2007-07-17,109.12460327148438,15.630000114440918,-0.0005165411976544299,12.70263207533518,2.9273680391057386
2007-07-18,108.92718505859375,16.0,-0.0018091081843338852,12.715363070857858,3.284636929142142
2007-07-19,109.35025024414062,15.229999542236328,0.0038839265452357274,12.751774828816655,2.4782247134196727
2007-07-20,108.24309539794922,16.950000762939453,-0.010124849679991721,12.269715712091719,4.6802850508477345
2007-07-23,108.57457733154297,16.809999465942383,0.003062384093646564,12.17702382205894,4.632975643883443
2007-07-24,106.69175720214844,18.549999237060547,-0.01734126142296788,13.26395111177485,5.2860481252856975
2007-07-25,106.91039276123047,18.100000381469727,0.0020492263396485466,13.146667244603746,4.9533331368659805
2007-07-26,104.3788070678711,20.739999771118164,-0.023679509802319365,15.202210616382764,5.5377891547354
2007-07-27,102.3268051147461,24.170000076293945,-0.01965918188536786,15.717409030571117,8.452591045722828
2007-07-30,103.92752075195312,20.8700008392334,0.015643170285752905,16.82143679141307,4.048564047820328
2007-07-31,102.75696563720703,23.520000457763672,-0.01126318713538732,17.18949812603778,6.330502331725892
2007-08-01,103.25758361816406,23.670000076293945,0.00487186418801544,16.9273525132036,6.742647563090344
2007-08-02,104.0826416015625,21.219999313354492,0.007990289473065904,17.164875437513672,4.05512387584082
2007-08-03,101.40304565429688,25.15999984741211,-0.025744887966269614,19.113762774556793,6.046237072855316
2007-08-06,103.10247039794922,22.940000534057617,0.016759109479275613,20.101162020838657,2.8388385132189597
2007-08-07,104.20256805419922,21.559999465942383,0.010669944687105026,20.56477203281618,0.9952274331262032
2007-08-08,105.65516662597656,21.450000762939453,0.013940141772914805,20.699871402725954,0.7501293602134993
2007-08-09,102.52423095703125,26.479999542236328,-0.029633531127057355,22.85312533563747,3.6268742065988597
2007-08-10,102.04476165771484,28.299999237060547,-0.004676643705012085,21.925113975474957,6.3748852615855895
2007-08-13,102.41139221191406,26.56999969482422,0.0035928405166842925,21.94716356613655,4.62283612868767
2007-08-14,100.84590911865234,27.68000030517578,-0.015286220209001278,22.325815978888556,5.354184326287225
2007-08-15,99.4567642211914,30.670000076293945,-0.013774925622679568,22.560319721451368,8.109680354842578
2007-08-16,100.20423126220703,30.829999923706055,0.007515497280338401,22.9190030046048,7.910996919101255
2007-08-17,102.04476165771484,29.989999771118164,0.018367791183304893,24.057114134570945,5.932885636547219
2007-08-20,101.995361328125,26.329999923706055,-0.0004841045124447385,23.937815502549903,2.392184421156152
2007-08-21,102.19985961914062,25.25,0.002004976386698054,23.908426625646023,1.3415733743539775
2007-08-22,103.41273498535156,22.889999389648438,0.011867681332742075,23.80603560791643,-0.916036218267994
2007-08-23,103.32107543945312,22.6200008392334,-0.0008863467919247858,23.774490442655548,-1.1544896034221495
2007-08-24,104.597412109375,20.719999313354492,0.012353110577810522,22.798935301988895,-2.0789359886344023
2007-08-27,103.62432098388672,22.719999313354492,-0.009303204600040638,21.928028271860295,0.7919710414941967
2007-08-28,101.34661102294922,26.299999237060547,-0.021980457283688026,22.5598018069208,3.740197430139748
2007-08-29,103.33516693115234,23.809999465942383,0.01962133600849092,23.330412332923995,0.47958713301838785
2007-08-30,103.06012725830078,25.059999465942383,-0.0026616270241747175,23.29320350552549,1.7667959604168928
2007-08-31,104.07561492919922,23.3799991607666,0.009853351610495276,23.382378353643727,-0.0023791928771252913
2007-09-04,105.12629699707031,22.780000686645508,0.010095372182867823,21.620548702503786,1.1594519841417217
2007-09-05,104.21664428710938,24.579999923706055,-0.008652951125885155,21.194153012630444,3.3858469110756104
2007-09-06,104.45643615722656,23.989999771118164,0.0023008980164107573,20.88908093613006,3.1009188349881036
2007-09-07,103.00375366210938,26.229999542236328,-0.01390706545770548,20.80815503322433,5.421844509011997
2007-09-10,102.80632019042969,27.3799991607666,-0.0019167599690331771,18.0571475744689,9.322851586297702
2007-09-11,104.00509643554688,25.270000457763672,0.011660530625905885,18.385941702496805,6.884058755266867
2007-09-12,104.27307891845703,24.959999084472656,0.002576628377785495,18.371043029519285,6.588956054953371
2007-09-13,105.00641632080078,24.760000228881836,0.007032854596316529,17.496003101893116,7.26399712698872
2007-09-14,104.99935150146484,24.920000076293945,-6.727988234889182e-05,16.559545150179503,8.360454926114443
2007-09-17,104.43523406982422,26.479999542236328,-0.0053725801500094095,16.682581488979285,9.797418053257044
2007-09-18,107.50980377197266,20.350000381469727,0.02943996563547513,18.401689744637398,1.9483106368323284
2007-09-19,108.14440155029297,20.030000686645508,0.005902696833735233,18.401955236028083,1.6280454506174245
2007-09-20,107.38282775878906,20.450000762939453,-0.0070421934060981295,18.718780231739476,1.7312205311999769
2007-09-21,107.67261505126953,19.0,0.0026986371892852024,18.40276696327122,0.597233036728781
2007-09-24,107.47425079345703,19.3700008392334,-0.0018422907042616732,18.42454558425142,0.9454552549819795
2007-09-25,107.26166534423828,18.600000381469727,-0.001978012850978539,18.069634123026763,0.5303662584429638
2007-09-26,107.82853698730469,17.6299991607666,0.005284941654104758,17.69794187863498,-0.06794271786837669
2007-09-27,108.46614837646484,17.0,0.005913197071710563,15.438255650911481,1.561744349088519
2007-09-28,108.10479736328125,18.0,-0.0033314634896909334,14.389436280480986,3.610563719519014
2007-10-01,109.3234634399414,17.84000015258789,0.011273006438048183,14.605501088732476,3.2344990638554147
2007-10-02,109.17469024658203,18.489999771118164,-0.0013608532759402658,14.444028507483079,4.045971263635085
2007-10-03,108.95503997802734,18.799999237060547,-0.0020119156560791662,14.230092651645846,4.569906585414701
2007-10-04,109.12504577636719,18.440000534057617,0.0015603298238808794,13.720666627942979,4.719333906114638
2007-10-05,110.42162322998047,16.90999984741211,0.011881575346785134,14.122482522501176,2.787517324910933
2007-10-08,109.83361053466797,17.459999084472656,-0.0053251589508679364,13.130072871386341,4.329926213086315
2007-10-09,110.86798095703125,16.1200008392334,0.009417612853915847,13.172041569073947,2.9479592701594513
2007-10-10,110.68379974365234,16.670000076293945,-0.0016612660552579595,12.95579793948431,3.714202136809636
2007-10-11,110.15239715576172,18.8799991607666,-0.004801087323721975,13.235198699845736,5.644800460920866
2007-10-12,110.76170349121094,17.729999542236328,0.005531485026037286,13.182641557449987,4.547357984786341
2007-10-15,109.82650756835938,19.25,-0.008443314732205942,13.703345086964926,5.5466549130350735
2007-10-16,108.95503997802734,20.020000457763672,-0.007934947669983927,13.908448681811658,6.111551775952014
2007-10-17,109.28809356689453,18.540000915527344,0.0030567983723777115,9.742075641516752,8.797925274010591
2007-10-18,108.8912582397461,18.5,-0.003631093874883473,9.67235815089183,8.82764184910817
2007-10-19,106.04302215576172,22.959999084472656,-0.026156701006369243,13.152313395640897,9.807685688831759
2007-10-22,106.659423828125,21.639999389648438,0.005812750898950059,13.293158609490094,8.346840780158344
2007-10-23,107.52384948730469,20.40999984741211,0.0081045408661935,13.601724179149535,6.808275668262574
2007-10-24,107.325439453125,20.799999237060547,-0.00184526535392604,13.59929901938351,7.200700217677037
2007-10-25,107.58053588867188,21.170000076293945,0.002376849671864578,13.495528340739412,7.674471735554533
2007-10-26,108.84160614013672,19.559999465942383,0.011722104198940153,13.962244728384576,5.597754737557807
2007-10-29,109.20301055908203,19.8700008392334,0.0033204620159683618,13.940286885554794,5.929713953678604
2007-10-30,108.44486999511719,21.06999969482422,-0.006942487758198501,13.593420482855528,7.476579211968691
2007-10-31,109.57142639160156,18.530000686645508,0.010388286661555224,14.083691243032199,4.446309443613309
2007-11-01,107.00663757324219,23.209999084472656,-0.02340746034639518,16.286957508361066,6.92304157611159
2007-11-02,107.12709045410156,23.010000228881836,0.0011256580301097774,16.279686591865943,6.730313637015893
2007-11-05,106.3122787475586,24.309999465942383,-0.0076060285319899945,15.753721797088696,8.556277668853687
2007-11-06,107.74346923828125,21.389999389648438,0.01346213727692791,16.542141585368313,4.847857804280125
2007-11-07,104.79605102539062,26.489999771118164,-0.027355887402996326,18.456786251028348,8.033213520089816
2007-11-08,104.26466369628906,26.15999984741211,-0.005070680850109643,18.472403173792756,7.687596673619353
2007-11-09,102.83343505859375,28.5,-0.013726881063600982,18.85060503326792,9.649394966732078
2007-11-12,101.8132095336914,31.09000015258789,-0.009921146019492899,18.708147033195647,12.381853119392243
2007-11-13,104.91650390625,24.100000381469727,0.030480272518387475,22.081593307933577,2.0184070735361495
2007-11-14,104.62601470947266,25.940000534057617,-0.0027687655036324754,21.981385961476906,3.9586145725807107
2007-11-15,103.11688232421875,28.059999465942383,-0.01442406450675282,22.3224502479856,5.737549217956783
2007-11-16,103.29402923583984,25.489999771118164,0.0017179234634354668,22.37027695513107,3.1197228159870924
2007-11-19,101.85575103759766,26.010000228881836,-0.013924117481740605,21.099741765676068,4.910258463205768
2007-11-20,102.4792251586914,24.8799991607666,0.006121147944445626,21.114087045766542,3.7659121150000594
2007-11-21,100.38202667236328,26.84000015258789,-0.020464620834911296,21.7327693153473,5.107230837240589
2007-11-23,102.1178970336914,25.610000610351562,0.017292641111877893,22.862477887336073,2.7475227230154893
2007-11-26,99.86479949951172,28.90999984741211,-0.022063689124310226,23.785979719244153,5.124020128167956
2007-11-27,101.01261901855469,26.280000686645508,0.011493734777373588,23.767773517913774,2.5122271687317337
2007-11-28,104.243408203125,24.110000610351562,0.03198401562063102,26.689750729949147,-2.579750119597584
2007-11-29,104.27884674072266,23.969999313354492,0.00033995950639487127,26.641644808665156,-2.6716454953106634
2007-11-30,105.32740783691406,22.8700008392334,0.010055357620117666,26.62280690310826,-3.7528060638748606
2007-12-03,104.63308715820312,23.610000610351562,-0.006592022845430701,25.51300809209823,-1.9030074817466662
2007-12-04,103.69786071777344,23.790000915527344,-0.00893815203039594,25.647921030055272,-1.8579201145279285
2007-12-05,105.43372344970703,22.530000686645508,0.016739619505343084,26.28716722245202,-3.757166535806512
2007-12-06,106.94288635253906,20.959999084472656,0.014313853797944587,26.34479993386989,-5.384800849397234
2007-12-07,106.92159271240234,20.850000381469727,-0.00019911226321800424,24.43097439950681,-3.5809740180370824
2007-12-10,107.75054931640625,20.739999771118164,0.007752939167616324,24.428790633018572,-3.688790861900408
2007-12-11,104.79605102539062,23.59000015258789,-0.027419797947756397,25.9311920143587,-2.3411918617708096
2007-12-12,105.83052062988281,22.469999313354492,0.009871265132324059,25.784247123775074,-3.314247810420582
2007-12-13,105.61083984375,22.559999465942383,-0.0020757791308718687,23.624404960524654,-1.064405494582271
2007-12-14,104.2717514038086,23.270000457763672,-0.012679460194830128,24.03876345989467,-0.7687630021309992
2007-12-17,102.78389739990234,24.520000457763672,-0.014269003674296288,24.02713991751451,0.49286054024916126
2007-12-18,103.35779571533203,22.639999389648438,0.005583543044654249,24.10008014253245,-1.4600807528840107
2007-12-19,103.35779571533203,21.68000030517578,0.0,23.552776387914477,-1.872776082738696
2007-12-20,104.00957489013672,20.579999923706055,0.006306047553489069,23.558124127016328,-2.978124203310273
2007-12-21,105.50894927978516,18.469999313354492,0.014415734236316258,22.670956448204564,-4.200957134850071
2007-12-24,106.29243469238281,18.600000381469727,0.00742577210697104,22.10891324218518,-3.508912860715455
2007-12-26,106.52035522460938,18.65999984741211,0.0021442780277465268,20.305560548799665,-1.6455607013875557
2007-12-27,105.18128967285156,20.260000228881836,-0.012570982784785634,20.76631321254248,-0.5063129836606457
2007-12-28,104.91776275634766,20.739999771118164,-0.0025054543191432854,17.704772264523193,3.035227506594971
2007-12-31,104.14141082763672,22.5,-0.0073996233651481,17.908072410787277,4.591927589212723
2008-01-02,103.22967529296875,23.170000076293945,-0.008754783783148201,17.761881039081942,5.408119037212003
2008-01-03,103.1798324584961,22.489999771118164,-0.0004828343626113174,17.640763569369426,4.849236201748738
2008-01-04,100.6512451171875,23.940000534057617,-0.024506604450300062,19.31237644181373,4.627624092243888
2008-01-07,100.56575775146484,23.790000915527344,-0.0008493423566009461,18.163702070917033,5.626298844610311
2008-01-08,98.94180297851562,25.43000030517578,-0.0161481881035751,17.73738360396249,7.692616701213293
2008-01-09,99.98170471191406,24.1200008392334,0.010510236341905399,18.375353277013755,5.744647562219644
2008-01-10,100.63697052001953,23.450000762939453,0.006553857128096974,18.290401369792562,5.159599393146891
2008-01-11,99.82498931884766,23.68000030517578,-0.008068418564034063,16.164339614859735,7.5156606903160466
2008-01-14,100.62989044189453,22.899999618530273,0.008063122556176472,16.00467756852948,6.895322050000793
2008-01-15,98.41470336914062,23.34000015258789,-0.02201321161164327,17.392014731023174,5.9479854215647165
2008-01-16,97.56709289550781,24.3799991607666,-0.008612640638193447,17.171248007274787,7.208751153491814
2008-01-17,95.0385513305664,28.459999084472656,-0.0259159260556161,18.544545883184455,9.915453201288202
2008-01-18,94.06272888183594,27.18000030517578,-0.010267648602263812,18.36122701549655,8.818773289679232
2008-01-22,93.10828399658203,31.010000228881836,-0.010146897677749789,18.39035726514389,12.619642963737945
2008-01-23,95.34479522705078,29.020000457763672,0.024020539682063635,20.6366118157078,8.383388642055873
2008-01-24,96.14969635009766,27.780000686645508,0.008442003794020492,20.05865955055012,7.721341136095386
2008-01-25,94.76075744628906,29.079999923706055,-0.014445588041705593,19.872583879909776,9.207416043796279
2008-01-28,96.3277587890625,27.780000686645508,0.016536395286430805,21.143799006719984,6.636201679925524
2008-01-29,96.80497741699219,27.31999969482422,0.0049541132683745825,21.19259021373534,6.127409481088879
2008-01-30,96.09268188476562,27.6200008392334,-0.007358046571906307,21.220191635943557,6.399809203289841
2008-01-31,97.84490203857422,26.200000762939453,0.018234688838322244,22.533771787221184,3.666228975718269
2008-02-01,99.41900634765625,24.020000457763672,0.016087749860094425,23.34489254273145,0.6751079150322212
2008-02-04,98.1654281616211,25.989999771118164,-0.012609039579932535,23.642161193666276,2.3478385774518884
2008-02-05,95.53714752197266,28.239999771118164,-0.026773994560704173,23.92233023279322,4.317669538324942
2008-02-06,94.7679214477539,28.969999313354492,-0.008051591387965962,23.99457221739113,4.9754270959633615
2008-02-07,95.3946533203125,27.65999984741211,0.006613333530841592,23.682412679923058,3.9775871674890517
2008-02-08,94.78211212158203,28.010000228881836,-0.0064211271534653225,23.312120498207925,4.697879730673911
2008-02-11,95.2664566040039,27.600000381469727,0.005110083238075269,23.247234768553977,4.35276561291575
2008-02-12,96.14969635009766,26.329999923706055,0.009271256406282902,23.499091446069492,2.8309084776365623
2008-02-13,97.13262176513672,24.8799991607666,0.010222865514416757,23.62350197941218,1.2564971813544226
2008-02-14,96.27789306640625,25.540000915527344,-0.008799604944229489,22.604724889155055,2.9352760263722892
2008-02-15,96.25650787353516,25.020000457763672,-0.00022211945224381857,22.432467408893782,2.58753304886989
2008-02-19,96.5272216796875,25.59000015258789,0.0028124208132298545,20.459843117220636,5.1301570353672545
2008-02-20,96.81209564208984,24.399999618530273,0.0029512292744491297,20.065910064811515,4.3340895537187585
2008-02-21,96.00719451904297,25.1200008392334,-0.00831405536372809,19.942116272122277,5.177884567111121
2008-02-22,96.598388671875,24.059999465942383,0.00615781094108292,18.296621371734375,5.763378094208008
2008-02-25,97.81640625,23.030000686645508,0.012609087945165909,18.57404332051974,4.455957366125769
2008-02-26,98.55005645751953,21.899999618530273,0.007500277669621802,17.832863025452504,4.06713659307777
2008-02-27,98.45034790039062,22.690000534057617,-0.001011755454162433,17.040194584912783,5.6498059491448345
2008-02-28,97.48873138427734,23.530000686645508,-0.00976752786172197,17.37967612863854,6.150324558006968
2008-02-29,95.31631469726562,26.540000915527344,-0.022283772249005573,18.91925777713638,7.620743138390964
2008-03-03,95.08837890625,26.280000686645508,-0.0023913617699086176,17.67926601281177,8.600734673833738
2008-03-04,94.7251205444336,25.520000457763672,-0.0038202182642587124,16.519151269403547,9.000849188360124
2008-03-05,95.32347869873047,24.600000381469727,0.00631678430027649,16.323358021611458,8.276642359858268
2008-03-06,93.35042572021484,27.549999237060547,-0.02069849952446079,15.229984205887238,12.320015031173309
2008-03-07,92.38888549804688,27.489999771118164,-0.010300330338608665,15.379285513732373,12.11071425738579
2008-03-10,91.1708755493164,29.3799991607666,-0.01318351165472409,15.644410836031323,13.735588324735279
2008-03-11,94.44734954833984,26.360000610351562,0.03593772659615535,20.34741003656671,6.012590573784852
2008-03-12,93.56415557861328,27.219999313354492,-0.009351177920292275,20.497800638740994,6.722198674613498
2008-03-13,93.77069091796875,27.290000915527344,0.00220741947680958,20.205364934339563,7.08463598118778
2008-03-14,92.31765747070312,31.15999984741211,-0.015495603509381728,20.350530722926372,10.809469124485737
2008-03-17,91.38458251953125,32.2400016784668,-0.010107220836577113,20.407786291034554,11.832215387432242
2008-03-18,95.18096160888672,25.790000915527344,0.041542883763178384,25.47046483102891,0.3195360844984343
2008-03-19,92.82339477539062,29.84000015258789,-0.024769310938291378,26.78825835124202,3.0517418013458695
2008-03-20,94.54270935058594,26.6200008392334,0.018522427232440908,27.659792495653978,-1.0397916564205794
2008-03-24,96.43243408203125,25.729999542236328,0.019988053488479762,28.441493077690165,-2.7114935354538368
2008-03-25,96.52545166015625,25.719999313354492,0.0009645880974638033,28.364942359793943,-2.644943046439451
2008-03-26,95.34442138671875,26.079999923706055,-0.012235428616233057,28.291605492334597,-2.211605568628542
2008-03-27,95.04377746582031,25.8799991607666,-0.0031532408139436363,28.125264959666502,-2.2452657988999007
2008-03-28,94.13471984863281,25.709999084472656,-0.009564620024855586,28.25939295319591,-2.5493938687232536
2008-03-31,94.46397399902344,25.610000610351562,0.003497690872401371,28.17244490274794,-2.5624442923963784
2008-04-01,97.78523254394531,22.68000030517578,0.03515899664517841,29.77645425201113,-7.09645394683535
2008-04-02,97.8497314453125,23.43000030517578,0.0006595975659025033,29.74645356155407,-6.3164532563782885
2008-04-03,98.09310913085938,23.209999084472656,0.002487259616884119,29.683707782084245,-6.473708697611588
2008-04-04,97.98570251464844,22.450000762939453,-0.0010949455793847207,29.65356383039946,-7.203563067460006
2008-04-07,98.03584289550781,22.420000076293945,0.0005117111943131469,28.544565942299805,-6.1245658660058595
2008-04-08,97.93560791015625,22.360000610351562,-0.0010224320247687047,28.199735017423066,-5.839734407071504
2008-04-09,97.22697448730469,22.809999465942383,-0.007235707603935437,27.84457966936358,-5.034580203421196
2008-04-10,97.36296081542969,21.979999542236328,0.0013986481513188487,25.17207273530398,-3.192073193067653
2008-04-11,95.4732666015625,23.459999084472656,-0.01940875871112291,25.950807019733823,-2.4908079352611665
2008-04-14,95.15116119384766,23.81999969482422,-0.0033737759184367944,25.992464337021413,-2.1724646421971947
2008-04-15,95.37303924560547,22.780000686645508,0.0023318480717833268,25.306863822803223,-2.526863136157715
2008-04-16,97.95707702636719,20.530000686645508,0.027094006872395937,26.383488733155254,-5.853488046509746
2008-04-17,98.10025787353516,20.3700008392334,0.0014616692485569516,22.450849833380264,-2.0808489941468657
2008-04-18,99.12383270263672,20.1299991607666,0.01043396675288144,20.479470878365685,-0.3494717175990836
2008-04-21,99.17394256591797,20.5,0.0005055279029775317,19.71907414272957,0.7809258572704287
2008-04-22,98.73731994628906,20.8700008392334,-0.004402594152578931,18.75726608571483,2.11273475351857
2008-04-23,98.57984924316406,20.260000228881836,-0.0015948448186628994,18.782098857557898,1.477901371323938
2008-04-24,99.00930786132812,20.059999465942383,0.0043564544017988815,18.17066662425202,1.8893328416903614
2008-04-25,99.92552185058594,19.59000015258789,0.00925381672742387,18.247549427041893,1.3424507255459979
2008-04-28,99.94699096679688,19.639999389648438,0.00021485117929165298,17.743733077181936,1.8962663124665013
2008-04-29,99.55329132080078,20.239999771118164,-0.0039390845305876665,17.89933915209609,2.3406606190220742
2008-04-30,98.96637725830078,20.790000915527344,-0.005895476228995,13.616175145617005,7.173825769910339
2008-05-01,101.01355743408203,18.8799991607666,0.020685612957602073,15.290254469509195,3.5897446912574065
2008-05-02,101.29271697998047,18.18000030517578,0.0027635849383940148,15.292664499459093,2.8873358057166882
2008-05-05,100.80596160888672,18.899999618530273,-0.004805433061786157,15.427665095423754,3.47233452310652
2008-05-06,101.67919921875,18.209999084472656,0.00866255919715675,15.625848685586538,2.584150398886118
2008-05-07,99.86824798583984,19.729999542236328,-0.017810439567035985,17.025409180072764,2.7045903621635645
2008-05-08,99.61062622070312,19.399999618530273,-0.0025796163478630785,16.817246426946095,2.582753191584178
2008-05-09,99.42448425292969,19.40999984741211,-0.0018686958895430816,16.850616039517316,2.5593838078947933
2008-05-12,100.54109954833984,17.790000915527344,0.011230787907026585,15.447287059960372,2.3427138555669718
2008-05-13,100.55542755126953,17.979999542236328,0.0001425089142057523,15.32606052356289,2.6539390186734373
2008-05-14,100.76297760009766,17.65999984741211,0.002064036262212632,15.327103735779984,2.3328961116321256
2008-05-15,102.02279663085938,16.299999237060547,0.012502796768884883,13.063110786686147,3.2368884503743995
2008-05-16,102.11585998535156,16.469999313354492,0.000912181958988123,13.067194182150432,3.40280513120406
2008-05-19,102.39501190185547,17.010000228881836,0.002733678358522784,12.704059737142229,4.305940491739607
2008-05-20,101.5646743774414,17.579999923706055,-0.008109159899409302,13.138733126275124,4.441266797430931
2008-05-21,99.84678649902344,18.59000015258789,-0.01691422622036709,14.45591050264363,4.134089649944261
2008-05-22,99.86111450195312,18.049999237060547,0.00014349989050299605,14.435611614320745,3.6143876227398017
2008-05-23,98.52252960205078,19.549999237060547,-0.013404465858191106,15.154927645111224,4.395071591949323
2008-05-27,99.25270080566406,19.639999389648438,0.00741121047706117,15.023100687774035,4.616898701874403
2008-05-28,99.7108154296875,19.06999969482422,0.004615638872340844,15.118375627717128,3.9516240671070904
2008-05-29,100.21183013916016,18.139999389648438,0.005024677687306189,15.148141046712905,2.991858342935533
2008-05-30,100.46233367919922,17.829999923706055,0.002499740197252187,14.989836537403251,2.8401633863028035
2008-06-02,99.42448425292969,19.829999923706055,-0.010330731810228921,13.578428585708485,6.25157133799757
2008-06-03,98.84465789794922,20.239999771118164,-0.005831826630404491,13.626968990712749,6.613030780405415
2008-06-04,98.79458618164062,20.799999237060547,-0.0005065697769958133,13.562053633213763,7.237945603846784
2008-06-05,100.77017974853516,18.6299991607666,0.019996982053877677,15.057509272801676,3.5724898879649256
2008-06-06,97.55622863769531,23.559999465942383,-0.03189387097313934,17.67411243182119,5.885887034121193
2008-06-09,97.79244232177734,23.1200008392334,0.0024213080741291026,17.70464270783311,5.415358131400289
2008-06-10,97.30567932128906,23.18000030517578,-0.004977511440880433,17.760572404696575,5.4194279004792065
2008-06-11,95.8741226196289,24.1200008392334,-0.014711954241985903,17.789571765172635,6.330429074060763
2008-06-12,96.2391128540039,23.329999923706055,0.003806973398057245,17.895361635017228,5.434638288688827
2008-06-13,97.45600891113281,21.219999313354492,0.012644506178843828,18.56294445779588,2.657054855558613
2008-06-16,97.51329040527344,20.950000762939453,0.0005877676992995795,17.874776853714415,3.0752239092250377
2008-06-17,97.04088592529297,21.1299991607666,-0.00484451378901396,17.86420185451205,3.2657973062545516
2008-06-18,96.09600067138672,22.239999771118164,-0.0097369809116713,17.938020089975993,4.301979681142171
2008-06-19,96.21766662597656,21.579999923706055,0.001266087597192378,17.89271093496549,3.6872889887405655
2008-06-20,94.65595245361328,22.8700008392334,-0.01623105430766758,17.824855918823086,5.045144920410312
2008-06-23,94.56239318847656,22.639999389648438,-0.000988413963533552,17.80818058083816,4.831818808810276
2008-06-24,94.3753662109375,22.420000076293945,-0.001977815611818201,17.363570097264464,5.056429979029481
2008-06-25,94.82137298583984,21.139999389648438,0.004725881263395237,17.204596566113484,3.935402823534954
2008-06-26,92.2459945678711,23.93000030517578,-0.02716031562159882,19.05931425700886,4.87068604816692
2008-06-27,91.74241638183594,23.440000534057617,-0.005459079154538693,18.803809807084054,4.636190726973563
2008-06-30,92.066162109375,23.950000762939453,0.0035288554662831206,18.852833649238384,5.097167113701069
2008-07-01,92.3539047241211,23.649999618530273,0.0031253894824490036,18.866909681576814,4.783089936953459
2008-07-02,90.7712631225586,25.920000076293945,-0.017136704791098523,19.44513959544577,6.474860480848175
2008-07-03,90.86479187011719,24.780000686645508,0.001030378385638464,19.486947657735204,5.293053028910304
2008-07-07,89.9367904663086,25.780000686645508,-0.010212992124992604,17.530034059768916,8.249966626876592
2008-07-08,91.53382110595703,23.149999618530273,0.0177572563059909,16.459592040691476,6.690407577838798
2008-07-09,89.77132415771484,25.229999542236328,-0.019255144458592777,17.25710235127276,7.972897190963568
2008-07-10,90.13822937011719,25.59000015258789,0.004087109284004242,17.477374314636595,8.112625837951295
2008-07-11,89.0879135131836,27.489999771118164,-0.01165227966283744,17.262616247824102,10.227383523294062
2008-07-14,88.28218841552734,28.479999542236328,-0.009044157236177908,17.157192074330585,11.322807467905744
2008-07-15,87.03768157958984,28.540000915527344,-0.014096918736085762,16.36195002829109,12.178050887236253
2008-07-16,89.17424011230469,25.100000381469727,0.024547511996411808,19.294109872350955,5.805890509118772
2008-07-17,90.0662841796875,25.010000228881836,0.01000338288567848,19.90533109400446,5.104669134877376
2008-07-18,90.62740325927734,24.049999237060547,0.006230068051551685,20.039992338315724,4.010006898744823
2008-07-21,90.67776489257812,23.049999237060547,0.0005556998379032674,20.023736806710367,3.0262624303501795
2008-07-22,91.70648193359375,21.18000030517578,0.01134475515838207,19.96191141860585,1.2180888865699302
2008-07-23,92.20281982421875,21.309999465942383,0.005412244370953001,20.102430913910183,1.2075685520321997
2008-07-24,90.28924560546875,23.440000534057617,-0.020753966336367613,21.223647991310067,2.2163525427475506
2008-07-25,90.26771545410156,22.90999984741211,-0.00023845753968598782,21.094104040621403,1.8158958067907065
2008-07-28,88.94405364990234,24.229999542236328,-0.014663734398731476,19.628436927064968,4.6015626151713604
2008-07-29,90.84322357177734,22.030000686645508,0.021352410239254827,21.115863595687756,0.9141370909577518
2008-07-30,92.4618148803711,21.209999084472656,0.017817413836210605,22.01070080221197,-0.8007017177393152
2008-07-31,91.2388687133789,22.940000534057617,-0.013226499702330696,22.46990752539691,0.470093008660708
2008-08-01,90.75690460205078,22.56999969482422,-0.005282442868095871,21.725798822823513,0.8442008720007053
2008-08-04,89.91521453857422,23.489999771118164,-0.00927411602640249,21.96106283053874,1.528936940579424
2008-08-05,92.33953094482422,21.139999389648438,0.026962249033059438,23.585683231729213,-2.4456838420807756
2008-08-06,92.74955749511719,20.229999542236328,0.004440422710593639,22.859177476072354,-2.6291779338360257
2008-08-07,91.36836242675781,21.149999618530273,-0.014891662080782297,22.424418630706047,-1.2744190121757732
2008-08-08,93.06608581542969,20.65999984741211,0.01858108587677476,23.228810869732403,-2.5688110223202933
2008-08-11,94.0300521850586,20.1200008392334,0.010357869477187087,22.89254428412873,-2.77254344489533
2008-08-12,93.05168151855469,21.170000076293945,-0.010404872099596396,22.9849643616106,-1.8149642853166554
2008-08-13,92.49060821533203,21.549999237060547,-0.006029695477461905,22.408874706248827,-0.8588754691882805
2008-08-14,93.18836975097656,20.34000015258789,0.007544133930009744,21.0829516632721,-0.7429515106842111
2008-08-15,93.64154815673828,19.579999923706055,0.004863036095305917,20.917240441902802,-1.3372405181967473
2008-08-18,92.361083984375,20.979999542236328,-0.013674102976384273,21.53005352607166,-0.5500539838353333
2008-08-19,91.35400390625,21.280000686645508,-0.01090372735659284,21.92158357438617,-0.6415828877406611
2008-08-20,91.77836608886719,20.420000076293945,0.004645249955904207,21.622650757841186,-1.2026506815472402
2008-08-21,91.93669891357422,19.81999969482422,0.0017251649975302819,21.54664957107307,-1.7266498762488496
2008-08-22,93.26750946044922,18.809999465942383,0.014475291832329429,20.721652002008778,-1.911652536066395
2008-08-25,91.37553405761719,20.969999313354492,-0.020285471476370165,22.068953975426314,-1.0989546620718222
2008-08-26,91.6417007446289,20.489999771118164,0.0029128878945199332,21.358398082786106,-0.8683983116679421
2008-08-27,92.53375244140625,19.760000228881836,0.009734124198143679,20.35396272937699,-0.5939625004951523
2008-08-28,93.6559829711914,19.43000030517578,0.012127796616653752,19.849269417929694,-0.41926911275391276
2008-08-29,92.6488265991211,20.649999618530273,-0.010753785717887543,19.64836578539789,1.0016338331323844
2008-09-02,92.07331848144531,21.989999771118164,-0.006211715126905215,19.687230476136694,2.30276929498147
2008-09-03,91.99418640136719,21.43000030517578,-0.000859446377987072,19.359972524536467,2.0700277806393146
2008-09-04,89.22461700439453,24.030000686645508,-0.030105917616240707,19.863316431688418,4.16668425495709
2008-09-05,89.5051498413086,23.059999465942383,0.0031441192613945734,19.81902028404313,3.2409791818992524
2008-09-08,91.35400390625,22.639999389648438,0.020656398745987126,20.62861781710557,2.0113815725428665
2008-09-09,88.64189910888672,25.469999313354492,-0.02968785911284766,21.908942577915187,3.561056735439305
2008-09-10,89.00159454345703,24.520000457763672,0.0040578489200515655,21.55893202039491,2.9610684373687626
2008-09-11,90.28924560546875,24.389999389648438,0.01446773025378767,22.12773255923613,2.262266830412308
2008-09-12,90.70652770996094,25.65999984741211,0.004621614697231546,22.150962438718395,3.5090374086937146
2008-09-15,86.39024353027344,31.700000762939453,-0.04758515499004723,27.18427359075927,4.515727172180185
2008-09-16,87.8362045288086,30.299999237060547,0.01673754974458963,27.942932082731115,2.3570671543294317
2008-09-17,83.88681030273438,36.220001220703125,-0.04496317033802266,31.357492120242565,4.86250910046056
2008-09-18,86.37586212158203,33.099998474121094,0.02967155158081547,33.37939630251549,-0.2793978283943943
2008-09-19,89.80618286132812,32.06999969482422,0.03971388134937048,36.39333160919859,-4.323331914374371
2008-09-22,87.77302551269531,33.849998474121094,-0.022639391674983633,37.15267462061198,-3.3026761464908887
2008-09-23,85.77604675292969,35.720001220703125,-0.022751622700721286,37.31773924908442,-1.5977380283812934
2008-09-24,86.05097961425781,35.189998626708984,0.003205240527347275,36.88814115597715,-1.6981425292681678
2008-09-25,87.39678192138672,32.81999969482422,0.015639593101226312,37.387666862302,-4.567667167477779
2008-09-26,87.440185546875,34.7400016784668,0.0004966272731565802,37.158934891547744,-2.4189332130809476
2008-09-29,80.58824920654297,46.720001220703125,-0.07836141126048779,45.07138163607124,1.6486195846318878
2008-09-30,83.92378234863281,39.38999938964844,0.041389820165233626,48.009809081954266,-8.619809692305829
2008-10-01,83.97440338134766,39.810001373291016,0.0006031786377853621,48.03285586838497,-8.222854495093955
2008-10-02,80.9283218383789,45.2599983215332,-0.036273928963040936,49.297530496758206,-4.037532175225003
2008-10-03,79.83573913574219,45.13999938964844,-0.0135006222521048,48.58869570230226,-3.448696312653823
2008-10-06,75.76945495605469,52.04999923706055,-0.05093313124807086,51.021200523290034,1.028798713770513
2008-10-07,72.37603759765625,53.68000030517578,-0.04478608642977011,51.520570678001846,2.1594296271739353
2008-10-08,70.55268859863281,57.529998779296875,-0.025192716533606996,51.33301852552441,6.196980253772466
2008-10-09,65.6253433227539,63.91999816894531,-0.0698392275864933,54.98114333871273,8.938854830232586
2008-10-10,64.03353881835938,69.94999694824219,-0.02425594174137624,54.09989942916245,15.850097519079739
2008-10-13,73.33111572265625,54.9900016784668,0.145198548696033,77.5690010132185,-22.5789993347517
2008-10-14,72.24575805664062,55.130001068115234,-0.014800779387027618,76.3342948004076,-21.20429373229237
2008-10-15,65.13335418701172,69.25,-0.09844735609325028,81.9638127729606,-12.713812772960594
2008-10-16,67.84664154052734,67.61000061035156,0.04165741788339661,83.17739172231592,-15.567391111964355
2008-10-17,67.44145202636719,70.33000183105469,-0.00597213811855557,82.00993583371296,-11.679934002658271
2008-10-20,71.49333190917969,52.970001220703125,0.06007996211630151,83.86271109120773,-30.892709870504603
2008-10-21,69.35885620117188,53.11000061035156,-0.029855591437804363,84.04224102474835,-30.932240414396787
2008-10-22,65.5819320678711,69.6500015258789,-0.054454821491663585,85.36299045642077,-15.712988930541869
2008-10-23,66.34169006347656,67.80000305175781,0.011584867533624754,85.59209946133296,-17.79209640957515
2008-10-24,62.9771842956543,79.12999725341797,-0.05071480338536849,86.07952552844576,-6.949528275027788
2008-10-27,60.74142074584961,80.05999755859375,-0.035501167205390094,86.21283560917486,-6.15283805058111
2008-10-28,67.83943176269531,66.95999908447266,0.11685619021894045,94.49599616136555,-27.535997076892897
2008-10-29,67.34740447998047,69.95999908447266,-0.007252821403869847,92.87632094912799,-22.91632186465533
2008-10-30,69.67721557617188,62.900001525878906,0.03459392554443519,94.05109404140191,-31.151092515523004
2008-10-31,70.06068420410156,59.88999938964844,0.005503501033425673,93.53752655968589,-33.64752717003745
2008-11-03,70.26325225830078,53.68000030517578,0.0028913228082256826,93.52747312211078,-39.847472816934996
2008-11-04,72.6509780883789,47.72999954223633,0.033982569171441046,92.83416737833163,-45.1041678360953
2008-11-05,69.59759521484375,54.560001373291016,-0.042028104147761924,92.67285108202753,-38.11284970873652
2008-11-06,65.74113464355469,63.68000030517578,-0.05541083078207509,94.27359816699934,-30.593597861823554
2008-11-07,67.91175842285156,56.099998474121094,0.033017741343618345,91.6050829164939,-35.505084442372805
2008-11-10,67.02178192138672,59.97999954223633,-0.013104895560551055,91.26516568046225,-31.285166138225918
2008-11-11,64.95246887207031,61.439998626708984,-0.030875231752918952,75.97007613502986,-14.530077508320872
2008-11-12,62.09447479248047,66.45999908447266,-0.044001315565370125,77.12494591728672,-10.664946832814067
2008-11-13,65.9654541015625,59.83000183105469,0.06234015702715623,72.85292771420039,-13.022925883145703
2008-11-14,62.673301696777344,66.30999755859375,-0.04990721961401878,73.410165815553,-7.10016825695925
2008-11-17,61.84122848510742,69.1500015258789,-0.0132763583398815,73.49383344445296,-4.343831918574054
2008-11-18,63.0061149597168,67.63999938964844,0.01883672920388224,70.3462993944488,-2.7063000048003687
2008-11-19,58.968772888183594,74.26000213623047,-0.06407857513694493,72.82017109026873,1.4398310459617392
2008-11-20,54.59132385253906,80.86000061035156,-0.07423334116083846,74.75070607139517,6.109294538956391
2008-11-21,57.5361328125,72.66999816894531,0.053942801752076885,77.51356726474185,-4.843569095796539
2008-11-24,61.52288818359375,64.69999694824219,0.06929133357095574,79.83338211363792,-15.133385165395737
2008-11-25,61.97871398925781,60.900001525878906,0.007409044326784686,78.80113576322752,-17.901134237348614
2008-11-26,64.37361907958984,54.91999816894531,0.03864076771175218,68.42683798111958,-13.506839812174263
2008-11-28,65.18399047851562,55.279998779296875,0.012588563615226533,68.56557327122363,-13.285574491926752
2008-12-01,59.41012191772461,68.51000213623047,-0.08857801614177119,73.67165777689583,-5.161655640665359
2008-12-02,61.69651412963867,62.97999954223633,0.03848489345099182,75.21986493275753,-12.239865390521203
2008-12-03,63.17979431152344,60.720001220703125,0.02404155571525557,75.85203388785496,-15.132032667151833
2008-12-04,61.718238830566406,63.63999938964844,-0.02313327380824437,74.82679156822634,-11.186792178577903
2008-12-05,63.62114715576172,59.93000030517578,0.030832187717140247,74.74522522305057,-14.815224917874787
2008-12-08,65.84243774414062,58.4900016784668,0.03491434354273104,73.3310042590198,-14.84100258055301
2008-12-09,64.75711822509766,58.90999984741211,-0.016483586516958137,72.61790550258796,-13.70790565517585
2008-12-10,65.19849395751953,55.72999954223633,0.006815864333055144,72.53614562112097,-16.806146078884638
2008-12-11,63.628421783447266,55.779998779296875,-0.0240814178176455,72.21284904473603,-16.432850265439157
2008-12-12,64.38809204101562,54.279998779296875,0.011939165490444159,70.49598815763188,-16.21598937833501
2008-12-15,63.49089050292969,56.7599983215332,-0.01393427743618203,67.23916450763898,-10.479166186105772
2008-12-16,66.4791259765625,52.369998931884766,0.0470655782264533,66.73229566049162,-14.36229672860685
2008-12-17,65.83519744873047,49.84000015258789,-0.009686176200015773,66.62895052418163,-16.788950371593742
2008-12-18,64.60516357421875,47.34000015258789,-0.018683529816548528,66.83212654006773,-19.492126387479843
2008-12-19,64.3272476196289,44.93000030517578,-0.004301760714073177,62.44328060701194,-17.51328030183616
2008-12-22,63.503021240234375,44.560001373291016,-0.012813021074183584,55.9202532608368,-11.360251887545786
2008-12-23,62.84654235839844,45.02000045776367,-0.01033775825172878,53.6267047481253,-8.606704290361627
2008-12-24,63.211238861083984,44.209999084472656,0.005802968452994106,48.240006111844934,-4.030007027372278
2008-12-26,63.57597732543945,43.380001068115234,0.00577015212685561,48.219067190001574,-4.83906612188634
2008-12-29,63.393619537353516,43.900001525878906,-0.0028683442356295386,46.31426374754918,-2.4142622216702705
2008-12-30,64.89622497558594,41.630001068115234,0.02370278664001879,46.86126713768591,-5.2312660695706725
2008-12-31,65.82256317138672,40.0,0.014274146087068562,34.118330775321326,5.881669224678674
2009-01-02,67.80656433105469,39.189998626708984,0.030141657572678948,33.20006226782483,5.989936358884151
2009-01-05,67.72632598876953,39.08000183105469,-0.0011833418058670997,32.49208438569348,6.587917445361207
2009-01-06,68.17860412597656,38.560001373291016,0.006678025577262714,31.019507207944525,7.540494165346491
2009-01-07,66.13622283935547,43.38999938964844,-0.02995633766345962,31.762803720831005,11.627195668817432
2009-01-08,66.4061050415039,42.560001373291016,0.004080701778267359,29.453371822947062,13.106629550343953
2009-01-09,64.98372650146484,42.81999969482422,-0.021419394182960683,29.86025015423664,12.95974954058758
2009-01-12,63.42282485961914,45.84000015258789,-0.0240198850678488,30.908973516503224,14.931026636084667
2009-01-13,63.53948211669922,43.27000045776367,0.001839357634074057,29.76747698708891,13.502523470674763
2009-01-14,61.5408935546875,49.13999938964844,-0.03145427843338455,31.346351336268192,17.793648053380245
2009-01-15,61.56276321411133,51.0,0.0003553679214032268,31.0483853339909,19.9516146660091
2009-01-16,62.04420852661133,46.11000061035156,0.007820398035506715,25.89660716008583,20.213393450265734
2009-01-20,58.76911544799805,56.650001525878906,-0.0527864430280961,31.05616498535247,25.593836540526436
2009-01-21,61.30747985839844,46.41999816894531,0.04319214932963322,34.83950070404146,11.58049746490385
2009-01-22,60.3592643737793,47.290000915527344,-0.015466554600013338,35.13531860164776,12.154682313879583
2009-01-23,60.62180709838867,47.27000045776367,0.004349667401238655,35.02142044301161,12.248580014752065
2009-01-26,61.03758239746094,45.689998626708984,0.00685851047622954,35.010679339750226,10.679319286958759
2009-01-27,61.6575927734375,42.25,0.010157846225612444,35.15197151531683,7.098028484683169
2009-01-28,63.74374008178711,39.65999984741211,0.033834394346454744,37.11730107395855,2.5426987734535587
2009-01-29,61.67219543457031,42.630001068115234,-0.03249800913091827,38.82463010531363,3.8053709628016037
2009-01-30,60.417598724365234,44.84000015258789,-0.02034298765212783,38.28449049700314,6.55550965558475
2009-02-02,60.23525619506836,45.52000045776367,-0.0030180366837939676,37.75953018016144,7.760470277602231
2009-02-03,61.081363677978516,43.060001373291016,0.01404671510269817,36.31275732438291,6.747244048908108
2009-02-04,60.78227615356445,43.849998474121094,-0.0048965430109068064,36.29008009856945,7.559918375551646
2009-02-05,61.68675994873047,43.72999954223633,0.014880716096923763,36.728076784067184,7.001922758169144
2009-02-06,63.44464874267578,43.369998931884766,0.02849701938319238,37.20146061381098,6.168538318073786
2009-02-09,63.532188415527344,43.63999938964844,0.0013797802428792139,37.16019592253386,6.4798034671145786
2009-02-10,60.62180709838867,46.66999816894531,-0.04580955559256905,39.65592386599092,7.014074302954391
2009-02-11,60.97925567626953,44.529998779296875,0.005896369557257142,39.00708005498137,5.5229187243155025
2009-02-12,61.02302551269531,41.25,0.0007177823989545917,38.99662835513504,2.2533716448649628
2009-02-13,60.36650085449219,42.93000030517578,-0.010758638279357968,37.63781871829957,5.292181586876211
2009-02-17,57.784385681152344,48.65999984741211,-0.04277397458507315,40.359959247976356,8.300040599435754
2009-02-18,57.64579391479492,48.459999084472656,-0.0023984293459855532,40.17914034820979,8.280858736262864
2009-02-19,57.02582550048828,47.08000183105469,-0.010754790110497958,36.069544270292944,11.010457560761743
2009-02-20,56.471431732177734,49.29999923706055,-0.009721801717816447,32.330260701742745,16.969738535317802
2009-02-23,54.45094299316406,52.619998931884766,-0.03577895365918948,33.98466358936939,18.635335342515376
2009-02-24,56.515220642089844,45.4900016784668,0.03791077868357462,36.96521901739328,8.524782661073516
2009-02-25,56.07026672363281,44.66999816894531,-0.00787316962407203,36.81838766157232,7.851610507372996
2009-02-26,55.15848922729492,44.65999984741211,-0.016261336883449995,36.695798591072986,7.964201256339123
2009-02-27,53.92578125,46.349998474121094,-0.02234847245752558,34.279084002906416,12.070914471214678
2009-03-02,51.4968376159668,52.650001525878906,-0.045042344825244496,35.66929617994175,16.980705345937153
2009-03-03,51.110206604003906,50.93000030517578,-0.007507859314510923,35.399691613981645,15.530308691194136
2009-03-04,52.32106399536133,47.560001373291016,0.023691107350416463,37.016606500347834,10.543394872943182
2009-03-05,50.18386459350586,50.16999816894531,-0.04084778172792791,38.061226146445094,12.108772022500219
2009-03-06,50.27140426635742,49.33000183105469,0.0017443788668058957,38.22146129321342,11.108540537841264
2009-03-09,49.680572509765625,49.68000030517578,-0.011752839715026497,37.250359043664425,12.429641261511357
2009-03-10,52.642005920410156,44.369998931884766,0.059609486385496124,42.49117465279016,1.8788242790946086
2009-03-11,52.984840393066406,43.61000061035156,0.006512564760062123,42.678467650923594,0.9315329594279689
2009-03-12,55.070960998535156,41.18000030517578,0.03937202773459214,43.43062936232617,-2.250629057150391
2009-03-13,55.501304626464844,42.36000061035156,0.007814347527749455,43.49189240081818,-1.131891790466618
2009-03-16,55.33354568481445,43.7400016784668,-0.0030226125814418747,43.458794412993164,0.2812072654736326
2009-03-17,57.02582550048828,40.79999923706055,0.030583252794122995,45.0158031592552,-4.215803922194652
2009-03-18,58.3022575378418,40.060001373291016,0.022383403066082552,43.26359868453141,-3.2035973112403937
2009-03-19,57.580162048339844,43.68000030517578,-0.012385377856651059,43.49366139585602,0.18633890931975827
2009-03-20,56.354061126708984,45.88999938964844,-0.02129380811053505,43.981698432463496,1.9083009571849416
2009-03-23,60.401878356933594,43.22999954223633,0.07182831457564909,50.366417837259156,-7.136418295022828
2009-03-24,59.2117805480957,42.93000030517578,-0.019702993370590782,49.07060190293441,-6.140601597758632
2009-03-25,59.836204528808594,42.25,0.010545603846614515,47.61330891758518,-5.363308917585179
2009-03-26,61.05571365356445,40.36000061035156,0.020380790097886514,47.7951031899977,-7.435102579646134
2009-03-27,59.953773498535156,41.040000915527344,-0.018048108671398166,47.896751854234374,-6.85675093870703
2009-03-30,57.88209533691406,45.540000915527344,-0.03455459165838348,48.93128726671594,-3.3912863511885973
2009-03-31,58.41838073730469,44.13999938964844,0.009265134533728903,45.60071933173253,-1.46071994208409
2009-04-01,59.54972839355469,42.279998779296875,0.019366296052220955,45.51741270729093,-3.237413927994055
2009-04-02,61.29082107543945,42.040000915527344,0.029237625911207488,45.80274803913761,-3.762747123610268
2009-04-03,61.90055465698242,39.70000076293945,0.009948203839404979,42.22354069149967,-2.5235399285602185
2009-04-06,61.415714263916016,40.93000030517578,-0.00783256944551003,42.598797623757314,-1.6687973185815324
2009-04-07,59.983150482177734,40.38999938964844,-0.023325687878223755,43.5192585601718,-3.129259170523362
2009-04-08,60.629634857177734,38.849998474121094,0.010777766252742627,39.519509374655186,-0.6695109005340925
2009-04-09,63.03922653198242,36.529998779296875,0.039742803671518834,41.108160996525804,-4.578162217228929
2009-04-13,63.05396270751953,37.810001373291016,0.00023376199785118956,39.628563393694016,-1.8185620204030002
2009-04-14,61.9666748046875,37.66999816894531,-0.017243767974988278,40.48590814112538,-2.815909972180066
2009-04-15,62.627864837646484,36.16999816894531,0.010670090577604707,40.39767889217546,-4.227680723230151
2009-04-16,63.546146392822266,35.790000915527344,0.014662507775992317,39.55546042422766,-3.7654595087003173
2009-04-17,63.97222137451172,33.939998626708984,0.006704969630346946,39.08026867085048,-5.140270044141495
2009-04-20,61.29082107543945,39.18000030517578,-0.04191507253397653,41.94217969135446,-2.76217938617868
2009-04-21,62.48828887939453,37.13999938964844,0.01953747368600567,41.30472051745643,-4.164721127807994
2009-04-22,62.106285095214844,38.099998474121094,-0.006113206026764018,33.57692834756107,4.523070126560022
2009-04-23,62.71598815917969,37.150001525878906,0.009817091185378546,32.771260065087446,4.37874146079146
2009-04-24,63.66367721557617,36.81999969482422,0.015110804823662338,32.94236963793032,3.8776300568938993
2009-04-27,63.06128692626953,38.31999969482422,-0.009462071869754562,32.59733657863515,5.722663116189068
2009-04-28,62.8629264831543,37.95000076293945,-0.0031455184754975996,31.85775342153967,6.0922473413997835
2009-04-29,64.19995880126953,36.08000183105469,0.021269011688050066,29.466660468598448,6.613341362456239
2009-04-30,64.22203063964844,36.5,0.0003437983262144506,29.47020470278546,7.029795297214541
2009-05-01,64.56732177734375,35.29999923706055,0.005376521643059684,28.986561078610034,6.313438158450513
2009-05-04,66.76384735107422,34.529998779296875,0.03401915261879762,29.55252255511781,4.977476224179064
2009-05-05,66.53612518310547,33.36000061035156,-0.003410860473203159,29.590075623218816,3.7699249871327467
2009-05-06,67.68950653076172,32.45000076293945,0.017334663605405032,29.648048962904028,2.8019518000354253
2009-05-07,66.74917602539062,33.439998626708984,-0.01389182095667607,28.684517170845293,4.755481455863691
2009-05-08,68.30660247802734,32.04999923706055,0.023332519521204187,29.311764777933845,2.7382344591267014
2009-05-11,67.0282974243164,32.869998931884766,-0.018714223915940464,27.749809683185756,5.12018924869901
2009-05-12,66.82998657226562,31.799999237060547,-0.002958613894000539,27.81291674251596,3.9870824945445875
2009-05-13,65.14767456054688,33.650001525878906,-0.025173011368176845,28.65997272922469,4.990028796654215
2009-05-14,65.70599365234375,31.3700008392334,0.00857005404357114,28.594092090383256,2.775908748850142
2009-05-15,65.16971588134766,33.119998931884766,-0.00816177857127598,28.457868159864734,4.662130772020031
2009-05-18,67.0209732055664,30.239999771118164,0.02840671160189312,29.926917305877637,0.31308246524052663
2009-05-19,66.94017028808594,28.799999237060547,-0.001205636289891343,25.297913737971893,3.502085499088654
2009-05-20,66.4920425415039,29.030000686645508,-0.006694451846379401,24.940219173008487,4.089781513637021
2009-05-21,65.5370101928711,31.350000381469727,-0.014363107405471642,25.48119362238981,5.8688067590799164
2009-05-22,65.39740753173828,32.630001068115234,-0.0021301347242110857,25.39584651818646,7.234154549928775
2009-05-26,67.07241821289062,30.6200008392334,0.025612799411649956,26.31677820394024,4.30322263529316
2009-05-27,65.87495422363281,32.36000061035156,-0.01785329977900918,26.954856995665992,5.405143614685571
2009-05-28,66.79326629638672,31.670000076293945,0.01394023090530605,27.175447825527677,4.494552250766269
2009-05-29,67.97600555419922,28.920000076293945,0.017707462494261694,26.900896072711138,2.0191040035828074
2009-06-01,69.62157440185547,30.040000915527344,0.02420808392961815,27.872191273534497,2.1678096419928465
2009-06-02,69.68038177490234,29.6299991607666,0.0008446716919592312,27.888149665104496,1.7418494956621053
2009-06-03,68.7988052368164,31.020000457763672,-0.01265171796753084,26.143965139900573,4.876035317863099
2009-06-04,69.44527435302734,30.18000030517578,0.009396516610799877,26.213525038429054,3.966475266746727
2009-06-05,69.4599838256836,29.6200008392334,0.00021181387492941184,25.629946364943535,3.990054474289863
2009-06-08,69.1734848022461,29.770000457763672,-0.004124662973669757,25.11607140533651,4.653929052427163
2009-06-09,69.52610778808594,28.270000457763672,0.005097661146433952,23.913593013062915,4.356407444700757
2009-06-10,69.34977722167969,28.459999084472656,-0.002536177732596512,22.8712922850206,5.588706799452055
2009-06-11,69.65833282470703,28.110000610351562,0.004449265958577309,22.824223139762466,5.285777470589096
2009-06-12,69.8493423461914,28.149999618530273,0.002742091487676568,20.56172262614615,7.588276992384124
2009-06-15,68.24779510498047,30.809999465942383,-0.022928594420735582,22.37925799440147,8.430741471540912
2009-06-16,67.32218170166016,32.68000030517578,-0.013562539301035459,22.76026718136885,9.919733123806932
2009-06-17,67.25605773925781,31.540000915527344,-0.000982201716150155,20.578753664628866,10.961247250898477
2009-06-18,67.748291015625,30.030000686645508,0.007318794661969497,20.714377520393345,9.315623166252163
2009-06-19,67.99797821044922,27.989999771118164,0.0036855128163548745,20.562025147144013,7.427974623974151
2009-06-22,65.95893096923828,31.170000076293945,-0.029986880417241513,22.6529149292713,8.517085147022645
2009-06-23,66.01065063476562,30.579999923706055,0.0007841192203594805,22.63434418256536,7.945655741140694
2009-06-24,66.57953643798828,29.049999237060547,0.008618091137599482,20.96664569391031,8.083353543150238
2009-06-25,68.02752685546875,26.360000610351562,0.021748280251682406,21.267281372372718,5.092719237978844
2009-06-26,67.85020446777344,25.93000030517578,-0.0026066269919241547,20.827196164813913,5.102804140361869
2009-06-29,68.48556518554688,25.350000381469727,0.009364168063417111,20.16533231233127,5.184668069138457
2009-06-30,67.93144989013672,26.350000381469727,-0.008090979375126706,18.393281764517504,7.956718616952223
2009-07-01,68.21223449707031,26.219999313354492,0.004133352186471706,18.472320463639647,7.747678849714845
2009-07-02,66.35049438476562,27.950000762939453,-0.027293345922931866,20.25173463862478,7.698266124314674
2009-07-06,66.34309387207031,29.0,-0.0001115366624458991,19.86261180773808,9.13738819226192
2009-07-07,65.0576171875,30.850000381469727,-0.019376194409158942,20.716215628385243,10.133784753084484
2009-07-08,65.0132827758789,31.299999237060547,-0.0006814638091234837,20.727653365533392,10.572345871527155
2009-07-09,65.13884735107422,29.780000686645508,0.0019313680194887883,20.6029925478707,9.17700813877481
2009-07-10,64.98372650146484,29.020000457763672,-0.0023813876959370983,20.60351858547409,8.41648187228958
2009-07-13,66.56477355957031,26.309999465942383,0.024329892162614497,22.56785299819166,3.7421464677507217
2009-07-14,66.94149780273438,25.020000457763672,0.005659513628885504,22.668542437726185,2.3514580200374873
2009-07-15,68.89929962158203,25.889999389648438,0.02924645971646722,23.756595156838493,2.1334042328099443
2009-07-16,68.78851318359375,25.420000076293945,-0.0016079472301860909,23.215991906044632,2.2040081702493133
2009-07-17,69.54204559326172,24.34000015258789,0.010954334885198369,23.44633503496624,0.8936651176216515
2009-07-20,70.28080749511719,24.399999618530273,0.01062324088331179,23.573763232287583,0.8262363862426909
2009-07-21,70.60591125488281,23.8700008392334,0.0046257829321072474,23.585213362861886,0.2847874763715126
2009-07-22,70.59111785888672,23.469999313354492,-0.0002095206439967079,20.576583344846316,2.893415968508176
2009-07-23,72.14994812011719,23.43000030517578,0.022082526931314517,21.546120382427173,1.8838799227486085
2009-07-24,72.44551849365234,23.09000015258789,0.004096612419500101,21.489629367051744,1.6003707855361462
2009-07-27,72.65971374511719,24.280000686645508,0.002956639084356949,20.510529812777214,3.7694708738682934
2009-07-28,72.31986999511719,25.010000228881836,-0.004677196378616855,20.597018236714053,4.412981992167783
2009-07-29,72.142578125,25.610000610351562,-0.0024514959737781394,20.55251191458692,5.057488695764643
2009-07-30,72.89614868164062,25.399999618530273,0.010445572867314512,20.344176654346878,5.055822964183395
2009-07-31,72.99954986572266,25.920000076293945,0.0014184725249837271,20.35429768436268,5.565702391931264
2009-08-03,74.20378875732422,25.559999465942383,0.016496524893875097,17.511637239421358,8.048362226521025
2009-08-04,74.39586639404297,24.889999389648438,0.0025885152218698693,17.42937510117438,7.460624288474058
2009-08-05,74.18162536621094,24.899999618530273,-0.0028797437037333395,15.261494388573865,9.638505229956408
2009-08-06,73.79745483398438,25.670000076293945,-0.005178782890372546,15.59701808180544,10.072981994488506
2009-08-07,74.7652587890625,24.760000228881836,0.013114327008367788,15.701288644496655,9.05871158438518
2009-08-10,74.610107421875,24.989999771118164,-0.0020751799659415315,15.679485856761188,9.310513914356976
2009-08-11,73.67926788330078,25.989999771118164,-0.012476051445830083,15.632800601537616,10.357199169580548
2009-08-12,74.46977233886719,25.450000762939453,0.01072899444140063,15.762222659317086,9.687778103622367
2009-08-13,75.03863525390625,24.709999084472656,0.007638843213465307,13.159833942954474,11.550165141518182
2009-08-14,74.46234893798828,24.270000457763672,-0.007679861366987839,13.650919552093828,10.619080905669843
2009-08-17,72.63018035888672,27.889999389648438,-0.024605301944307212,16.55663347641546,11.333365913232978
2009-08-18,73.20645141601562,26.18000030517578,0.007934319511274657,16.408226973196996,9.771773331978785
2009-08-19,73.84918212890625,26.260000228881836,0.008779700428834136,16.554589575264217,9.70541065361762
2009-08-20,74.610107421875,25.09000015258789,0.010303774138493926,16.761667069004293,8.328333083583598
2009-08-21,76.0728988647461,25.010000228881836,0.01960580802544487,16.419140552914307,8.590859675967529
2009-08-24,76.06554412841797,25.139999389648438,-9.668011128638465e-05,16.43443931728512,8.705560072363319
2009-08-25,76.21327209472656,24.920000076293945,0.0019421141070021797,16.433678899132364,8.486321177161582
2009-08-26,76.22069549560547,24.950000762939453,9.740299392579921e-05,16.259564000751162,8.690436762188291
2009-08-27,76.39060974121094,24.68000030517578,0.0022292402936059386,16.158507231182558,8.521493073993224
2009-08-28,76.3758316040039,24.760000228881836,-0.00019345489265099047,15.941211660213309,8.818788568668527
2009-08-31,75.69615936279297,26.010000228881836,-0.00889904865108282,16.40467031352896,9.605329915352876
2009-09-01,74.02647399902344,29.149999618530273,-0.022057728923433828,17.449981018289378,11.700018600240895
2009-09-02,73.74576568603516,28.899999618530273,-0.0037919989677204224,17.468109527770384,11.43189009075989
2009-09-03,74.35897064208984,27.100000381469727,0.008315120879825777,17.693651206162535,9.406349175307192
2009-09-04,75.40064239501953,25.260000228881836,0.014008689791357387,18.203478406224605,7.056521822657231
2009-09-08,76.05078125,25.6200008392334,0.00862245777130699,17.89338685985231,7.726613979381089
2009-09-09,76.6344223022461,24.31999969482422,0.007674359719297419,18.009347444157505,6.310652250666713
2009-09-10,77.41752624511719,23.549999237060547,0.010218697020805356,17.5255208611929,6.024478375867648
2009-09-11,77.40274047851562,24.149999618530273,-0.00019098732959699216,17.27954219400476,6.870457424525512
2009-09-14,77.77949523925781,23.860000610351562,0.004867460227028442,17.189962851575167,6.670037758776395
2009-09-15,78.1045913696289,23.420000076293945,0.0041797150954896445,16.856542217964797,6.563457858329148
2009-09-16,79.28665161132812,23.690000534057617,0.015134324640470043,14.279514850346992,9.410485683710625
2009-09-17,79.16846466064453,23.649999618530273,-0.0014906286024406468,14.343968344590156,9.306031273940118
2009-09-18,79.21893310546875,23.920000076293945,0.0006374816669814098,14.263044795878793,9.656955280415152
2009-09-21,79.01850891113281,24.059999465942383,-0.0025300037059209357,14.17137435794887,9.888625107993512
2009-09-22,79.47874450683594,23.079999923706055,0.0058244024348867995,12.851784689349325,10.22821523435673
2009-09-23,78.81806182861328,23.489999771118164,-0.008312696461452385,13.336278926885342,10.153720844232822
2009-09-24,77.94957733154297,24.950000762939453,-0.011018851224212978,14.046882909997471,10.903117852941982
2009-09-25,77.5339126586914,25.610000610351562,-0.0053324814204395166,14.221091161054941,11.388909449296621
2009-09-28,78.92201232910156,24.8799991607666,0.017903129389595707,15.399980254766044,9.480018906000558
2009-09-29,78.6844482421875,25.190000534057617,-0.0030101118801105775,15.47201750080673,9.717983033250887
2009-09-30,78.38013458251953,25.610000610351562,-0.00386751977635158,15.142029588071676,10.467971022279887
2009-10-01,76.43528747558594,28.270000457763672,-0.024813010558001003,15.706384527869192,12.56361592989448
2009-10-02,76.07899475097656,28.68000030517578,-0.004661364356393305,15.746635132651408,12.933365172524374
2009-10-05,77.21470642089844,26.84000015258789,0.014928058311486803,16.263736612603346,10.576263539984545
2009-10-06,78.32074737548828,25.700000762939453,0.014324226638391835,16.293807921586318,9.406192841353135
2009-10-07,78.5360107421875,24.68000030517578,0.0027484845831105,16.112740736442234,8.567259568733547
2009-10-08,79.1373062133789,24.18000030517578,0.0076563027012575,16.111881599178112,8.06811870599767
2009-10-09,79.61978149414062,23.1200008392334,0.006096685670103685,15.895249293367558,7.224751545865841
2009-10-12,79.93157196044922,23.010000228881836,0.003915992489021525,15.907625601524675,7.102374627357161
2009-10-13,79.76825714111328,22.989999771118164,-0.002043182879185035,15.90780639571754,7.0821933754006245
2009-10-14,81.1415023803711,22.860000610351562,0.017215434917030814,16.824715649822668,6.0352849605288945
2009-10-15,81.4384536743164,21.719999313354492,0.0036596721188779657,16.140652494481763,5.579346818872729
2009-10-16,80.82974243164062,21.43000030517578,-0.007474494114415586,16.403158336232426,5.026841968943355
2009-10-19,81.497802734375,21.489999771118164,0.008265030700788989,16.59128937270578,4.898710398412383
2009-10-20,81.06727600097656,20.899999618530273,-0.0052826790288034164,16.700560658509726,4.199438960020547
2009-10-21,80.3398208618164,22.219999313354492,-0.008973474563909067,16.97678958267963,5.243209730674863
2009-10-22,81.1563491821289,20.690000534057617,0.010163432175395615,16.965498954150686,3.7245015799069314
2009-10-23,80.22845458984375,22.270000457763672,-0.011433419586221127,17.004445379387562,5.26555507837611
2009-10-26,79.35997772216797,24.309999465942383,-0.01082504794733663,17.381844080478782,6.928155385463601
2009-10-27,78.99623107910156,24.829999923706055,-0.004583502333378342,16.369632098876234,8.46036782482982
2009-10-28,77.50421905517578,27.90999984741211,-0.01888712921546576,17.624982219585497,10.285017627826612
2009-10-29,79.16699981689453,24.760000228881836,0.021454067688044143,19.160326634281986,5.5996735945998495
2009-10-30,76.87322235107422,30.690000534057617,-0.028973909218810823,19.894345732849462,10.795654801208155
2009-11-02,77.4374008178711,29.780000686645508,0.007339076593151139,19.947934658532045,9.832066028113463
2009-11-03,77.68235778808594,28.809999465942383,0.0031632901883027476,19.31307817703867,9.496921288903714
2009-11-04,77.88279724121094,27.719999313354492,0.0025802441999995818,18.660484226924652,9.05951508642984
2009-11-05,79.31541442871094,25.43000030517578,0.018394526625219232,19.728618572484933,5.701381732690848
2009-11-06,79.52326965332031,24.190000534057617,0.0026206157542831843,19.576416451775007,4.61358408228261
2009-11-09,81.33451843261719,23.149999618530273,0.02277633687841263,20.99924188486724,2.150757733663035
2009-11-10,81.34934997558594,22.84000015258789,0.000182352379463957,20.975942408038122,1.8640577445497684
2009-11-11,81.76506042480469,23.040000915527344,0.005110187719305825,20.994941900372172,2.0450590151551715
2009-11-12,80.93365478515625,24.239999771118164,-0.010168226322208151,20.51043735082024,3.729562420297924
2009-11-13,81.37162780761719,23.360000610351562,0.005411506790636844,20.559199702133277,2.800800908218285
2009-11-16,82.5519027709961,22.889999389648438,0.014504748094377184,20.95292678786897,1.937072601779466
2009-11-17,82.64837646484375,22.40999984741211,0.0011686428853769915,20.790207499491935,1.6197923479201748
2009-11-18,82.5964126586914,21.6299991607666,-0.0006287335380925629,20.68229214679944,0.9477070139671611
2009-11-19,81.52006530761719,22.6299991607666,-0.013031405559003506,20.973856442582846,1.6561427181837551
2009-11-20,81.23057556152344,22.190000534057617,-0.003551147131707455,20.737324115179252,1.4526764188783652
2009-11-23,82.26236724853516,21.15999984741211,0.012702011279364323,20.727750907595254,0.43224893981685497
2009-11-24,82.3885498046875,20.469999313354492,0.0015339037809489753,20.255524715420286,0.2144745979342062
2009-11-25,82.67805480957031,20.479999542236328,0.0035138985401383938,20.124626454336607,0.35537308789972144
2009-11-27,81.33451843261719,24.739999771118164,-0.016250217546211587,19.793696954633422,4.946302816484742
2009-11-30,81.60914611816406,24.510000228881836,0.0033765207053435553,18.54954536714114,5.960454861740697
2009-12-01,82.61868286132812,21.920000076293945,0.01237038728113049,15.217465482905759,6.702534593388187
2009-12-02,82.58157348632812,21.1200008392334,-0.0004491644470087097,15.207882628097794,5.9121182111356045
2009-12-03,81.93574523925781,22.459999084472656,-0.007820488515845936,15.672015557764407,6.787983526708249
2009-12-04,82.40341186523438,21.25,0.005707724078312104,15.709225030227062,5.540774969772938
2009-12-07,82.27726745605469,22.100000381469727,-0.0015308153670382518,14.690200236119727,7.409800145349999
2009-12-08,81.36419677734375,23.690000534057617,-0.011097484237655553,15.346208642252549,8.343791891805068
2009-12-09,81.66851806640625,22.65999984741211,0.003740235891411592,13.23534190465287,9.42465794275924
2009-12-10,82.1287841796875,22.31999969482422,0.005635783826847485,13.367120555128013,8.952879139696206
2009-12-11,82.47765350341797,21.59000015258789,0.0042478325621768676,13.33284236584536,8.25715778674253
2009-12-14,83.04181671142578,21.149999618530273,0.006840194695699298,12.922120538203657,8.227879080326616
2009-12-15,82.6557846069336,21.489999771118164,-0.004648647148865592,12.984348205958268,8.505651565159896
2009-12-16,82.78202056884766,20.540000915527344,0.0015272489701039227,11.9963121887292,8.543688726798143
2009-12-17,81.78729248046875,22.510000228881836,-0.012016233495431683,12.705137855780283,9.804862373101553
2009-12-18,82.25001525878906,21.68000030517578,0.005657636587380832,12.880534083681628,8.799466221494153
2009-12-21,83.08587646484375,20.489999771118164,0.010162444388913006,12.461219852165868,8.028779918952296
2009-12-22,83.38440704345703,19.540000915527344,0.0035930364017957572,12.38259801636129,7.157402899166053
2009-12-23,83.54859924316406,19.709999084472656,0.0019690995658392385,11.672544490497092,8.037454593975564
2009-12-24,83.94413757324219,19.469999313354492,0.00473423053960409,11.751490711862541,7.718508601491951
2009-12-28,84.12325286865234,19.93000030517578,0.0021337439467272734,11.722756400228876,8.207243904946905
2009-12-29,84.00381469726562,20.010000228881836,-0.0014197997261613526,9.99510070876948,10.014899520112357
2009-12-30,83.97396850585938,19.959999084472656,-0.000355295667390898,9.993139714947224,9.966859369525432
2009-12-31,83.16795349121094,21.68000030517578,-0.009598391370442383,9.845522472916715,11.834477832259067
2010-01-04,84.57848358154297,20.040000915527344,0.016960019227611367,11.395976200321712,8.644024715205632
2010-01-05,84.80235290527344,19.350000381469727,0.0026468826851764327,10.923362515645298,8.426637865824429
2010-01-06,84.8620834350586,19.15999984741211,0.0007043499117516117,10.826915207480177,8.333084639931933
2010-01-07,85.22030639648438,19.059999465942383,0.0042212369402869765,10.812520863218374,8.247478602724009
2010-01-08,85.50389099121094,18.1299991607666,0.0033276645757081003,9.765802245696758,8.364196915069844
2010-01-11,85.62330627441406,17.549999237060547,0.0013966064212844742,9.75853469156148,7.791464545499068
2010-01-12,84.82476806640625,18.25,-0.009326178148839293,10.459959341620548,7.790040658379452
2010-01-13,85.54120635986328,17.850000381469727,0.00844609787669759,10.694369782041022,7.155630599428704
2010-01-14,85.77257537841797,17.6299991607666,0.00270476684162424,10.541695466956105,7.088303693810497
2010-01-15,84.80982208251953,17.90999984741211,-0.011224488615981132,11.252090731354588,6.657909116057521
2010-01-19,85.86957550048828,17.579999923706055,0.01249564486690713,11.908537165685981,5.671462758020073
2010-01-20,84.99642181396484,18.68000030517578,-0.01016837082790134,11.653425984816975,7.026574320358806
2010-01-21,83.36201477050781,22.270000457763672,-0.019229127633564658,13.64946876199149,8.620531695772183
2010-01-22,81.50373077392578,27.309999465942383,-0.02229173565079745,15.333228942670033,11.97677052327235
2010-01-25,81.92166137695312,25.40999984741211,0.005127748129549969,15.398597418402327,10.011402429009783
2010-01-26,81.57833099365234,24.549999237060547,-0.004190959723350707,15.40700606370585,9.142993173354697
2010-01-27,81.9664306640625,23.139999389648438,0.004757386743305059,15.408111206778285,7.7318881828701524
2010-01-28,81.0261001586914,23.729999542236328,-0.011472141677426606,15.76617844623103,7.963821096005297
2010-01-29,80.14547729492188,24.6200008392334,-0.010868385150523241,16.078835476848536,8.541165362384863
2010-02-01,81.3917465209961,22.59000015258789,0.015550088016671904,17.211342236666418,5.3786579159214725
2010-02-02,82.37687683105469,21.479999542236328,0.012103565191397658,17.55208158730321,3.9279179549331182
2010-02-03,81.9664306640625,21.600000381469727,-0.0049825410088557565,16.42798303951227,5.172017341957456
2010-02-04,79.43647003173828,26.079999923706055,-0.03086581435628455,19.23859052349847,6.841409400207585
2010-02-05,79.60065460205078,26.110000610351562,0.002066866393319211,19.27772993781182,6.832270672539742
2010-02-08,79.02599334716797,26.510000228881836,-0.007219303129549992,19.14673825822594,7.363261970655895
2010-02-09,80.01854705810547,26.0,0.012559838464505368,19.817929694118657,6.182070305881343
2010-02-10,79.8618392944336,25.399999618530273,-0.0019583930155352425,19.756473984111715,5.643525634418559
2010-02-11,80.69768524169922,23.959999084472656,0.010466149473267627,20.173195723256796,3.78680336121586
2010-02-12,80.63050842285156,22.729999542236328,-0.0008324503812774386,19.803389579960413,2.926609962275915
2010-02-16,81.8992691040039,22.25,0.015735491515178834,20.74653559853835,1.503464401461649
2010-02-17,82.28736114501953,21.719999313354492,0.0047386508483096,20.599938934210826,1.1200603791436663
2010-02-18,82.77239990234375,20.6299991607666,0.005894450260343298,20.16294147299042,0.4670576877761832
2010-02-19,82.94404602050781,20.020000457763672,0.0020737119905496204,19.957761517001014,0.06223894076265779
2010-02-22,82.95901489257812,19.940000534057617,0.00018046951877193074,18.835746258836654,1.1042542752209634
2010-02-23,81.95149993896484,21.3700008392334,-0.01214473140644079,17.622630072045453,3.7473707671879453
2010-02-24,82.70527648925781,20.270000457763672,0.009197837145804133,17.817859216565353,2.452141241198319
2010-02-25,82.59331512451172,20.100000381469727,-0.0013537390780700154,17.75044446849757,2.349555912972157
2010-02-26,82.64556121826172,19.5,0.0006325704891640971,17.68754916484623,1.8124508351537685
2010-03-01,83.50377655029297,19.260000228881836,0.010384288271269027,17.449788431023386,1.8102117978584502
2010-03-02,83.73517608642578,19.059999465942383,0.0027711265968126675,16.862103341681706,2.1978961242606765
2010-03-03,83.80979919433594,18.829999923706055,0.0008911799245892027,16.142779154562763,2.687220769143291
2010-03-04,84.06352233886719,18.719999313354492,0.003027368481613113,15.687437147876715,3.0325621654777777
2010-03-05,85.26507568359375,17.420000076293945,0.014293397555755538,16.172873852368166,1.247126223925779
2010-03-08,85.27999877929688,17.790000915527344,0.00017502002529745653,10.98381252619203,6.806188389335313
2010-03-09,85.42179107666016,17.920000076293945,0.0016626676758080272,10.990923770416762,6.929076305877183
2010-03-10,85.80242156982422,18.56999969482422,0.004455894548294648,10.292982672168,8.277017022656219
2010-03-11,86.16063690185547,18.059999465942383,0.004174886040247072,9.80712722169895,8.252872244243433
2010-03-12,86.16810607910156,17.579999923706055,8.668897439334522e-05,9.687356900938306,7.892643022767748
2010-03-15,86.19051361083984,18.0,0.00026004438019922027,9.423209845033414,8.576790154966586
2010-03-16,86.87710571289062,17.690000534057617,0.007965982255899062,9.446698808366135,8.243301725691483
2010-03-17,87.39201354980469,16.90999984741211,0.00592685302633944,8.410145592251236,8.499854255160873
2010-03-18,87.34727478027344,16.6200008392334,-0.0005119320143111006,8.478376603820772,8.141624235412626
2010-03-19,86.90509033203125,16.969999313354492,-0.005062372573781171,8.826580727253168,8.143418586101324
2010-03-22,87.3697509765625,16.8700008392334,0.005346759812986379,8.886872634670413,7.983128204562986
2010-03-23,87.98424530029297,16.350000381469727,0.007033261705132965,8.978735002410772,7.371265379058954
2010-03-24,87.5571060180664,17.549999237060547,-0.004854724624490658,7.713893931565717,9.83610530549483
2010-03-25,87.41471862792969,18.399999618530273,-0.0016262231201125132,7.557300368110931,10.842699250419344
2010-03-26,87.36222839355469,17.770000457763672,-0.0006004736410399891,7.511365685910098,10.258634771853574
2010-03-29,87.91679382324219,17.59000015258789,0.006347885578069867,7.5750327540638995,10.014967398523991
2010-03-30,87.97673797607422,17.1299991607666,0.0006818282403764364,7.108000418207121,10.02199874255948
2010-03-31,87.67697143554688,17.59000015258789,-0.003407338660463499,7.394476050728114,10.195524101859776
2010-04-01,88.27648162841797,17.469999313354492,0.006837715571777148,7.54689153988087,9.923107773473621
2010-04-05,88.99591064453125,17.020000457763672,0.008149724624748611,7.797600310719874,9.222400147043798
2010-04-06,89.20574951171875,16.229999542236328,0.00235784841873965,6.566455581757377,9.66354396047895
2010-04-07,88.69613647460938,16.6200008392334,-0.005712782414797446,7.087050001259524,9.532950837973875
2010-04-08,89.00337982177734,16.479999542236328,0.0034639992155229837,7.107482141378379,9.372517400857948
2010-04-09,89.58790588378906,16.139999389648438,0.0065674591592159715,7.237095964124405,8.902903425524032
2010-04-12,89.73030090332031,15.579999923706055,0.0015894446703104137,7.19756253984654,8.382437383859514
2010-04-13,89.7977066040039,16.200000762939453,0.0007512033282515151,7.1796065610153335,9.02039420192412
2010-04-14,90.81690216064453,15.59000015258789,0.011349906308132596,7.842727932550001,7.74727222003789
2010-04-15,90.89181518554688,15.890000343322754,0.0008248797648904294,7.602600143246561,8.287400200076192
2010-04-16,89.44551086425781,18.360000610351562,-0.015912371409202986,9.712222741534337,8.647777868817226
2010-04-19,89.78271484375,17.34000015258789,0.0037699374315600664,9.73456108255971,7.605439070028181
2010-04-20,90.58458709716797,15.729999542236328,0.00893125424881025,9.783865722922961,5.946133819313367
2010-04-21,90.41971588134766,16.31999969482422,-0.001820080226710763,9.789470672714268,6.530529022109951
2010-04-22,90.68948364257812,16.469999313354492,0.002983505959966326,9.607886827984546,6.862112485369947
2010-04-23,91.28145599365234,16.6200008392334,0.0065274641259098765,9.473313958000956,7.1466868812324424
2010-04-26,90.936767578125,17.469999313354492,-0.00377610558218211,9.605431297453745,7.864568015900748
2010-04-27,88.78606414794922,22.809999465942383,-0.023650537482851286,13.059349587550836,9.750649878391547
2010-04-28,89.46049499511719,21.079999923706055,0.0075961340739705285,13.133084190055419,7.946915733650636
2010-04-29,90.56956481933594,18.440000534057617,0.012397313744790806,13.7264757952413,4.713524738816318
2010-04-30,89.0333480834961,22.049999237060547,-0.016961732552256636,15.064902021637927,6.98509721542262
2010-05-03,90.18738555908203,20.190000534057617,0.012961856432756713,15.518027228066883,4.6719733059907345
2010-05-04,88.06665802001953,23.84000015258789,-0.02351468030607462,17.452853948791024,6.387146203796867
2010-05-05,87.54210662841797,24.90999984741211,-0.005956299505339713,17.522316136386348,7.387683711025762
2010-05-06,84.6345443725586,32.79999923706055,-0.03321330006599954,20.77427305990323,12.025726177157317
2010-05-07,83.37555694580078,40.95000076293945,-0.014875573988037183,21.118682492960406,19.831318269979047
2010-05-10,87.04752349853516,28.84000015258789,0.044041283647692886,26.55289329682174,2.287106855766151
2010-05-11,86.80023956298828,28.31999969482422,-0.0028407923121561707,26.537840413457847,1.782159281366372
2010-05-12,88.01419067382812,25.520000457763672,0.01398557327666028,27.066693556190813,-1.5466930984271414
2010-05-13,86.92012023925781,26.68000030517578,-0.012430614042965304,26.973251364834677,-0.2932510596588962
2010-05-14,85.34644317626953,31.239999771118164,-0.01810486523323429,27.519509614048165,3.7204901570699995
2010-05-17,85.39137268066406,30.84000015258789,0.000526436752633419,27.12272324826122,3.7172769043266705
2010-05-18,84.22984313964844,33.54999923706055,-0.013602422640040746,27.318516239240353,6.231482997820194
2010-05-19,83.75027465820312,35.31999969482422,-0.0056935696846807105,26.98855764624623,8.331442048577987
2010-05-20,80.58788299560547,45.790000915527344,-0.03775977661570462,29.450610680310373,16.33939023521697
2010-05-21,81.76441955566406,40.099998474121094,0.014599422597101341,30.12948792755548,9.970510546565613
2010-05-24,80.71530151367188,38.31999969482422,-0.012830985013939533,29.962343335567954,8.357656359256264
2010-05-25,80.79769134521484,34.61000061035156,0.0010207461286508845,30.04653819828947,4.563462412062094
2010-05-26,80.31061553955078,35.02000045776367,-0.006028338156136015,29.31218645441366,5.707814003350013
2010-05-27,83.00088500976562,29.68000030517578,0.033498304702819226,31.927253773009607,-2.2472534678338256
2010-05-28,81.95925903320312,32.06999969482422,-0.012549576747765356,31.542107816136884,0.5278918786873348
2010-06-01,80.58040618896484,35.540000915527344,-0.016823637262016744,31.535301202532885,4.004699712994459
2010-06-02,82.67864990234375,30.170000076293945,0.026039130510938646,32.75230203735931,-2.5823019610653617
2010-06-03,82.96343994140625,29.459999084472656,0.003444541479558305,32.044828101389214,-2.584829016916558
2010-06-04,80.04834747314453,35.47999954223633,-0.03513707327372795,33.961738429256975,1.5182611129793528
2010-06-07,79.0516586303711,36.56999969482422,-0.012451085802961948,32.441715457040075,4.128284237784143
2010-06-08,79.89849090576172,33.70000076293945,0.010712390986636233,32.47702596144364,1.2229748014958162
2010-06-09,79.4712905883789,33.72999954223633,-0.005346788312769024,27.867206272712373,5.862793269523955
2010-06-10,81.79439544677734,30.56999969482422,0.029232001156630938,30.180160867453836,0.389838827370383
2010-06-11,82.1915512084961,28.790000915527344,0.004855537589701697,29.707993986363668,-0.9179930708363244
2010-06-14,82.06416320800781,28.579999923706055,-0.0015498916690979136,29.51529253509105,-0.9352926113849946
2010-06-15,83.93011474609375,25.8700008392334,0.022737714797095077,30.18984008834021,-4.31983924910681
2010-06-16,83.900146484375,25.920000076293945,-0.00035706208444263865,30.187148703363455,-4.26714862706951
2010-06-17,84.03504180908203,25.049999237060547,0.0016078079760224462,29.82351190047487,-4.773512663414323
2010-06-18,84.12612915039062,23.950000762939453,0.0010839209375956838,29.751144100333445,-5.801143337393992
2010-06-21,83.88520050048828,24.8799991607666,-0.0028638979629223016,26.37911891431158,-1.4991197535449778
2010-06-22,82.49976348876953,27.049999237060547,-0.016515869348261103,26.7128814233633,0.33711781369724747
2010-06-23,82.24376678466797,26.90999984741211,-0.003102999248433158,26.30788147654212,0.602118370869988
2010-06-24,80.8809585571289,29.739999771118164,-0.016570352755208684,27.00468587750932,2.7353138936088435
2010-06-25,81.21979522705078,28.530000686645508,0.004189325596117177,26.940287024367482,1.589713662278026
2010-06-28,80.96377563476562,29.0,-0.0031521821936321137,24.161908559130904,4.838091440869096
2010-06-29,78.46401977539062,34.130001068115234,-0.03087499118928949,26.02111630701307,8.108884761102164
2010-06-30,77.71861267089844,34.540000915527344,-0.009499986192728516,25.61396579032215,8.926035125205193
2010-07-01,77.37224578857422,32.86000061035156,-0.004456678656770685,23.56477767537882,9.295222934972742
2010-07-02,76.9505844116211,30.1200008392334,-0.005449775596605422,23.457170009543578,6.66283082968982
2010-07-06,77.45506286621094,29.649999618530273,0.0065558755459387275,20.643183843114056,9.006815775416218
2010-07-07,79.89457702636719,26.84000015258789,0.03149586443910124,23.161879912556667,3.678120240031223
2010-07-08,80.68518829345703,25.709999084472656,0.009895681240404075,23.118666845813994,2.591332238658662
2010-07-09,81.28751373291016,24.979999542236328,0.007465130245001506,23.13170872542343,1.8482908168128986
2010-07-12,81.3402328491211,24.43000030517578,0.0006485512201068744,20.76148808042022,3.6685122247555597
2010-07-13,82.56753540039062,24.559999465942383,0.015088505506814398,21.368196366338918,3.191803099603465
2010-07-14,82.56000518798828,24.889999389648438,-9.120064400403027e-05,21.35822652165861,3.531772867989826
2010-07-15,82.58259582519531,25.139999389648438,0.00027362688696053183,19.75157302197499,5.388426367673446
2010-07-16,80.30873107910156,26.25,-0.02753443051011495,21.82731500254062,4.422684997459381
2010-07-19,80.7830581665039,25.969999313354492,0.005906295380699644,21.966953934372505,4.003045378981987
2010-07-20,81.6790771484375,23.93000030517578,0.01109166949444762,22.40097998704939,1.529020318126392
2010-07-21,80.617431640625,25.639999389648438,-0.012997765705446751,22.761734841516372,2.8782645481320657
2010-07-22,82.41695404052734,24.6299991607666,0.02232175304125561,23.558393628002506,1.0716055327640959
2010-07-23,83.13224792480469,23.469999313354492,0.008678965300338737,23.71229145740938,-0.2422921440548862
2010-07-26,83.99813842773438,22.729999542236328,0.010415819667392023,23.081846192025036,-0.3518466497887083
2010-07-27,83.99058532714844,23.190000534057617,-8.991985688389104e-05,23.07604632952005,0.113954204537567
2010-07-28,83.44849395751953,24.25,-0.006454192068282794,23.19158197592713,1.0584180240728713
2010-07-29,83.04188537597656,24.1299991607666,-0.004872569440857233,20.163495634296837,3.966503526469765
2010-07-30,83.02684783935547,23.5,-0.0001810837573473778,19.701483811936615,3.7985161880633846
2010-08-02,84.90166473388672,22.010000228881836,0.022580851174294203,20.58003553895801,1.4299646899238247
2010-08-03,84.49508666992188,22.6299991607666,-0.004788811447210217,20.54096052333076,2.0890386374358414
2010-08-04,85.05978393554688,22.209999084472656,0.006683196477813791,20.542579652404115,1.6674194320685416
2010-08-05,84.96943664550781,22.100000381469727,-0.0010621622329480829,18.113929577643393,3.9860708038263333
2010-08-06,84.62305450439453,21.739999771118164,-0.004076549813533337,18.09026867851085,3.6497310926073148
2010-08-09,85.0748291015625,22.139999389648438,0.005338670410963475,18.029160280540385,4.110839109108053
2010-08-10,84.61553955078125,22.3700008392334,-0.005398653816076959,18.216816342948874,4.153184496284524
2010-08-11,82.2964859008789,25.389999389648438,-0.02740694749704442,20.19399700610198,5.196002383546457
2010-08-12,81.79200744628906,25.729999542236328,-0.006130012102794513,20.30250795769886,5.427491584537467
2010-08-13,81.55106353759766,26.239999771118164,-0.002945812386981994,20.320335819430056,5.919663951688108
2010-08-16,81.513427734375,26.100000381469727,-0.00046149984549626044,17.792334166160543,8.307666215309183
2010-08-17,82.5148696899414,24.329999923706055,0.012285607210995586,18.157893737405605,6.17210618630045
2010-08-18,82.6654281616211,24.59000015258789,0.0018246223043849596,17.79375325112522,6.79624690146267
2010-08-19,81.22731018066406,26.440000534057617,-0.017396849117448876,18.277006717302697,8.16299381675492
2010-08-20,80.96377563476562,25.489999771118164,-0.0032444081345582854,16.473985859875174,9.01601391124299
2010-08-23,80.6550521850586,25.65999984741211,-0.0038131058894746994,16.133609635690537,9.526390211721573
2010-08-24,79.45789337158203,27.459999084472656,-0.014842948842556658,16.177340138277096,11.28265894619556
2010-08-25,79.76660919189453,26.700000762939453,0.0038852756751150963,16.312879393581515,10.387121369357939
2010-08-26,79.23200225830078,27.3700008392334,-0.006702139391529638,16.320860828436718,11.04914001079668
2010-08-27,80.4593276977539,24.450000762939453,0.015490274188098674,17.421814164684584,7.0281865982548695
2010-08-30,79.29222869873047,27.209999084472656,-0.014505453033458737,17.988237801382027,9.221761283090629
2010-08-31,79.29222869873047,26.049999237060547,0.0,15.625676733641733,10.424322503418814
2010-09-01,81.66400909423828,23.889999389648438,0.02991188965717373,19.359574442524764,4.530424947123674
2010-09-02,82.42447662353516,23.190000534057617,0.00931215033074495,19.521206153520957,3.66879438053666
2010-09-03,83.49366760253906,21.309999465942383,0.012971765460972451,20.1493676526124,1.1606318133299816
2010-09-07,82.55248260498047,23.799999237060547,-0.011272531493513815,20.450669661562603,3.3493295754979435
2010-09-08,83.13224792480469,23.25,0.007022990726983203,20.52567195875597,2.7243280412440285
2010-09-09,83.51624298095703,22.809999465942383,0.004619086644928494,20.54973320616879,2.2602662597735943
2010-09-10,83.93789672851562,21.989999771118164,0.005048763360376851,18.13776392419409,3.8522358469240743
2010-09-13,84.8715591430664,21.209999084472656,0.011123252439485976,18.267116068314056,2.9428830161586
2010-09-14,84.81880950927734,21.559999465942383,-0.000621523091146936,18.208290305257517,3.351709160684866
2010-09-15,85.1426010131836,22.100000381469727,0.003817449287246033,18.197659713082942,3.9023406683867847
2010-09-16,85.12000274658203,21.719999313354492,-0.0002654166813398362,17.831578657155166,3.888420656199326
2010-09-17,85.15176391601562,22.010000228881836,0.00037313402735850154,17.835759332924397,4.174240895957439
2010-09-20,86.45380401611328,21.5,0.015290817714379346,17.0559154766782,4.4440845233217985
2010-09-21,86.2796859741211,22.350000381469727,-0.0020140009334896902,17.004144039751644,5.345856341718083
2010-09-22,85.85578155517578,22.510000228881836,-0.004913142811767579,17.06455196791215,5.4454482609696875
2010-09-23,85.15937042236328,23.8700008392334,-0.008111406363064178,16.319000179927638,7.55100065930576
2010-09-24,86.91553497314453,21.709999084472656,0.020622094105102295,17.382737920070586,4.327261164402071
2010-09-27,86.49920654296875,22.540000915527344,-0.004790034719390768,17.244364436978216,5.2956364785491274
2010-09-28,86.80200958251953,22.600000381469727,0.003500645285114512,16.752221248326073,5.8477791331436535
2010-09-29,86.65062713623047,23.25,-0.0017439970228471102,15.54739683331231,7.702603166687689
2010-09-30,86.39324188232422,23.700000762939453,-0.002970379585384819,15.683881224722644,8.01611953821681
2010-10-01,86.75658416748047,22.5,0.004205679486494418,12.582650050001517,9.917349949998483
2010-10-04,86.1055679321289,23.530000686645508,-0.007503940382147856,12.850911949369637,10.67908873727587
2010-10-05,87.83905029296875,21.760000228881836,0.020132058849042567,13.81630933364853,7.943690895233306
2010-10-06,87.83148956298828,21.489999771118164,-8.607481473499323e-05,12.930963314524627,8.559036456593537
2010-10-07,87.72553253173828,21.559999465942383,-0.0012063672354550858,12.921592628648904,8.638406837293479
2010-10-08,88.2175521850586,20.709999084472656,0.005608625438008108,12.945642258679014,7.764356825793643
2010-10-11,88.30079650878906,18.959999084472656,0.0009436254086470086,12.927599530236868,6.032399554235788
2010-10-12,88.57334899902344,18.93000030517578,0.0030866368256059484,12.542021601658677,6.3879787035171045
2010-10-13,89.26216125488281,19.06999969482422,0.007776743948870735,12.652328387579498,6.417671307244721
2010-10-14,88.91392517089844,19.8799991607666,-0.0039012732728933575,12.829616001510374,7.050383159256228
2010-10-15,89.09562683105469,19.030000686645508,0.0020435680891042196,12.800948902001524,6.229051784643984
2010-10-18,89.53468322753906,19.09000015258789,0.004927923087818087,12.815971256869304,6.274028895718587
2010-10-19,88.36135864257812,20.6299991607666,-0.013104693540704315,12.997420036156468,7.6325791246101335
2010-10-20,89.22428894042969,19.790000915527344,0.009765923828108036,13.28252141281257,6.507479502714773
2010-10-21,89.4211196899414,19.270000457763672,0.002206022057997359,13.067678595174586,6.202321862589086
2010-10-22,89.5876693725586,18.780000686645508,0.001862531840293169,12.544284263066242,6.235716423579266
2010-10-25,89.85260772705078,19.850000381469727,0.0029573082584659627,10.672162189413163,9.177838192056564
2010-10-26,89.86774444580078,20.219999313354492,0.00016846165217576647,10.433324511799318,9.786674801555174
2010-10-27,89.6103744506836,20.709999084472656,-0.0028638750944995905,10.538210978309147,10.17178810616351
2010-10-28,89.6255111694336,20.8799991607666,0.00016891703491683785,10.483832750596124,10.396166410170478
2010-10-29,89.69363403320312,21.200000762939453,0.0007600834057253092,10.356474552941371,10.843526209998082
2010-11-01,89.72393035888672,21.829999923706055,0.000337775651640726,10.330240400236534,11.499759523469521
2010-11-02,90.43546295166016,21.56999969482422,0.007930243246449198,9.990077906572433,11.579921788251786
2010-11-03,90.7988052368164,19.559999465942383,0.004017696966404305,7.667098190366313,11.892901275576069
2010-11-04,92.54742431640625,18.520000457763672,0.0192581727813399,9.773211477020205,8.746788980743467
2010-11-05,92.89564514160156,18.260000228881836,0.003762620383737536,9.686224957017078,8.573775271864758
2010-11-08,92.72151184082031,18.290000915527344,-0.0018745044562187285,9.75441712677681,8.535583788750534
2010-11-09,92.05538940429688,19.079999923706055,-0.007184119664345068,10.297680668575373,8.782319255130682
2010-11-10,92.42630767822266,18.469999313354492,0.004029294496781244,10.31532036346547,8.154678949889021
2010-11-11,92.0781021118164,18.639999389648438,-0.0037673858791211767,10.282867269034405,8.357132120614033
2010-11-12,90.98806762695312,20.610000610351562,-0.011838151089817006,11.140007118872134,9.469993491479428
2010-11-15,90.85938262939453,20.200000762939453,-0.0014143063031758496,11.16833117661271,9.031669586326743
2010-11-16,89.44384765625,22.579999923706055,-0.015579403383339518,12.436991339400246,10.143008584305809
2010-11-17,89.4892578125,21.760000228881836,0.0005076945753108575,11.490285329730797,10.269714899151039
2010-11-18,90.80638885498047,18.75,0.014718314518153086,12.098453713884906,6.651546286115094
2010-11-19,91.05620574951172,18.040000915527344,0.0027510938126855677,12.107536718732216,5.932464196795127
2010-11-22,90.98046112060547,18.3700008392334,-0.0008318447741455515,12.116264675539359,6.25373616369404
2010-11-23,89.6633529663086,20.6299991607666,-0.01447682434309594,13.177078787113668,7.452920373652933
2010-11-24,90.98806762695312,19.559999465942383,0.014774315445712727,14.145814422521044,5.414185043421339
2010-11-26,89.92831420898438,22.219999313354492,-0.011647169190510676,14.733983405670104,7.486015907684388
2010-11-29,90.20079803466797,21.530000686645508,0.0030300114939370015,14.766286153858937,6.763714532786571
2010-11-30,89.69363403320312,23.540000915527344,-0.005622611024682089,14.90857639853095,8.631424516996393
2010-12-01,91.6012191772461,21.360000610351562,0.021267787447845077,16.625095445609045,4.734905164742518
2010-12-02,92.77454376220703,19.389999389648438,0.01280904987400433,16.962402681038974,2.427596708609464
2010-12-03,93.02432250976562,18.010000228881836,0.0026923198695409933,16.941561213310585,1.0684390155712506
2010-12-06,92.92591857910156,18.020000457763672,-0.0010578301245217636,15.624792770353316,2.3952076874103554
2010-12-07,92.97888946533203,17.989999771118164,0.0005700334959333198,15.573166728296565,2.416833042821599
2010-12-08,93.31951904296875,17.739999771118164,0.0036635152301289775,15.603350009495129,2.136649761623035
2010-12-09,93.682861328125,17.25,0.0038935293375113034,15.399754027155838,1.8502459728441618
2010-12-10,94.2278823852539,17.610000610351562,0.005817724281712122,15.458194049750821,2.1518065606007415
2010-12-13,94.28846740722656,17.549999237060547,0.000642962788073298,15.36328627926888,2.1867129577916664
2010-12-14,94.37171936035156,17.610000610351562,0.000882949478491879,14.619643635660143,2.9903569746914194
2010-12-15,93.94025421142578,17.940000534057617,-0.004571975077388046,14.746956525931068,3.1930440081265488
2010-12-16,94.48526763916016,17.389999389648438,0.005801702713170709,13.40168137154617,3.9883180181022677
2010-12-17,94.58648681640625,16.110000610351562,0.0010712694134777934,13.391757312333288,2.7182432980182742
2010-12-20,94.81478118896484,16.40999984741211,0.0024136045247320492,12.655615720791443,3.754384126620666
2010-12-21,95.4159164428711,16.489999771118164,0.006340100629544265,12.740052756531947,3.7499470145862173
2010-12-22,95.71270751953125,15.449999809265137,0.003110498622500346,12.692604622829261,2.7573951864358754
2010-12-23,95.57571411132812,16.469999313354492,-0.0014312980141656384,11.219852103881127,5.250147209473365
2010-12-27,95.61375427246094,17.670000076293945,0.0003980107445338277,10.405784986417785,7.26421508987616
2010-12-28,95.75074768066406,17.520000457763672,0.0014327793029937919,9.086262823969593,8.43373763379408
2010-12-29,95.81928253173828,17.280000686645508,0.0007157630904646162,9.12083546865414,8.159165217991367
2010-12-30,95.6670150756836,17.520000457763672,-0.0015891107930624537,8.745404728006738,8.774595729756934
2010-12-31,95.68986511230469,17.75,0.00023884968714682486,5.763197813080785,11.986802186919215
2011-01-03,96.67912292480469,17.610000610351562,0.01033816707066082,5.222200667113569,12.387799943237994
2011-01-04,96.6258316040039,17.3799991607666,-0.0005512184966989242,5.286168721753661,12.09383043901294
2011-01-05,97.1280517578125,17.020000457763672,0.005197576522464553,5.30183398078287,11.718166476980802
2011-01-06,96.93781280517578,17.399999618530273,-0.001958640672738654,5.464461752605369,11.935537865924903
2011-01-07,96.74759674072266,17.139999389648438,-0.0019622483626221543,5.593766641360003,11.546232748288435
2011-01-10,96.6258316040039,17.540000915527344,-0.0012585856478178892,5.6267608356439105,11.913240079883433
2011-01-11,96.9682388305664,16.889999389648438,0.003543640669151138,5.458494858358862,11.431504531289576
2011-01-12,97.84335327148438,16.239999771118164,0.009024753377722572,6.056941432831583,10.183058338286582
2011-01-13,97.68354797363281,16.389999389648438,-0.0016332769933605773,6.165166415783627,10.22483297386481
2011-01-14,98.39124298095703,15.460000038146973,0.007244771734900901,6.019528811905709,9.440471226241264
2011-01-18,98.55866241455078,15.869999885559082,0.0017015684376113782,5.877481123959347,9.992518761599735
2011-01-19,97.5922622680664,17.309999465942383,-0.009805329362319926,7.164977352784008,10.145022113158376
2011-01-20,97.462890625,17.989999771118164,-0.0013256342261136478,7.2217945200744,10.768205251043764
2011-01-21,97.68354797363281,18.469999313354492,0.002264013997715475,6.999574218681476,11.470425094673017
2011-01-24,98.23910522460938,17.649999618530273,0.005687316467318793,7.1468854461215425,10.503114172408731
2011-01-25,98.2923355102539,17.59000015258789,0.0005418441619844394,7.08600182577612,10.503998326811772
2011-01-26,98.67282104492188,16.639999389648438,0.0038709583274503245,7.1295158684624464,9.510483521185991
2011-01-27,98.91630554199219,16.149999618530273,0.0024675943637961772,7.1371045709154615,9.012895047614812
2011-01-28,97.18896484375,20.040000915527344,-0.01746264873902814,9.718984481626816,10.321016433900528
2011-01-31,97.9194564819336,19.530000686645508,0.007516199389076661,9.958350055231309,9.5716506314142
2011-02-01,99.48700714111328,17.6299991607666,0.01600857189672933,11.201738784814342,6.428260375952259
2011-02-02,99.29676055908203,17.299999237060547,-0.0019122756578796585,10.833833522221576,6.46616571483897
2011-02-03,99.51748657226562,16.690000534057617,0.0022228923878364615,10.816868921384291,5.873131612673326
2011-02-04,99.79900360107422,15.930000305175781,0.002828819723096343,10.743713919260493,5.186286385915288
2011-02-07,100.42298126220703,16.280000686645508,0.006252343596806265,10.804867487832128,5.47513319881338
2011-02-08,100.87959289550781,15.8100004196167,0.0045468838662392486,10.761655154592061,5.048345265024638
2011-02-09,100.65130615234375,15.869999885559082,-0.002262962573615135,10.805690273354095,5.064309612204987
2011-02-10,100.68931579589844,16.09000015258789,0.00037763686342184855,10.803164888371382,5.286835264216508
2011-02-11,101.29047393798828,15.6899995803833,0.0059704263291293636,10.596225464882163,5.093774115501137
2011-02-14,101.53398132324219,15.949999809265137,0.002404050211108455,10.529661936579624,5.420337872685513
2011-02-15,101.21436309814453,16.3700008392334,-0.003147894142751295,10.475773542360058,5.894227296873341
2011-02-16,101.85359954833984,16.719999313354492,0.006315669344038266,10.615251938969928,6.104747374384564
2011-02-17,102.15795135498047,16.59000015258789,0.0029881301003620298,9.77707182517796,6.8129283274099315
2011-02-18,102.37100219726562,16.43000030517578,0.002085504255511683,9.693231933342021,6.73676837183376
2011-02-22,100.31643676757812,20.799999237060547,-0.020069798923414095,12.423996699180414,8.376002537880133
2011-02-23,99.7000732421875,22.1299991607666,-0.006144192768914536,12.572304599661152,9.55769456110545
2011-02-24,99.63157653808594,21.31999969482422,-0.0006870276206836223,12.581864903140719,8.7381347916835
2011-02-25,100.69696807861328,19.219999313354492,0.010693312075816364,13.014751792534055,6.205247520820437
2011-02-28,101.3208999633789,18.350000381469727,0.006196133773149315,13.131311320371452,5.218689061098274
2011-03-01,99.63157653808594,21.010000228881836,-0.01667300059418686,12.992190249366455,8.01780997951538
2011-03-02,99.84471130371094,20.700000762939453,0.002139229078077731,12.79562274630888,7.904378016630574
2011-03-03,101.56438446044922,18.600000381469727,0.017223477681329813,12.981244049770527,5.618756331699199
2011-03-04,100.80343627929688,19.059999465942383,-0.007492273843777042,13.28034057829245,5.7796588876499335
2011-03-07,100.0120620727539,20.65999984741211,-0.007850666958915009,13.594401209622694,7.0655986377894155
2011-03-08,100.88719177246094,19.81999969482422,0.008750241536570114,13.886392905140768,5.93360678968345
2011-03-09,100.74261474609375,20.219999313354492,-0.0014330563060300783,13.743431893918794,6.476567419435698
2011-03-10,98.87826538085938,21.8799991607666,-0.018506064885581708,15.077375536337833,6.802623624428769
2011-03-11,99.56309509277344,20.079999923706055,0.006925988327932675,15.307781601095845,4.772218322610209
2011-03-14,98.96194458007812,21.1299991607666,-0.006037884942559857,15.423745426610786,5.7062537341558155
2011-03-15,97.828125,24.31999969482422,-0.011457127129920752,15.642840969289743,8.677158725534476
2011-03-16,96.01708221435547,29.399999618530273,-0.018512496131808054,16.614721957279922,12.785277661250351
2011-03-17,97.28784942626953,26.3700008392334,0.013234803460045796,17.49321615399338,8.876784685240018
2011-03-18,97.64171600341797,24.440000534057617,0.0036373152375683837,17.36028173299234,7.079718801065276
2011-03-21,99.15497589111328,20.610000610351562,0.015498087801348648,18.323009878802416,2.286990731549146
2011-03-22,98.81102752685547,20.209999084472656,-0.003468795803404978,18.292552329475985,1.9174467549966714
2011-03-23,99.09383392333984,19.170000076293945,0.0028620934683378785,17.061872451399275,2.1081276248946708
2011-03-24,100.04150390625,18.0,0.009563359750953682,17.27677004415165,0.7232299558483497
2011-03-25,100.34722900390625,17.90999984741211,0.0030559826243989896,17.300667600779807,0.6093322466323023
2011-03-28,100.10264587402344,19.440000534057617,-0.0024373680500264783,16.909610208942993,2.530390325114624
2011-03-29,100.77516174316406,18.15999984741211,0.006718262671967512,16.935550156927196,1.2244496904849136
2011-03-30,101.47067260742188,17.709999084472656,0.006901610002178815,15.989322737473739,1.7206763469989177
2011-03-31,101.33306884765625,17.739999771118164,-0.001356093896193955,16.001574013544303,1.7384257575738609
2011-04-01,101.76107788085938,17.399999618530273,0.0042237843782919615,14.912223162367114,2.487776456163159
2011-04-04,101.84512329101562,17.5,0.0008259091973716881,14.652331961848972,2.8476680381510278
2011-04-05,101.82984924316406,17.25,-0.00014997328647659014,14.336766516598171,2.9132334834018287
2011-04-06,102.15083312988281,16.899999618530273,0.0031521591076135724,14.079236621110343,2.82076299741993
2011-04-07,101.8910140991211,17.110000610351562,-0.002543484206647295,14.104974664082107,3.0050259462694555
2011-04-08,101.5394058227539,17.8700008392334,-0.0034508271359939835,12.399498038322495,5.470502800910904
2011-04-11,101.23372650146484,16.59000015258789,-0.0030104501677177264,12.30830762580991,4.281692526777981
2011-04-12,100.47711181640625,17.09000015258789,-0.007473938885847908,12.418702586861269,4.671297565726622
2011-04-13,100.46946716308594,16.920000076293945,-7.608352969257215e-05,11.608128729680681,5.311871346613264
2011-04-14,100.54591369628906,16.270000457763672,0.0007608931883658077,9.117106453573511,7.152894004190161
2011-04-15,100.91275024414062,15.319999694824219,0.003648448100632251,8.217219981913432,7.102779712910786
2011-04-18,99.78163146972656,16.959999084472656,-0.011208878676653988,9.323854294557378,7.636144789915278
2011-04-19,100.35481262207031,15.829999923706055,0.005744355387871769,7.926926397320927,7.9030735263851275
2011-04-20,101.72284698486328,15.069999694824219,0.013631975657658835,8.969947127184682,6.100052567639537
2011-04-21,102.24254608154297,14.6899995803833,0.005108971210342039,9.049536765768483,5.640462814614818
2011-04-25,102.13556671142578,15.770000457763672,-0.001046329284795644,8.594173378892018,7.175827078871654
2011-04-26,103.01444244384766,15.619999885559082,0.008604991979973553,8.968194943431476,6.651804942127606
2011-04-27,103.68698120117188,15.350000381469727,0.006528587073514558,9.03933626271807,6.310664118751657
2011-04-28,104.02326202392578,14.619999885559082,0.0032432309134495796,8.874527698796848,5.745472186762234
2011-04-29,104.26781463623047,14.75,0.0023509415831282077,8.664778937823673,6.085221062176327
2011-05-02,104.10734558105469,15.989999771118164,-0.001539008520852092,8.67209877843947,7.317900992678695
2011-05-03,103.73282623291016,16.700000762939453,-0.0035974344178523188,8.762740466258478,7.937260296680975
2011-05-04,103.04502868652344,17.079999923706055,-0.006630471484912692,9.146070195687024,7.933929728019031
2011-05-05,102.11262512207031,18.200000762939453,-0.009048506039914028,9.735268378627108,8.464732384312345
2011-05-06,102.56356048583984,18.399999618530273,0.0044160588686312785,9.794046785317413,8.60595283321286
2011-05-09,102.96098327636719,17.15999984741211,0.0038748926874687672,9.81901293153201,7.3409869158801
2011-05-10,103.83985900878906,15.90999984741211,0.00853600756767059,10.08331562581092,5.826684221601189
2011-05-11,102.74695587158203,16.950000762939453,-0.010524890419145616,10.7799616865801,6.170039076359354
2011-05-12,103.2361068725586,16.030000686645508,0.004760734727634386,10.434558618925065,5.595442067720443
2011-05-13,102.44125366210938,17.06999969482422,-0.0076993721918479086,10.88664892679298,6.183350768031239
2011-05-16,101.79165649414062,18.239999771118164,-0.006341167691205407,11.176194308592132,7.063805462526032
2011-05-17,101.77635955810547,17.549999237060547,-0.0001502769142580629,11.123419347191483,6.426579889869064
2011-05-18,102.68579864501953,16.229999542236328,0.008935661393890237,10.646437962994797,5.583561579241531
2011-05-19,102.93038177490234,15.520000457763672,0.0023818593526094833,10.536246740709172,4.983753717054499
2011-05-20,102.11262512207031,17.43000030517578,-0.00794475487927726,9.971797046634899,7.458203258540882
2011-05-23,100.92803192138672,18.270000457763672,-0.0116008495449752,10.596027628571612,7.67397282919206
2011-05-24,100.84395599365234,17.81999969482422,-0.0008330285068856025,10.59513986968312,7.224859825141099
2011-05-25,101.18023681640625,17.06999969482422,0.0033346651213790324,10.1678530338685,6.902146660955719
2011-05-26,101.64641571044922,16.09000015258789,0.00460741058442915,10.013135626429413,6.076864526158477
2011-05-27,102.03617858886719,15.979999542236328,0.003834497022779937,10.046203573447503,5.933795968788825
2011-05-31,103.09852600097656,15.449999809265137,0.010411477838560224,10.738908033561739,4.711091775703398
2011-06-01,100.7828140258789,18.299999237060547,-0.022461155022485246,13.16248756853819,5.137511668522357
2011-06-02,100.67585754394531,18.09000015258789,-0.0010612571495188794,13.141145306388225,4.948854846199666
2011-06-03,99.67465209960938,17.950000762939453,-0.009944841481970057,13.356060913237547,4.593939849701906
2011-06-06,98.61994934082031,18.489999771118164,-0.010581454126722734,13.474556005675797,5.015443765442367
2011-06-07,98.558837890625,18.06999969482422,-0.0006196662095628858,13.302071565864736,4.767928128959483
2011-06-08,98.14614868164062,18.790000915527344,-0.004187236962375218,13.156407538597692,5.633593376929651
2011-06-09,98.89509582519531,17.770000457763672,0.007630937674223626,13.066385207255069,4.703615250508603
2011-06-10,97.51941680908203,18.860000610351562,-0.013910487720694475,13.38406423734069,5.475936373010873
2011-06-13,97.59585571289062,19.610000610351562,0.0007838326592768396,13.183519045199766,6.426481565151796
2011-06-14,98.83396911621094,18.260000228881836,0.01268612682655923,14.059751256838199,4.200248972043637
2011-06-15,97.07617950439453,21.31999969482422,-0.017785277951850365,15.06218815825405,6.257811536570168
2011-06-16,97.29015350341797,22.729999542236328,0.002204186445282863,15.124768416235668,7.60523112600066
2011-06-17,97.58049774169922,21.850000381469727,0.0029843126752908677,14.712472332562093,7.137528048907633
2011-06-20,98.07970428466797,19.989999771118164,0.005115843375693485,14.853872481399122,5.136127289719042
2011-06-21,99.423828125,18.860000610351562,0.013704403476083371,15.679099067085843,3.180901543265719
2011-06-22,98.82470703125,18.520000457763672,-0.006025930655141898,15.329200580945898,3.190799876817774
2011-06-23,98.5405502319336,19.290000915527344,-0.0028753619196315583,15.343426541158662,3.946574374368682
2011-06-24,97.39616394042969,21.100000381469727,-0.01161335398280583,15.674772799477521,5.425227581992205
2011-06-27,98.2640380859375,20.559999465942383,0.008910763118336273,15.963497527060804,4.596501938881579
2011-06-28,99.54669952392578,19.170000076293945,0.013053213189412327,16.660367670561136,2.509632405732809
2011-06-29,100.39918518066406,17.270000457763672,0.008563675750328459,16.51080363555074,0.7591968222129317
2011-06-30,101.3592529296875,16.520000457763672,0.00956250538583392,14.972628032418703,1.5473724253449692
2011-07-01,102.85697937011719,15.869999885559082,0.014776415543124255,15.773092856256971,0.09690702930211081
2011-07-05,102.7724838256836,16.059999465942383,-0.0008214857654874619,15.279357405146815,0.780642060795568
2011-07-06,102.8953857421875,16.34000015258789,0.001195864028277871,14.63690965092648,1.7030905016614106
2011-07-07,103.96294403076172,15.949999809265137,0.010375181363808439,14.876535254914675,1.073464554350462
2011-07-08,103.22561645507812,15.949999809265137,-0.007092215236473298,15.075911884097145,0.8740879251679914
2011-07-11,101.3592529296875,18.389999389648438,-0.018080429930906083,16.523773753057434,1.866225636591004
2011-07-12,100.9214859008789,19.8700008392334,-0.004318964634755895,15.731905753739287,4.138095085494111
2011-07-13,101.25942993164062,19.90999984741211,0.0033485835820297183,15.738560502930246,4.171439344481863
2011-07-14,100.56050109863281,20.799999237060547,-0.00690235796784211,15.492777808840986,5.307221428219561
2011-07-15,101.14421844482422,19.530000686645508,0.005804638399910855,13.996509890828799,5.533490795816709
2011-07-18,100.3147201538086,20.950000762939453,-0.008201143908864394,14.434094863310218,6.515905899629235
2011-07-19,101.94300842285156,19.209999084472656,0.01623179795095253,15.308934515150177,3.901064569322479
2011-07-20,101.88153839111328,19.09000015258789,-0.0006029842819951226,15.296528459203284,3.793471693384607
2011-07-21,103.29474639892578,17.559999465942383,0.013871090190916924,15.312895748787572,2.247103717154811
2011-07-22,103.3638916015625,17.520000457763672,0.0006693970898545842,15.051602946185442,2.46839751157823
2011-07-25,102.78787231445312,19.350000381469727,-0.00557273220061949,15.194162964858634,4.155837416611092
2011-07-26,102.4038314819336,20.229999542236328,-0.003736246542244359,14.531899637860022,5.698099904376306
2011-07-27,100.30706024169922,22.979999542236328,-0.02047551551432225,16.334376413732386,6.645623128503942
2011-07-28,100.01520538330078,23.739999771118164,-0.002909614315235509,15.780615026130729,7.959384744987435
2011-07-29,99.33162689208984,25.25,-0.006834745662833708,15.662095497646328,9.587904502353672
2011-08-01,98.90924072265625,23.65999984741211,-0.00425228280910428,15.274247781650105,8.385752065762004
2011-08-02,96.38232421875,24.790000915527344,-0.025547830368972124,16.336753274000785,8.45324764152656
2011-08-03,96.90462493896484,23.3799991607666,0.005419050893911148,16.584709552484014,6.795289608282587
2011-08-04,92.36544036865234,31.65999984741211,-0.04684177430304792,22.45617106605175,9.203828781360361
2011-08-05,92.2271957397461,32.0,-0.001496713796355853,21.796834027296754,10.203165972703246
2011-08-08,86.2210464477539,48.0,-0.06512340794726978,30.01821544737166,17.98178455262834
2011-08-09,90.23026275634766,35.060001373291016,0.046499276844466975,35.261320349089495,-0.20131897579847902
2011-08-10,86.24410247802734,42.9900016784668,-0.04417764236245547,37.74002081912863,5.249980859338166
2011-08-11,90.11505126953125,39.0,0.04488363470986467,41.731940413425725,-2.7319404134257255
2011-08-12,90.72181701660156,36.36000061035156,0.006733234221389939,41.928898280922525,-5.568897670570962
2011-08-15,92.64191436767578,31.8700008392334,0.021164670354021364,42.73692244540837,-10.86692160617497
2011-08-16,91.85083770751953,32.849998474121094,-0.008539079374122571,42.7414437617954,-9.891445287674308
2011-08-17,91.9122543334961,31.579999923706055,0.0006686561332420737,42.156575482825765,-10.57657555911971
2011-08-18,87.94915008544922,42.66999816894531,-0.04311834452092833,44.175370146841736,-1.5053719778964236
2011-08-19,86.51290893554688,43.04999923706055,-0.016330358491320585,43.64717168619593,-0.5971724491353854
2011-08-22,86.58203125,42.439998626708984,0.0007989826640162345,43.65045410347003,-1.210455476761048
2011-08-23,89.4314956665039,36.27000045776367,0.03291057480825632,45.90186635269151,-9.631865894927842
2011-08-24,90.69110107421875,35.900001525878906,0.014084583941344375,46.43466459346922,-10.534663067590316
2011-08-25,89.30863189697266,39.7599983215332,-0.015243713670591852,46.2550477981384,-6.495049476605196
2011-08-26,90.60660552978516,35.59000015258789,0.01453357424968571,46.75148619221502,-11.161486039627128
2011-08-29,93.21027374267578,32.279998779296875,0.02873596464260797,48.11033369655128,-15.830334917254405
2011-08-30,93.45606231689453,32.88999938964844,0.0026369257845684224,48.13939350531143,-15.249394115662994
2011-08-31,93.87079620361328,31.6200008392334,0.00443774193387747,47.4266417570517,-15.8066409178183
2011-09-01,92.8876953125,31.81999969482422,-0.01047291522893723,47.48241156926578,-15.66241187444156
2011-09-02,90.51443481445312,33.91999816894531,-0.02554978342462444,45.4548674719152,-11.534869302969888
2011-09-06,89.85389709472656,37.0,-0.00729759536233765,45.51415277582746,-8.514152775827462
2011-09-07,92.38848876953125,33.380001068115234,0.02820792148984541,40.06311615408766,-6.683115085972425
2011-09-08,91.42845153808594,34.31999969482422,-0.010391307880792233,37.12670932853849,-2.80670963371427
2011-09-09,89.03211212158203,38.52000045776367,-0.02620999673723745,34.82924923948727,3.6907512182764037
2011-09-12,89.60814666748047,38.59000015258789,0.006469963838573234,31.185838275999235,7.404161876588656
2011-09-13,90.42996978759766,36.90999984741211,0.009171299158399426,31.26433190137663,5.645667946035481
2011-09-14,91.68190002441406,34.599998474121094,0.013844196119460639,30.739292505979748,3.860705968141346
2011-09-15,93.26406860351562,31.969999313354492,0.01725715303326214,31.16580471579261,0.8041945975618816
2011-09-16,93.8160629272461,30.979999542236328,0.0059186172337934995,31.213673720010487,-0.23367417777415866
2011-09-19,92.88189697265625,32.72999954223633,-0.00995742014151979,27.1334369621759,5.596562580060429
2011-09-20,92.77381134033203,32.86000061035156,-0.0011636888979134064,26.285684295806423,6.57431631454514
2011-09-21,90.0408935546875,37.31999969482422,-0.029457858270143467,28.654948410065888,8.66505128475833
2011-09-22,87.13035583496094,41.349998474121094,-0.032324620567640294,28.70536374263855,12.644634731482544
2011-09-23,87.6552963256836,41.25,0.006024771570048104,28.30166084543132,12.948339154568679
2011-09-26,89.73976135253906,39.02000045776367,0.0237802518984207,29.12488250616445,9.895117951599222
2011-09-27,90.74339294433594,37.709999084472656,0.011183800543598021,28.94246410799201,8.767534976480647
2011-09-28,88.89054870605469,41.08000183105469,-0.020418502969332675,27.83006067694786,13.249941154106828
2011-09-29,89.59309387207031,38.84000015258789,0.007903485536340016,28.002512988035804,10.837487164552087
2011-09-30,87.35421752929688,42.959999084472656,-0.02498938529760253,29.006191537203176,13.95380754726948
2011-10-03,84.8683090209961,45.45000076293945,-0.028457796069972896,30.21360050758829,15.236400255351164
2011-10-04,86.72891235351562,40.81999969482422,0.021923417044390714,30.445036835414456,10.374962859409763
2011-10-05,88.33470916748047,37.810001373291016,0.018515126852040487,31.168278757312745,6.641722615978271
2011-10-06,89.93279266357422,36.27000045776367,0.018091229496933314,30.170033625071696,6.099966832691976
2011-10-07,89.33058166503906,36.20000076293945,-0.006696233717415456,30.053718224449888,6.146282538489565
2011-10-10,92.3183364868164,33.02000045776367,0.03344604687541897,30.826763827358068,2.193236630405604
2011-10-11,92.41095733642578,32.86000061035156,0.001003276847634682,30.782960729775155,2.0770398805764074
2011-10-12,93.22159576416016,31.260000228881836,0.008772102909649693,30.770975245590442,0.48902498329139377
2011-10-13,93.03630065917969,30.700000762939453,-0.001987684328524475,30.466284225069717,0.23371653786973567
2011-10-14,94.62665557861328,28.239999771118164,0.017093918268091368,30.455274945398664,-2.2152751742804995
2011-10-17,92.82015228271484,33.38999938964844,-0.019090850087136846,31.156734458398205,2.2332649312502326
2011-10-18,94.63439178466797,31.559999465942383,0.01954575011283377,31.67921924753155,-0.11921978158916602
2011-10-19,93.51495361328125,34.439998626708984,-0.011829084017720537,31.988364235338285,2.4516343913706997
2011-10-20,93.92413330078125,34.779998779296875,0.004375553552559142,30.076177807247667,4.703820972049208
2011-10-21,95.70750427246094,31.31999969482422,0.018987356167223357,27.826401088698177,3.4935986061260422
2011-10-24,96.88096618652344,29.260000228881836,0.012260918545340838,27.949440726865436,1.3105595020163996
2011-10-25,94.99725341796875,32.220001220703125,-0.019443579504853425,28.28394877941191,3.9360524412912135
2011-10-26,95.96227264404297,29.860000610351562,0.010158390809767104,28.24816140793328,1.611839202418281
2011-10-27,99.30513763427734,25.459999084472656,0.034835200314963455,28.996230047602626,-3.53623096312997
2011-10-28,99.2819595336914,24.530000686645508,-0.00023340283431561026,29.046382954572163,-4.516382267926655
2011-10-31,96.8886947631836,29.959999084472656,-0.02410573664891913,28.932584867258154,1.0274142172145027
2011-11-01,94.18663024902344,34.77000045776367,-0.027888336412876358,28.849909393827446,5.920091063936226
2011-11-02,95.72293090820312,32.7400016784668,0.01631123923977107,28.501696064601255,4.238305613865542
2011-11-03,97.46770477294922,30.5,0.018227334330363387,28.484495929048897,2.0155040709511027
2011-11-04,96.87327575683594,30.15999984741211,-0.00609872795812727,28.299529562711314,1.8604702847007957
2011-11-07,97.47542572021484,29.850000381469727,0.006215852191169713,28.05442979076191,1.7955705907078183
2011-11-08,98.72608947753906,27.479999542236328,0.012830554450862452,26.2049102930642,1.2750892491721295
2011-11-09,95.08219146728516,36.15999984741211,-0.03690916990166937,29.688612185923187,6.471387661488922
2011-11-10,95.97769165039062,32.810001373291016,0.009418169367852558,29.709319301303132,3.100682071987883
2011-11-11,97.78425598144531,30.040000915527344,0.018822752454135783,30.265975184519352,-0.22597426899200812
2011-11-14,96.85783386230469,31.1299991607666,-0.00947414396972468,30.055580804056458,1.0744183567101437
2011-11-15,97.33647155761719,31.219999313354492,0.004941651864659002,29.142153888028066,2.0778454253264265
2011-11-16,95.79240417480469,33.5099983215332,-0.015863194526200886,29.10259371781665,4.407404603716554
2011-11-17,94.27153015136719,34.5099983215332,-0.015876770570056542,29.35553905209233,5.154459269440874
2011-11-18,94.17118835449219,32.0,-0.0010643913036511021,29.326621341986247,2.6733786580137533
2011-11-21,92.38008880615234,32.90999984741211,-0.019019612894737414,29.22838034087994,3.6816195065321686
2011-11-22,92.01724243164062,31.969999313354492,-0.003927755203538608,28.80139420761445,3.168605105740042
2011-11-23,89.98683166503906,33.97999954223633,-0.022065546770866917,29.01167985756792,4.968319684668408
2011-11-25,89.81697845458984,34.470001220703125,-0.001887534068111929,28.651619809794237,5.818381410908888
2011-11-28,92.4186782836914,32.130001068115234,0.028966681732863542,27.73279847993471,4.397202588180523
2011-11-29,92.68116760253906,30.639999389648438,0.002840219355246587,27.795577828207772,2.844421561440665
2011-11-30,96.4949722290039,27.799999237060547,0.04114972572227682,30.635886540402126,-2.835887303341579
2011-12-01,96.47954559326172,27.40999984741211,-0.00015986983970084356,28.91481761628735,-1.5048177688752418
2011-12-02,96.39458465576172,27.520000457763672,-0.0008806108795140766,28.39922425436142,-0.8792237965977492
2011-12-05,97.44456481933594,27.84000015258789,0.01089252230634985,27.931657365390915,-0.09165721280302463
2011-12-06,97.47542572021484,28.1299991607666,0.00031670212634349326,27.839489943428113,0.29050921733848867
2011-12-07,97.83826446533203,28.670000076293945,0.0037223612252657023,27.78767302220537,0.8823270540885737
2011-12-08,95.69206237792969,30.59000015258789,-0.021936224023708317,28.418592850165396,2.1714073024224945
2011-12-09,97.31330871582031,26.3799991607666,0.016942328314417665,25.938889352506166,0.44110980826043544
2011-12-12,95.8927993774414,25.670000076293945,-0.014597277156890853,26.31518523898087,-0.6451851626869249
2011-12-13,94.99725341796875,25.40999984741211,-0.009339032391240565,25.587126865254106,-0.1771270178419968
2011-12-14,93.98589324951172,26.040000915527344,-0.010646204306636653,25.63774568064327,0.40225523488407333
2011-12-15,94.32557678222656,25.110000610351562,0.0036141969924472495,25.60106355939912,-0.49106294904755643
2011-12-16,94.4654312133789,24.290000915527344,0.0014826777203307273,25.063482579510037,-0.7734816639826931
2011-12-19,93.45543670654297,24.920000076293945,-0.010691683654675321,24.725958186611646,0.19404188968229974
2011-12-20,96.28340148925781,23.219999313354492,0.030260034968269123,26.890166682266564,-3.6701673689120717
2011-12-21,96.46989440917969,21.43000030517578,0.00193691661321993,25.865860178456103,-4.435859873280322
2011-12-22,97.32447814941406,21.15999984741211,0.00885855370183819,25.86404374604985,-4.704043898637739
2011-12-23,98.19462585449219,20.729999542236328,0.008940687087397148,24.290620962792627,-3.5606214205562985
2011-12-27,98.27230834960938,21.90999984741211,0.000791107399628066,24.222616187286388,-2.3126163398742783
2011-12-28,96.98263549804688,23.520000457763672,-0.01312346146357335,23.21174629267104,0.3082541650926309
2011-12-29,97.98487091064453,22.649999618530273,0.010334173818341341,23.374302130740134,-0.7243025122098601
2011-12-30,97.50318908691406,23.399999618530273,-0.004915879556240177,18.849492164695665,4.550507453834609
2012-01-03,99.05699157714844,22.969999313354492,0.01593591455608001,19.582243507489228,3.3877558058652646
2012-01-04,99.21238708496094,22.219999313354492,0.0015687485086952613,19.565803234210684,2.6541960791438086
2012-01-05,99.47657012939453,21.479999542236328,0.0026628030248618817,19.270577269216385,2.2094222730199427
2012-01-06,99.22014617919922,20.6299991607666,-0.0025777321218631855,19.310558934355914,1.3194402264106877
2012-01-09,99.46099853515625,21.06999969482422,0.002427454153534736,19.292043344637904,1.7779563501863151
2012-01-10,100.3233871459961,20.690000534057617,0.008670620881963353,17.57325497636825,3.1167455576893666
2012-01-11,100.37776184082031,21.049999237060547,0.0005419942086393181,16.75192516649435,4.298074070566198
2012-01-12,100.61860656738281,20.469999313354492,0.00239938331106071,15.691295317219481,4.778703996135011
2012-01-13,100.09806823730469,20.90999984741211,-0.005173380429687513,15.363577255617395,5.546422591794714
2012-01-17,100.48651123046875,22.200000762939453,0.0038806242718207873,14.59790823751043,7.602092525429024
2012-01-18,101.59754943847656,20.889999389648438,0.011056590525464705,14.848122585270506,6.041876804377932
2012-01-19,102.13359069824219,19.8700008392334,0.005276123909762509,14.83862253962236,5.031378299611038
2012-01-20,102.51427459716797,18.280000686645508,0.003727313377736019,13.87821782240756,4.401782864237948
2012-01-23,102.25013732910156,18.670000076293945,-0.0025765901295633498,10.41306055681753,8.256939519476415
2012-01-24,102.13359069824219,18.90999984741211,-0.0011398188198442627,10.50261747997287,8.40738236743924
2012-01-25,102.98822784423828,18.309999465942383,0.00836783608755276,10.467922118156663,7.84207734778572
2012-01-26,102.45994567871094,18.56999969482422,-0.005129539332653921,10.54844035550553,8.021559339318689
2012-01-27,102.41328430175781,18.530000686645508,-0.00045541090856560107,10.57595450620851,7.954046180436999
2012-01-30,102.0636978149414,19.399999618530273,-0.0034134877052313106,9.283709875931686,10.116289742598587
2012-01-31,102.02484130859375,19.440000534057617,-0.00038070839269521706,8.870069893393158,10.56993064066446
2012-02-01,102.91827392578125,18.549999237060547,0.008757010603771986,8.80269161340422,9.747307623656328
2012-02-02,103.08145904541016,17.979999542236328,0.0015855796391084365,7.344573965121534,10.635425577114795
2012-02-03,104.5264663696289,17.100000381469727,0.014018110895987368,8.454332663118617,8.64566771835111
2012-02-06,104.4565658569336,17.760000228881836,-0.0006687350593880259,8.524784335068023,9.235215893813812
2012-02-07,104.72071838378906,17.649999618530273,0.002528826452300459,8.334837805488457,9.315161813041817
2012-02-08,105.03152465820312,18.15999984741211,0.002967953994308825,8.335647748860287,9.824352098551822
2012-02-09,105.16358947753906,18.6299991607666,0.0012573826740658323,8.04725956315679,10.582739597609812
2012-02-10,104.38665771484375,20.790000915527344,-0.007387839903099214,8.702542525729454,12.08745838979789
2012-02-13,105.16358947753906,19.040000915527344,0.007442826312321182,8.913230110182676,10.126770805344668
2012-02-14,105.03152465820312,19.540000915527344,-0.0012558036483163448,8.607331125267113,10.932669790260231
2012-02-15,104.54203796386719,21.139999389648438,-0.00466037883320114,8.913707791055566,12.226291598592871
2012-02-16,105.69965362548828,19.219999313354492,0.011073207335227098,8.915859965132377,10.304139348222115
2012-02-17,105.9793472290039,17.780000686645508,0.002646116556886957,8.836633635025663,8.943367051619845
2012-02-21,106.02596282958984,18.190000534057617,0.00043985551718117577,8.818545479901013,9.371455054156604
2012-02-22,105.68412017822266,18.190000534057617,-0.003224140976834322,8.860126770626934,9.329873763430683
2012-02-23,106.15025329589844,16.799999237060547,0.004410625899990528,8.853356281924754,7.946642955135793
2012-02-24,106.38333892822266,17.309999465942383,0.00219580853636292,8.533510271400981,8.776489194541401
2012-02-27,106.56199645996094,18.190000534057617,0.0016793751121011447,8.179668342124282,10.010332191933335
2012-02-28,106.87283325195312,17.959999084472656,0.00291695728607122,8.141493567659065,9.818505516813591
2012-02-29,106.45330047607422,18.43000030517578,-0.003925532458654457,8.18655096145886,10.243449343716922
2012-03-01,107.00486755371094,17.260000228881836,0.005181305559996963,8.207756781058839,9.052243447822997
2012-03-02,106.67858123779297,17.290000915527344,-0.003049266107022608,8.052175158106245,9.2378257574211
2012-03-05,106.24352264404297,18.049999237060547,-0.004078218783021059,8.29953996128594,9.750459275774606
2012-03-06,104.68965911865234,20.8700008392334,-0.01462548950486775,8.754323063877333,12.115677775356065
2012-03-07,105.41996765136719,19.06999969482422,0.006975937631883422,9.065965605716059,10.00403408910816
2012-03-08,106.46882629394531,17.950000762939453,0.009949335651921132,9.62712042974092,8.322880333198533
2012-03-09,106.88059997558594,17.110000610351562,0.0038675516202628657,9.657568506072899,7.452432104278664
2012-03-12,106.8883285522461,15.640000343322754,7.231037870214507e-05,9.65997966298829,5.980020680334464
2012-03-13,108.8150863647461,14.800000190734863,0.018025895236618128,10.882486027764244,3.917514162970619
2012-03-14,108.69853973388672,15.3100004196167,-0.001071052137648576,10.74500916032202,4.564991259294679
2012-03-15,109.32788848876953,15.420000076293945,0.005789854734236322,10.786398041623912,4.633602034670034
2012-03-16,109.47920989990234,14.470000267028809,0.0013841062260007142,10.520826484765653,3.9491737822631556
2012-03-19,109.90843963623047,15.039999961853027,0.003920650657970315,10.043441306798268,4.996558655054759
2012-03-20,109.5884780883789,15.579999923706055,-0.0029111645012025456,10.173689310681876,5.4063106130241785
2012-03-21,109.40902709960938,15.130000114440918,-0.0016374986850790085,10.22923381325705,4.900766301183868
2012-03-22,108.6208724975586,15.569999694824219,-0.007203743812959962,10.549499159566368,5.020500535257851
2012-03-23,108.97200775146484,14.819999694824219,0.0032326683245353927,10.513947560335064,4.306052134489155
2012-03-26,110.50147247314453,14.260000228881836,0.014035390860816177,11.407172551635906,2.85282767724593
2012-03-27,110.1581039428711,15.59000015258789,-0.0031073661064280333,11.535186746961315,4.054813405626575
2012-03-28,109.61190032958984,15.470000267028809,-0.004958360699132136,11.743205750625691,3.7267945164031175
2012-03-29,109.42459869384766,15.479999542236328,-0.0017087709927389172,11.64523803440459,3.834761507831738
2012-03-30,109.87722778320312,15.5,0.004136447332302673,11.607344354206713,3.892655645793287
2012-04-02,110.68093872070312,15.640000343322754,0.007314627004294083,11.67446471464641,3.965535628676344
2012-04-03,110.22834014892578,15.65999984741211,-0.004089218767103664,11.675160936921744,3.9848389104903656
2012-04-04,109.13590240478516,16.440000534057617,-0.009910679437471925,10.93088928194503,5.509111252112588
2012-04-05,109.08126831054688,16.700000762939453,-0.0005006060611991714,10.808638605615323,5.89136215732413
2012-04-09,107.85616302490234,18.809999465942383,-0.011231124322434005,11.240889777917774,7.569109688024609
2012-04-10,106.04582214355469,20.389999389648438,-0.01678476992482736,12.678519060276702,7.711480329371735
2012-04-11,106.90420532226562,20.020000457763672,0.00809445540955811,13.011800372911908,7.008200084851763
2012-04-12,108.30098724365234,17.200000762939453,0.013065734104435567,12.2383195892296,4.961681173709852
2012-04-13,107.01344299316406,19.549999237060547,-0.011888573532497948,12.891894902981946,6.658104334078601
2012-04-16,106.9432144165039,19.549999237060547,-0.0006562593885016677,12.673793165953093,6.876206071107454
2012-04-17,108.52725219726562,18.459999084472656,0.014811952206640111,13.798346488961716,4.66165259551094
2012-04-18,108.16049194335938,18.639999389648438,-0.0033794300185505666,13.743291991711828,4.896707397936609
2012-04-19,107.46603393554688,18.360000610351562,-0.006420625455144657,13.866768979230113,4.49323163112145
2012-04-20,107.64551544189453,17.440000534057617,0.0016701231056437393,13.891755478238935,3.5482450558186827
2012-04-23,106.74030303955078,18.969999313354492,-0.008409197527902368,13.968523864988642,5.00147544836585
2012-04-24,107.14608764648438,18.100000381469727,0.0038016062853338806,13.990563970478693,4.109436410991034
2012-04-25,108.61309051513672,16.81999969482422,0.013691613953208837,13.94516665724973,2.874833037574488
2012-04-26,109.36997985839844,16.239999771118164,0.006968675135491376,14.16865511471605,2.0713446564021147
2012-04-27,109.5494384765625,16.31999969482422,0.0016408398209124542,14.079644821233334,2.240354873590885
2012-04-30,109.14372253417969,17.149999618530273,-0.003703496321157407,14.127208109580106,3.022791508950167
2012-05-01,109.8226089477539,16.600000381469727,0.00622011415600765,14.223763437041912,2.3762369444278146
2012-05-02,109.49484252929688,16.8799991607666,-0.002984507667387115,14.003486898623319,2.876512262143283
2012-05-03,108.65989685058594,17.559999465942383,-0.007625433850800167,14.171032732672195,3.3889667332701876
2012-05-04,106.90420532226562,19.15999984741211,-0.016157677111864888,14.835388649405296,4.324611198006814
2012-05-07,106.98224639892578,18.940000534057617,0.000730009417542643,14.846120338447196,4.093880195610421
2012-05-08,106.55302429199219,19.049999237060547,-0.00401208725168356,14.416518505156933,4.633480731903614
2012-05-09,105.92098236083984,20.079999923706055,-0.0059317127350635435,13.324413726269457,6.755586197436598
2012-05-10,106.13945770263672,18.829999923706055,0.002062625713313393,13.021824543502522,5.808175380203533
2012-05-11,105.81951904296875,19.889999389648438,-0.0030143234815116493,12.099426608426812,7.790572781221625
2012-05-14,104.64903259277344,21.8700008392334,-0.011061158288954487,12.009315614401258,9.86068522483214
2012-05-15,104.04818725585938,21.969999313354492,-0.005741527867268115,12.117758865316206,9.852240448038286
2012-05-16,103.65023803710938,22.270000457763672,-0.0038246626802965755,10.627904219644831,11.64209623811884
2012-05-17,102.11299133300781,24.489999771118164,-0.014831096707671687,11.497467619717986,12.992532151400178
2012-05-18,101.23905944824219,25.100000381469727,-0.008558478929635793,11.607700413084121,13.492299968385606
2012-05-21,102.97917175292969,22.010000228881836,0.01718815163012377,13.459816337579698,8.550183891302138
2012-05-22,103.15864562988281,22.479999542236328,0.0017428172503048955,13.316403505626967,9.163596036609361
2012-05-23,103.21329498291016,22.329999923706055,0.0005297602803300272,13.19717435207129,9.132825571634765
2012-05-24,103.41613006591797,21.540000915527344,0.0019652030587862246,12.043532201836637,9.496468713690707
2012-05-25,103.08058166503906,21.760000228881836,-0.003244642790878216,11.562732176535881,10.197268052345954
2012-05-29,104.3291244506836,21.030000686645508,0.01211229860636287,12.591654286569131,8.438346400076377
2012-05-30,102.81529998779297,24.139999389648438,-0.014510084991714911,13.28181079000707,10.858188599641368
2012-05-31,102.5889892578125,24.059999465942383,-0.0022011386438335334,12.8747704869133,11.185228979029082
2012-06-01,100.00611877441406,26.65999984741211,-0.02517687816289449,14.953597725433815,11.706402121978295
2012-06-04,99.95932006835938,26.1200008392334,-0.00046795842722635594,14.95647127908246,11.163529560150938
2012-06-05,100.71622467041016,24.68000030517578,0.0075721263563333086,14.768607195434203,9.911393109741578
2012-06-06,102.97917175292969,22.15999984741211,0.02246854555882072,17.150044438184334,5.009955409227775
2012-06-07,103.04161834716797,21.719999313354492,0.0006064002377890176,17.148210843268128,4.571788470086364
2012-06-08,103.86092376708984,21.229999542236328,0.007951208774317431,17.372995235430427,3.8570043068059015
2012-06-11,102.54215240478516,23.559999465942383,-0.012697473837822382,17.805262054101124,5.754737411841258
2012-06-12,103.72047424316406,22.09000015258789,0.01149109718047936,18.358526483889527,3.7314736686983636
2012-06-13,103.05718231201172,24.270000457763672,-0.006394995163609751,18.10215821777637,6.167842239987301
2012-06-14,104.14959716796875,21.68000030517578,0.010600084646693375,18.407590664935437,3.272409640240344
2012-06-15,105.21479797363281,21.110000610351562,0.010227603703028665,18.670840608547774,2.4391600018037884
2012-06-18,105.41873168945312,18.31999969482422,0.0019382607746052383,17.78697722664834,0.5330224681758793
2012-06-19,106.43843078613281,18.3799991607666,0.009672845426404564,17.59805344189496,0.7819457188716399
2012-06-20,106.2658462524414,17.239999771118164,-0.0016214494371697974,16.800927430708672,0.43907234040949206
2012-06-21,103.8813705444336,20.079999923706055,-0.022438777764431816,18.742200507470862,1.3377994162351925
2012-06-22,104.68146514892578,18.110000610351562,0.007702002777773886,18.91240552938504,-0.8024049190334779
2012-06-25,103.00289154052734,20.3799991607666,-0.016035060323338124,19.773864124151867,0.6061350366147344
2012-06-26,103.52056121826172,19.719999313354492,0.005025778111585222,19.81651150610019,-0.09651219274569911
2012-06-27,104.45398712158203,19.450000762939453,0.00901681648877739,19.6115268375931,-0.1615260746536471
2012-06-28,104.1558837890625,19.709999084472656,-0.0028539200918443752,18.918587876428123,0.7914112080445328
2012-06-29,106.7521743774414,17.079999923706055,0.024926969979314206,20.651745215305624,-3.5717452915995693
2012-07-02,107.0737533569336,16.799999237060547,0.0030123880976435924,18.137231141743122,-1.3372319046825751
2012-07-03,107.77969360351562,16.65999984741211,0.006593027931212525,18.116383914710546,-1.456384067298437
2012-07-05,107.29338073730469,17.5,-0.00451210102711852,18.27018033960072,-0.7701803396007207
2012-07-06,106.27371978759766,17.100000381469727,-0.009503484210303226,17.327778678348587,-0.22777829687885998
2012-07-09,106.14041137695312,17.979999542236328,-0.001254387358520681,17.352619388183633,0.6273801540526946
2012-07-10,105.21479797363281,18.719999313354492,-0.008720650234085081,17.528069879874923,1.1919294334795687
2012-07-11,105.23048400878906,17.950000762939453,0.00014908582688311078,16.844768898168347,1.1052318647711061
2012-07-12,104.72067260742188,18.329999923706055,-0.004844712120915529,16.545745636511107,1.7842542871949476
2012-07-13,106.47764587402344,16.739999771118164,0.01677771181997767,17.25930500980679,-0.5193052386886272
2012-07-16,106.22663116455078,17.110000610351562,-0.0023574404506429003,16.990688112416585,0.11931249793497756
2012-07-17,106.95610809326172,16.479999542236328,0.006867175591598551,16.79941593132511,-0.3194163890887829
2012-07-18,107.74832153320312,16.15999984741211,0.007406902271075877,16.950786652678072,-0.790786805265963
2012-07-19,108.03067779541016,15.449999809265137,0.002620516572223508,16.674955356672733,-1.2249555474075962
2012-07-20,107.04237365722656,16.270000457763672,-0.009148365615693543,17.010862378966646,-0.7408619212029741
2012-07-23,105.9599380493164,18.6200008392334,-0.010112216040503275,15.383576485803802,3.2364243534295962
2012-07-24,105.05010223388672,20.469999313354492,-0.00858660199486172,15.522083500039932,4.947915813314561
2012-07-25,105.07366180419922,19.34000015258789,0.00022426984659240645,14.355697507495579,4.984302645092312
2012-07-26,106.80709075927734,17.530000686645508,0.016497273677473112,15.282436870796332,2.247563815849176
2012-07-27,108.77579498291016,16.700000762939453,0.018432336370530766,16.18479094886478,0.515209814074673
2012-07-30,108.77579498291016,18.030000686645508,0.0,16.107364395162296,1.9226362914832116
2012-07-31,108.01500701904297,18.93000030517578,-0.006994092426414467,14.07977049816769,4.850229807008091
2012-08-01,107.92083740234375,18.959999084472656,-0.0008718197526258464,14.060106821351384,4.899892263121272
2012-08-02,107.17568969726562,17.56999969482422,-0.006904576752866709,14.089939914923807,3.4800597799004116
2012-08-03,109.30138397216797,15.640000343322754,0.019833735438574696,15.600735683494,0.03926465982875449
2012-08-06,109.51310729980469,15.949999809265137,0.001937059897527238,15.13314314059385,0.8168566686712868
2012-08-07,110.06217193603516,15.989999771118164,0.005013688769941904,15.146525891530613,0.8434738795875507
2012-08-08,110.19552612304688,15.319999694824219,0.0012116259807157803,14.662604994511055,0.6573947003131639
2012-08-09,110.28960418701172,15.279999732971191,0.0008537375996535701,14.651939724378712,0.6280600085924792
2012-08-10,110.4700698852539,14.739999771118164,0.0016362892910213311,14.425166398845857,0.31483337227230734
2012-08-13,110.4151382446289,13.699999809265137,-0.0004972536061763622,13.495264788498657,0.20473502076647954
2012-08-14,110.43086242675781,14.850000381469727,0.00014240965848433262,13.426659400829022,1.4233409806407042
2012-08-15,110.55634307861328,14.630000114440918,0.001136282458526372,13.304871295369106,1.3251288190718125
2012-08-16,111.37210845947266,14.289999961853027,0.007378729778347637,13.303328443421684,0.9866715184313435
2012-08-17,111.52108764648438,13.449999809265137,0.0013376705269607658,13.298467831628907,0.15153197763623005
2012-08-20,111.5289306640625,14.020000457763672,7.032766397507828e-05,12.735665437388647,1.2843350203750248
2012-08-21,111.1916732788086,15.020000457763672,-0.003023945296039443,12.108395392596135,2.911605065167537
2012-08-22,111.23876190185547,15.109999656677246,0.0004234905515703158,11.470813132397184,3.6391865242800616
2012-08-23,110.3288803100586,15.960000038146973,-0.008179537206640775,12.058694669779205,3.901305368367767
2012-08-24,110.99560546875,15.180000305175781,0.0060430701083677985,11.012130210324392,4.16787009485139
2012-08-27,111.01911926269531,16.350000381469727,0.00021184436848664667,9.219260717101761,7.130739664367965
2012-08-28,110.90929412841797,16.489999771118164,-0.0009892452309721023,9.238973248401843,7.251026522716321
2012-08-29,110.99560546875,17.059999465942383,0.0007782155770650334,8.778669814839974,8.281329651102409
2012-08-30,110.19552612304688,17.829999923706055,-0.007208207408971545,9.2395509816563,8.590448942049754
2012-08-31,110.72106170654297,17.469999313354492,0.004769119055788806,8.856641056087431,8.61335825726706
2012-09-04,110.61911010742188,17.979999542236328,-0.0009207967982759468,5.8809518524149365,12.099047689821392
2012-09-05,110.52497863769531,17.739999771118164,-0.0008509512473491299,5.879035602914903,11.86096416820326
2012-09-06,112.768310546875,15.600000381469727,0.020297058066244045,8.954901521294149,6.645098860175578
2012-09-07,113.20746612548828,14.380000114440918,0.0038943172641638935,9.004466359835398,5.37553375460552
2012-09-10,112.5643081665039,16.280000686645508,-0.0056812327048416655,9.324174559871178,6.95582612677433
2012-09-11,112.8780746459961,16.40999984741211,0.0027874419929634353,9.342753372065566,7.067246475346543
2012-09-12,113.25458526611328,15.800000190734863,0.003335551401793424,9.357429182920027,6.442571007814836
2012-09-13,114.98018646240234,14.050000190734863,0.015236479761366217,10.525137522343119,3.5248626683917443
2012-09-14,115.48998260498047,14.510000228881836,0.00443377383758925,10.55515459476736,3.9548456341144753
2012-09-17,115.09780883789062,14.59000015258789,-0.0033957383856505485,10.536362885665532,4.053637266922358
2012-09-18,115.0036849975586,14.180000305175781,-0.0008177726516461759,10.56924607241595,3.610754232759831
2012-09-19,115.06644439697266,13.880000114440918,0.0005457164213076293,10.562501871090667,3.3174982433502507
2012-09-20,115.0743179321289,14.069999694824219,6.842598811074296e-05,10.448998390410322,3.6210013044138964
2012-09-21,115.02616882324219,13.979999542236328,-0.0004184175040266025,10.465570478272626,3.5144290639637017
2012-09-24,114.85272216796875,14.149999618530273,-0.0015078886574060313,9.919698747201702,4.230300871328572
2012-09-25,113.6304931640625,15.430000305175781,-0.010641706881955981,10.701810208227988,4.7281900969477935
2012-09-26,112.99170684814453,16.809999465942383,-0.0056216099933287245,10.953341070756393,5.85665839518599
2012-09-27,114.05628967285156,14.84000015258789,0.009421778415452886,11.319306820777662,3.5206933318102287
2012-09-28,113.52799224853516,15.729999542236328,-0.004631900843274139,11.50776003485772,4.2222395073786085
2012-10-01,113.82759857177734,16.31999969482422,0.002639052424941113,11.110744530220428,5.209255164603791
2012-10-02,113.94584655761719,15.710000038146973,0.0010388340553919573,11.050333109663418,4.659666928483555
2012-10-03,114.41107940673828,15.430000305175781,0.0040829294193347465,11.05438082352428,4.375619481651501
2012-10-04,115.231201171875,14.550000190734863,0.007168202322618944,11.17605064125453,3.373949549480333
2012-10-05,115.23909759521484,14.329999923706055,6.852678145796709e-05,8.988495840033858,5.341504083672197
2012-10-08,114.84483337402344,15.109999656677246,-0.0034212713342852696,9.053598573716386,6.0564010829608605
2012-10-09,113.70927429199219,16.3700008392334,-0.009887768118684082,9.531783651147704,6.838217188085695
2012-10-10,112.98387145996094,16.290000915527344,-0.006379451777772327,9.780219875269063,6.5097810402582805
2012-10-11,113.04692840576172,15.59000015258789,0.000558105727711089,9.710182873111355,5.879817279476535
2012-10-12,112.67633056640625,16.139999389648438,-0.003278265447649087,8.000581587801879,8.139417801846559
2012-10-15,113.61470031738281,15.270000457763672,0.00832801127139593,8.432894319866914,6.8371061378967575
2012-10-16,114.76596069335938,15.220000267028809,0.0101330230398049,9.171202069119175,6.048798197909633
2012-10-17,115.28643035888672,15.069999694824219,0.0045350525746739034,9.306459612617873,5.763540082206346
2012-10-18,114.9867172241211,15.029999732971191,-0.002599726037423644,9.352569056551784,5.677430676419407
2012-10-19,113.07057189941406,17.059999465942383,-0.016664057996996884,10.986794805330996,6.0732046606113865
2012-10-22,113.0863037109375,16.6200008392334,0.00013913267846055177,10.991016357331075,5.628984481902323
2012-10-23,111.51716613769531,18.829999923706055,-0.01387557574835141,11.891394205271522,6.938605718434532
2012-10-24,111.20173645019531,18.329999923706055,-0.0028285303368499326,11.423073909727698,6.906926013978357
2012-10-25,111.52497100830078,18.1200008392334,0.002906740204099645,11.37056592499418,6.7494349142392185
2012-10-26,111.46189880371094,17.809999465942383,-0.0005655433399318621,10.772317810922267,7.037681655020116
2012-10-31,111.46189880371094,18.600000381469727,0.0,10.69875535067279,7.901245030796936
2012-11-01,112.6290054321289,16.690000534057617,0.010470902083529854,11.345260546643104,5.344739987414513
2012-11-02,111.62751770019531,17.59000015258789,-0.008891916678933076,11.693992554320525,5.896007598267365
2012-11-05,111.85620880126953,18.420000076293945,0.0020486982581520152,11.604514854080204,6.815485222213741
2012-11-06,112.73153686523438,17.579999923706055,0.007825475879662758,11.665234601582656,5.914765322123399
2012-11-07,110.17662811279297,19.079999923706055,-0.02266365582770058,13.851485636282696,5.2285142874233586
2012-11-08,108.85181427001953,18.489999771118164,-0.012024454418927744,14.269157229004495,4.220842542113669
2012-11-09,108.9464340209961,18.610000610351562,0.0008692528609752781,14.053310353260926,4.5566902570906365
2012-11-12,109.03323364257812,16.68000030517578,0.0007967183355932494,13.991130128576367,2.688870176599414
2012-11-13,108.65469360351562,16.649999618530273,-0.003471785862128929,13.980407920451793,2.669591698078481
2012-11-14,107.18799591064453,17.920000076293945,-0.013498705341005501,14.54888679052858,3.3711132857653645
2012-11-15,107.006591796875,17.989999771118164,-0.0016923920652528457,14.028328435482122,3.9616713356360425
2012-11-16,107.53491973876953,16.40999984741211,0.004937340149076208,13.530867625313043,2.8791322220990665
2012-11-19,109.71131896972656,15.239999771118164,0.020238999910392685,15.579866209412508,-0.3398664382943437
2012-11-20,109.75865936279297,15.079999923706055,0.0004314996256626902,15.608162008411691,-0.5281620847056363
2012-11-21,109.96366882324219,15.3100004196167,0.00186782037644595,14.735186430255354,0.5748139893613455
2012-11-23,111.46189880371094,15.140000343322754,0.013624772586271483,15.613716741622069,-0.4737163982993149
2012-11-26,111.22540283203125,15.5,-0.002121765143227705,14.87181269783239,0.6281873021676105
2012-11-27,110.6575927734375,15.920000076293945,-0.005105039353745844,14.94549551594265,0.9745045603512956
2012-11-28,111.54869079589844,15.510000228881836,0.0080527508336945,15.184304828413394,0.32569540046844203
2012-11-29,112.06913757324219,15.0600004196167,0.004665646666315526,15.265338235118781,-0.20533781550208197
2012-11-30,112.09278869628906,15.869999885559082,0.00021104046626052586,15.264985718339997,0.6050141672190854
2012-12-03,111.54080963134766,16.639999389648438,-0.004924304867077289,14.901423673885505,1.7385757157629325
2012-12-04,111.38308715820312,17.1200008392334,-0.0014140337842787343,14.58760879908121,2.532392040152189
2012-12-05,111.5802230834961,16.459999084472656,0.0017698910159760217,14.582839724563328,1.877159359909328
2012-12-06,111.95874786376953,16.579999923706055,0.003392400282173469,14.359279891709104,2.220720031996951
2012-12-07,112.29774475097656,15.899999618530273,0.0030278731557404903,11.854645937055551,4.045353681474722
2012-12-10,112.34512329101562,16.049999237060547,0.00042190108219997136,10.884630090516366,5.165369146544181
2012-12-11,113.1100082397461,15.569999694824219,0.006808350254324136,11.03279568412126,4.537204010702959
2012-12-12,113.1651840209961,15.949999809265137,0.0004878063586826187,11.036890178988635,4.913109630276502
2012-12-13,112.47126007080078,16.559999465942383,-0.006131956185981724,11.233577545372379,5.326421920570004
2012-12-14,112.05335998535156,17.0,-0.0037156166400745816,10.014224509289706,6.985775490710294
2012-12-17,113.3702621459961,16.34000015258789,0.011752455801563588,10.440742135682406,5.899258016905485
2012-12-18,114.63185119628906,15.569999694824219,0.011128042102154678,10.815786353684878,4.754213341139341
2012-12-19,113.78033447265625,17.360000610351562,-0.007428273335433833,9.441038988166031,7.918961622185531
2012-12-20,114.43473052978516,17.670000076293945,0.0057513986064627876,9.526725720827663,8.143274355466282
2012-12-21,113.39607238769531,17.84000015258789,-0.009076424065327826,10.271910151490928,7.568090001096962
2012-12-24,113.04659271240234,17.84000015258789,-0.003081938094805614,9.37521577548066,8.46478437710723
2012-12-26,112.57015228271484,19.479999542236328,-0.004214549224845654,9.481699020438574,9.998300521797754
2012-12-27,112.41921997070312,19.469999313354492,-0.0013407844704044214,9.284463808581801,10.185535504772691
2012-12-28,111.20420837402344,22.719999313354492,-0.010807863610833857,9.709149693463976,13.010849619890516
2012-12-31,113.09420776367188,18.020000457763672,0.016995754183075862,11.287635212452784,6.732365245310888
2013-01-02,115.99290466308594,14.680000305175781,0.025630816615041407,14.26080731923263,0.4191929859431518
2013-01-03,115.73082733154297,14.5600004196167,-0.0022594255424863707,14.134909317084235,0.4250911025324644
2013-01-04,116.23905181884766,13.829999923706055,0.004391435704928837,14.111884149713136,-0.2818842260070813
2013-01-07,115.92144012451172,13.789999961853027,-0.002732400938979751,14.209853547997461,-0.41985358614443413
2013-01-08,115.58788299560547,13.619999885559082,-0.00287744120973632,14.290257710527435,-0.6702578249683526
2013-01-09,115.88170623779297,13.8100004196167,0.0025419899956007352,14.284953110622062,-0.4749526910053632
2013-01-10,116.80293273925781,13.489999771118164,0.007949714682095266,14.448104936686043,-0.9581051655678792
2013-01-11,116.79496765136719,13.359999656677246,-6.819253338785636e-05,14.349421405416901,-0.9894217487396553
2013-01-14,116.71552276611328,13.520000457763672,-0.000680208118992276,14.366178356087842,-0.8461778983241697
2013-01-15,116.79496765136719,13.550000190734863,0.0006806711170124213,14.100907146544921,-0.5509069558100581
2013-01-16,116.77909851074219,13.420000076293945,-0.0001358717840683754,13.977337549576799,-0.5573374732828533
2013-01-17,117.53352355957031,13.569999694824219,0.006460274642030361,13.628213887538507,-0.058214192714288515
2013-01-18,117.79560089111328,12.460000038146973,0.0022298091949071175,13.198823261439689,-0.7388232232927159
2013-01-22,118.43095397949219,12.430000305175781,0.005393691135938239,12.87005580279687,-0.4400554976210884
2013-01-23,118.62152099609375,12.460000038146973,0.0016090980457235116,12.795285422092872,-0.3352853839458998
2013-01-24,118.65325164794922,12.6899995803833,0.0002674948996523874,12.1950671363427,0.4949324440406002
2013-01-25,119.32037353515625,12.890000343322754,0.0056224492623802025,12.093451168431441,0.7965491748913127
2013-01-28,119.17744445800781,13.569999694824219,-0.0011978597863366858,11.923133296912871,1.6468663979113476
2013-01-29,119.6459732055664,13.3100004196167,0.0039313542062371365,11.834969071078778,1.4750313485379216
2013-01-30,119.17744445800781,14.319999694824219,-0.003915959183629192,11.0358450120134,3.2841546828108186
2013-01-31,118.88359069824219,14.279999732971191,-0.002465682672606384,10.009854698917852,4.270145034053339
2013-02-01,120.10655212402344,12.899999618530273,0.010287049866162246,6.214460113419899,6.685539505110374
2013-02-04,118.75653839111328,14.670000076293945,-0.0112401339397048,7.562184037412605,7.1078160388813405
2013-02-05,119.95565032958984,13.720000267028809,0.010097228790278523,8.100858396744794,5.619141870284015
2013-02-06,120.04304504394531,13.40999984741211,0.0007285585473910672,7.959854301993577,5.450145545418533
2013-02-07,119.88421630859375,13.5,-0.001323098187766103,7.8654452996974795,5.6345547003025205
2013-02-08,120.55126953125,13.020000457763672,0.005564145499681095,7.9726780525955885,5.047322405168083
2013-02-11,120.52750396728516,12.9399995803833,-0.00019714071910859055,7.687504476151079,5.252495104232222
2013-02-12,120.72598266601562,12.640000343322754,0.0016467502619512686,7.66615226599689,4.973848077325864
2013-02-13,120.82925415039062,12.979999542236328,0.0008554205324688979,7.6272440752235005,5.352755467012828
2013-02-14,120.94041442871094,12.65999984741211,0.0009199781882454072,7.623815034773786,5.036184812638323
2013-02-15,120.7974624633789,12.460000038146973,-0.0011820032700177174,7.663602539679753,4.796397498467219
2013-02-19,121.70281982421875,12.3100004196167,0.007494837576694335,7.753725745493437,4.556274674123262
2013-02-20,120.18597412109375,14.680000305175781,-0.012463521431268831,9.16321964426498,5.5167806609108005
2013-02-21,119.45539093017578,15.220000267028809,-0.006078772471252436,9.326207733049388,5.89379253397942
2013-02-22,120.62278747558594,14.170000076293945,0.009772656858094697,9.869543682158959,4.3004563941349865
2013-02-25,118.32766723632812,18.989999771118164,-0.01902725253901416,12.031064526767796,6.958935244350368
2013-02-26,119.1377182006836,16.8700008392334,0.00684582890269958,12.1116199681481,4.758380871085299
2013-02-27,120.63866424560547,14.729999542236328,0.012598411884921168,12.865617846876159,1.8643816953601693
2013-02-28,120.40042877197266,15.510000228881836,-0.001974785406673507,12.836254608131487,2.673745620750349
2013-03-01,120.7974624633789,15.359999656677246,0.0032976102781012706,12.778663136534094,2.581336520143152
2013-03-04,121.44071960449219,14.010000228881836,0.005325088193042893,12.822383226177026,1.18761700270481
2013-03-05,122.5287094116211,13.479999542236328,0.008959019764311904,12.70953198691577,0.7704675553205576
2013-03-06,122.69548034667969,13.529999732971191,0.0013610764029052813,11.906976770824738,1.6230229621464538
2013-03-07,122.91783905029297,13.0600004196167,0.0018122811287344387,11.499330023674156,1.5606703959425428
2013-03-08,123.4420166015625,12.59000015258789,0.004264454657838979,11.54669055380408,1.0433095987838108
2013-03-11,123.91051483154297,11.5600004196167,0.003795289828200543,11.53319239696073,0.0268080226559686
2013-03-12,123.632568359375,12.270000457763672,-0.0022431225674902633,11.512113558356498,0.7578868994071737
2013-03-13,123.80730438232422,11.829999923706055,0.001413349453691648,11.500509979423681,0.32948994428237377
2013-03-14,124.4664077758789,11.300000190734863,0.005323622841503228,11.584526761765677,-0.28452657103081336
2013-03-15,124.30216979980469,11.300000190734863,-0.001319536564194479,11.623724157662243,-0.32372396692738015
2013-03-18,123.61610412597656,13.359999656677246,-0.0055193378758638945,11.867038945625497,1.492960711051749
2013-03-19,123.32897186279297,14.390000343322754,-0.002322773923460475,11.90083889679694,2.4891614465258147
2013-03-20,124.19044494628906,12.670000076293945,0.006985163911481518,11.867134412024512,0.802865664269433
2013-03-21,123.1295394897461,13.989999771118164,-0.008542569092185759,11.374528290776363,2.6154714803418013
2013-03-22,124.11869812011719,13.569999694824219,0.008033479492169038,11.290415654475913,2.279584040348306
2013-03-25,123.60015869140625,13.739999771118164,-0.0041777704452645725,11.089320942272437,2.6506788288457273
2013-03-26,124.58927917480469,12.770000457763672,0.008002582633150013,8.542220218075586,4.2277802396880855
2013-03-27,124.58927917480469,13.149999618530273,0.0,8.429015697038531,4.720983921491742
2013-03-28,124.97216033935547,12.699999809265137,0.0030731469600493444,7.539694742351422,5.160305066913715
2013-04-01,124.47761535644531,13.579999923706055,-0.0039572412093000775,7.690955758452424,5.8890441652536305
2013-04-02,125.09178924560547,12.779999732971191,0.004934010724751303,7.757119073721608,5.022880659249584
2013-04-03,123.8234634399414,14.210000038146973,-0.010139161117711959,8.640044905848223,5.56995513229875
2013-04-04,124.32600402832031,13.890000343322754,0.004058524728818069,8.223687428108132,5.666312915214622
2013-04-05,123.76766204833984,13.920000076293945,-0.004490950902381496,8.412680813388754,5.507319262905192
2013-04-08,124.6052474975586,13.1899995803833,0.006767401398368511,8.68610349403762,4.50389608634568
2013-04-09,125.03594207763672,12.84000015258789,0.003456472249184772,8.648328581088247,4.1916715714996435
2013-04-10,126.56756591796875,12.359999656677246,0.0122494685518586,9.493363536993282,2.866636119683964
2013-04-11,126.98233032226562,12.239999771118164,0.0032770196794784656,9.446185620450796,2.7938141506673677
2013-04-12,126.6711654663086,12.0600004196167,-0.0024504579114852376,9.53427982323244,2.525720596384259
2013-04-15,123.7357177734375,17.270000457763672,-0.023173763990131158,12.572652478653268,4.697347979110404
2013-04-16,125.5624771118164,13.960000038146973,0.01476339549525818,13.593283845477606,0.36671619266936695
2013-04-17,123.72773742675781,16.510000228881836,-0.014612165411683531,14.440471391819166,2.06952883706267
2013-04-18,122.95401763916016,17.559999465942383,-0.006253406097041614,14.586422812638194,2.973576653304189
2013-04-19,124.02291107177734,14.970000267028809,0.008693440467753888,14.70258351331789,0.26741675371091844
2013-04-22,124.57333374023438,14.390000343322754,0.0044380724795152204,14.440149758774318,-0.05014941545156404
2013-04-23,125.85761260986328,13.479999542236328,0.010309420411810821,14.608416656552622,-1.128417114316294
2013-04-24,125.93737030029297,13.609999656677246,0.0006337136767160523,14.500540919181413,-0.8905412625041667
2013-04-25,126.44788360595703,13.619999885559082,0.00405370784261061,14.321355515890188,-0.7013556303311059
2013-04-26,126.2244873046875,13.609999656677246,-0.0017667065268224258,14.34598031719651,-0.7359806605192638
2013-04-29,127.0700454711914,13.710000038146973,0.006698844135233806,14.477199144974136,-0.7671991068271637
2013-04-30,127.3731460571289,13.520000457763672,0.0023853031988267936,14.37917074207278,-0.8591702843091085
2013-05-01,126.25640106201172,14.489999771118164,-0.00876750735681997,14.702745384565569,-0.21274561344740484
2013-05-02,127.42894744873047,13.59000015258789,0.009287025266488058,14.472701434664085,-0.8827012820761944
2013-05-03,128.7212677001953,12.850000381469727,0.01014149671121456,14.763577460948085,-1.9135770794783582
2013-05-06,129.04830932617188,12.65999984741211,0.0025406961244218706,14.592168234540223,-1.9321683871281135
2013-05-07,129.70236206054688,12.829999923706055,0.005068278211393551,14.534448930033792,-1.7044490063277369
2013-05-08,130.29266357421875,12.65999984741211,0.004551200951886436,14.553670217566387,-1.8936703701542772
2013-05-09,129.92572021484375,13.130000114440918,-0.0028163010050521464,14.147291889329589,-1.0172917748886707
2013-05-10,130.34844970703125,12.59000015258789,0.003253624390062937,14.146879298402053,-1.5568791458141629
2013-05-13,130.45216369628906,12.550000190734863,0.0007956672249720409,14.083439102268574,-1.533438911533711
2013-05-14,131.80026245117188,12.770000457763672,0.0103340467239883,11.191275105098523,1.578725352665149
2013-05-15,132.5101776123047,12.8100004196167,0.005386295504501204,10.396217734720706,2.4137826848959936
2013-05-16,131.88804626464844,13.069999694824219,-0.00469497029485888,8.769100720086067,4.300898974738152
2013-05-17,133.16432189941406,12.449999809265137,0.009676962172937342,8.364198186939108,4.085801622326029
2013-05-20,133.15631103515625,13.020000457763672,-6.015773702405802e-05,8.270589803697916,4.7494106540657555
2013-05-21,133.34776306152344,13.369999885559082,0.0014377991165333004,8.288531354965942,5.08146853059314
2013-05-22,132.35861206054688,13.819999694824219,-0.007417829727823677,8.655420088559424,5.164579606264795
2013-05-23,131.97572326660156,14.069999694824219,-0.002892813606795497,8.831303888831126,5.238695805993093
2013-05-24,131.8640594482422,13.989999771118164,-0.000846093626884703,8.868061395934802,5.121938375183362
2013-05-28,132.65382385253906,14.479999542236328,0.00598923169513732,8.858419994682537,5.621579547553791
2013-05-29,131.79232788085938,14.829999923706055,-0.006494316911944797,9.220151476563188,5.609848447142866
2013-05-30,132.2788543701172,14.529999732971191,0.0036916146567926855,9.242478871261648,5.2875208617095435
2013-05-31,130.38037109375,16.299999237060547,-0.014352129714211292,10.201092207508994,6.098907029551553
2013-06-03,131.0983123779297,16.280000686645508,0.0055065135814305055,9.920065848349735,6.359934838295773
2013-06-04,130.46817016601562,16.270000457763672,-0.004806638624740622,9.601295229277063,6.668705228486608
2013-06-05,128.64154052734375,17.5,-0.014000576817683297,10.82484041438278,6.6751595856172194
2013-06-06,129.80609130859375,16.6299991607666,0.009052680623040876,11.14898082835609,5.481018332410512
2013-06-07,131.4573211669922,15.140000343322754,0.012720742468647961,11.897544847578493,3.2424554957442613
2013-06-10,131.4573211669922,15.4399995803833,0.0,11.839965747979667,3.600033832403634
2013-06-11,130.1011962890625,17.06999969482422,-0.010316084839481765,12.375573513068765,4.694426181755453
2013-06-12,129.0243682861328,18.59000015258789,-0.008276849357612082,12.691435077139243,5.898565075448648
2013-06-13,130.9866180419922,16.40999984741211,0.015208365535321011,13.312525333659236,3.097474513752873
2013-06-14,130.16500854492188,17.149999618530273,-0.0062724689693638425,13.301944492472867,3.8480551260574067
2013-06-17,131.1700897216797,16.799999237060547,0.0077215926768132714,13.539080357851569,3.260918879208978
2013-06-18,132.2071075439453,16.610000610351562,0.007905901600479215,13.38893804487635,3.221062565475213
2013-06-19,130.38037109375,16.639999389648438,-0.013817233310153942,14.181317593969656,2.458681795678782
2013-06-20,127.14981079101562,20.489999771118164,-0.02477796523842868,16.361844452785192,4.128155318332972
2013-06-21,127.55799865722656,18.899999618530273,0.003210290787469816,16.350074496657765,2.5499251218725085
2013-06-24,125.94619750976562,20.110000610351562,-0.012635829696514445,16.781765275891296,3.328235334460267
2013-06-25,127.15701293945312,18.469999313354492,0.009613751376603696,17.269879122691904,1.200120190662588
2013-06-26,128.41603088378906,17.209999084472656,0.009901285939576399,17.539634350729578,-0.32963526625692197
2013-06-27,129.1697998046875,16.860000610351562,0.00586974161801157,17.617611184955763,-0.7576105746042003
2013-06-28,128.64053344726562,16.860000610351562,-0.004097446603015253,17.56850322584001,-0.7085026154884488
2013-07-01,129.3943634033203,16.3700008392334,0.005859972248666967,17.059774887223252,-0.6897740479898538
2013-07-02,129.27407836914062,16.440000534057617,-0.0009296002624531452,16.928647263248763,-0.4886467291911458
2013-07-03,129.33016967773438,16.200000762939453,0.00043389447676878135,16.8622680652801,-0.6622673023406485
2013-07-05,130.72544860839844,14.890000343322754,0.01078850305493928,16.51922741383734,-1.6292270705145846
2013-07-08,131.47120666503906,14.779999732971191,0.005704765709962256,16.348758824736585,-1.5687590917653935
2013-07-09,132.41751098632812,14.350000381469727,0.007197806617079694,15.94218914814646,-1.592188766676733
2013-07-10,132.465576171875,14.210000038146973,0.0003629820949575535,15.941552172597287,-1.7315521344503146
2013-07-11,134.26983642578125,14.010000228881836,0.013620597184926142,16.06784388989562,-2.0578436610137842
2013-07-12,134.32595825195312,13.84000015258789,0.00041797791421971375,15.675192077627509,-1.8351919250396183
2013-07-15,134.83921813964844,13.789999961853027,0.0038210029868732676,14.942286140212243,-1.1522861783592155
2013-07-16,134.33396911621094,14.420000076293945,-0.00374704800582748,14.803354391914414,-0.38335431562046907
2013-07-17,134.67881774902344,13.779999732971191,0.0025670992607549348,14.639103147395527,-0.8591034144243359
2013-07-18,135.41653442382812,13.770000457763672,0.00547759987156593,14.52472770752085,-0.7547272497571775
2013-07-19,135.65713500976562,12.539999961853027,0.0017767445235636892,13.461143291739624,-0.921143329886597
2013-07-22,135.9217529296875,12.289999961853027,0.0019506376859781405,9.331039132449941,2.958960829403086
2013-07-23,135.63307189941406,12.65999984741211,-0.002123876598492447,9.511393252482199,3.1486065949299107
2013-07-24,135.1358642578125,13.180000305175781,-0.003665828950407457,8.05629764669451,5.123702658481271
2013-07-25,135.46466064453125,12.970000267028809,0.002433080134015775,7.7327718090657305,5.237228457963078
2013-07-26,135.6090850830078,12.720000267028809,0.001066141071696558,7.339158191350541,5.3808420756782676
2013-07-29,135.19204711914062,13.390000343322754,-0.0030752951663371997,7.4909431960922905,5.899057147230463
2013-07-30,135.19204711914062,13.390000343322754,0.0,7.186387393676437,6.203612949646317
2013-07-31,135.2882843017578,13.449999809265137,0.0007118553544231965,7.092759215536954,6.357240593728183
2013-08-01,136.85198974609375,12.9399995803833,0.011558321198368748,7.706084599340329,5.233914981042972
2013-08-02,137.0845184326172,11.979999542236328,0.0016991253613107826,7.671020540328464,4.308979001907864
2013-08-05,136.88406372070312,11.84000015258789,-0.0014622709712664994,7.221797867650448,4.618202284937443
2013-08-06,136.10623168945312,12.720000267028809,-0.005682414812268277,7.594065652512243,5.125934614516566
2013-08-07,135.66525268554688,12.979999542236328,-0.0032399618917700046,7.495520311366468,5.4844792308698604
2013-08-08,136.16232299804688,12.729999542236328,0.003663947124707967,7.5381150073017285,5.1918845349346
2013-08-09,135.76939392089844,13.40999984741211,-0.0028857401114850134,6.193718320985552,7.216281526426557
2013-08-12,135.6090850830078,12.8100004196167,-0.0011807435627504415,6.222258603381738,6.587741816234961
2013-08-13,136.0099639892578,12.3100004196167,0.002956136058322567,6.170394430197232,6.139605989419467
2013-08-14,135.31234741210938,13.039999961853027,-0.005129157869665613,6.305074930208214,6.7349250316448135
2013-08-15,133.41989135742188,14.729999542236328,-0.013985834189424007,7.962326276764566,6.767673265471762
2013-08-16,132.97879028320312,14.369999885559082,-0.00330611177786877,7.718114475873368,6.651885409685714
2013-08-19,132.1287384033203,15.100000381469727,-0.006392386921797555,7.884351588789388,7.215648792680339
2013-08-20,132.77833557128906,14.90999984741211,0.004916395750225622,8.099683302516356,6.810316544895754
2013-08-21,131.96041870117188,15.9399995803833,-0.006160017495309256,8.282506969541071,7.65749261084223
2013-08-22,133.163330078125,14.760000228881836,0.009115698394964511,8.975658964142658,5.784341264739178
2013-08-23,133.6123046875,13.979999542236328,0.003371608453405228,9.02250206951013,4.957497472726198
2013-08-26,133.11514282226562,14.989999771118164,-0.0037209287452766304,9.06075265031629,5.9292471208018735
2013-08-27,130.9740753173828,16.770000457763672,-0.016084327143317978,10.470987825474044,6.299012632289628
2013-08-28,131.43914794921875,16.489999771118164,0.0035508754744704163,10.6059251465354,5.884074624582764
2013-08-29,131.6476593017578,16.809999465942383,0.0015863717605626437,10.631314155202823,6.17868531073956
2013-08-30,131.23069763183594,17.010000228881836,-0.0031672547171244236,9.561226310889042,7.448773917992794
2013-09-03,131.8240966796875,16.610000610351562,0.004521800604278869,9.746214917834893,6.86378569251667
2013-09-04,132.91461181640625,15.880000114440918,0.008272502252517189,10.358374132749942,5.521625981690976
2013-09-05,133.08303833007812,15.770000457763672,0.0012671783137321313,10.274078536829967,5.495921920933705
2013-09-06,133.14718627929688,15.850000381469727,0.00048201446272710946,10.254955810472671,5.5950445709970555
2013-09-09,134.4222412109375,15.630000114440918,0.009576281461675107,10.77574413964853,4.8542559747923875
2013-09-10,135.41653442382812,14.529999732971191,0.007396790917437279,11.08405585432282,3.4459438786483716
2013-09-11,135.84152221679688,13.819999694824219,0.003138374459049631,11.13190220848356,2.6880974863406593
2013-09-12,135.4807586669922,14.289999961853027,-0.0026557678677137098,11.120542011519685,3.169457950333342
2013-09-13,135.78549194335938,14.15999984741211,0.0022492734714913976,10.998363120998993,3.161636726413116
2013-09-16,136.57125854492188,14.380000114440918,0.005786822953738557,9.861492087659185,4.518508026781733
2013-09-17,137.18072509765625,14.529999732971191,0.004462626757839372,9.788019790978494,4.741979941992698
2013-09-18,138.76852416992188,13.59000015258789,0.011574505610283836,9.94009127459269,3.6499088779952
2013-09-19,138.5359344482422,13.15999984741211,-0.001676098546633531,9.988368565755708,3.171631281656401
2013-09-20,137.5674285888672,13.119999885559082,-0.006991008240803009,10.078095899997223,3.0419039855618593
2013-09-23,136.93084716796875,14.3100004196167,-0.004627413824830007,9.979915094263985,4.330085325352714
2013-09-24,136.60850524902344,14.079999923706055,-0.002354048964218425,10.03061894254895,4.049380981157105
2013-09-25,136.21363830566406,14.010000228881836,-0.002890500431430465,9.984603165672903,4.025397063208933
2013-09-26,136.73736572265625,14.0600004196167,0.0038448970566145046,7.80860878511356,6.251391634503139
2013-09-27,136.10888671875,15.460000038146973,-0.004596249171429756,8.117092665670476,7.342907372476496
2013-09-30,135.3836669921875,16.600000381469727,-0.005328232006342581,8.472378723574437,8.12762165789529
2013-10-01,136.4553985595703,15.539999961853027,0.007916254531978861,8.597328433248332,6.942671528604695
2013-10-02,136.32643127441406,16.600000381469727,-0.000945124095621197,8.59382311226288,8.006177269206846
2013-10-03,135.06936645507812,17.670000076293945,-0.009220991172325,9.012508073639443,8.657492002654502
2013-10-04,136.09275817871094,16.739999771118164,0.007576786287608606,9.315311260229125,7.424688510889039
2013-10-07,134.91629028320312,19.40999984741211,-0.008644603219540414,9.907070500095658,9.502929347316451
2013-10-08,133.3449249267578,20.34000015258789,-0.011646965337891002,10.219907426281049,10.120092726306842
2013-10-09,133.441650390625,19.600000381469727,0.0007253779168596708,9.835705049819417,9.76429533165031
2013-10-10,136.31837463378906,16.479999542236328,0.0215579186464121,12.45726184951672,4.022737692719607
2013-10-11,137.1967315673828,15.720000267028809,0.0064434228764347345,12.592837388316786,3.1271628787120225
2013-10-14,137.74465942382812,16.06999969482422,0.00399373840896633,12.635539278536667,3.4344604162875516
2013-10-15,136.74551391601562,18.65999984741211,-0.007253606143365676,12.782323393776016,5.877676453636093
2013-10-16,138.6552734375,14.710000038146973,0.013965792857068005,13.59018281571241,1.1198172224345626
2013-10-17,139.58192443847656,13.479999542236328,0.006683128437911634,13.189678891210818,0.2903206510255103
2013-10-18,140.5247039794922,13.039999961853027,0.006754309663004943,13.351950298671216,-0.31195033681818884
2013-10-21,140.53280639648438,13.15999984741211,5.765831033777147e-05,13.059598928447585,0.10040091896452452
2013-10-22,141.34658813476562,13.329999923706055,0.005790688730610949,12.987574395578328,0.34242552812772686
2013-10-23,140.66981506347656,13.420000076293945,-0.004788039670570621,13.106452626743467,0.3135474495504784
2013-10-24,141.1371307373047,13.199999809265137,0.0033220749854347975,13.024943377461916,0.1750564318032204
2013-10-25,141.78173828125,13.09000015258789,0.0045672427983896036,13.042154597197522,0.04784555539036894
2013-10-28,142.00735473632812,13.3100004196167,0.001591294180852687,12.836791378101625,0.4732090415150747
2013-10-29,142.7648162841797,13.40999984741211,0.0053339599857906705,12.593331928132248,0.8166679192798618
2013-10-30,142.0557403564453,13.649999618530273,-0.004966741429645594,12.69340694574691,0.9565926727833638
2013-10-31,141.65281677246094,13.75,-0.0028363766432343285,12.764419620784578,0.9855803792154223
2013-11-01,141.9912872314453,13.279999732971191,0.002389436840695369,12.111692447867517,1.1683072851036744
2013-11-04,142.49090576171875,12.930000305175781,0.003518656250077301,11.974381533134155,0.9556187720416265
2013-11-05,142.03961181640625,13.270000457763672,-0.003167177181589209,11.488846432337489,1.7811540254261828
2013-11-06,142.7648162841797,12.670000076293945,0.005105649462846973,10.297633805484098,2.372366270809847
2013-11-07,140.9598388671875,13.90999984741211,-0.012643012921329966,11.665261795772407,2.244738051639702
2013-11-08,142.86151123046875,12.899999618530273,0.013490880654829729,10.267791166936572,2.6322084515937014
2013-11-11,142.88572692871094,12.529999732971191,0.00016950470447651966,10.174911206773722,2.35508852619747
2013-11-12,142.59561157226562,12.819999694824219,-0.0020304012351776146,10.236718909220764,2.5832807856034545
2013-11-13,143.73988342285156,12.520000457763672,0.008024593730263874,9.922053840403237,2.597946617360435
2013-11-14,144.45704650878906,12.369999885559082,0.004989311726570467,9.052433018704416,3.3175668668546656
2013-11-15,145.0855712890625,12.1899995803833,0.0043509458033617054,8.934702343963894,3.2552972364194073
2013-11-18,144.5779266357422,13.100000381469727,-0.003498932725080617,8.932749276874956,4.16725110459477
2013-11-19,144.26361083984375,13.390000343322754,-0.0021740234018595705,9.007204355663443,4.3827959876593106
2013-11-20,143.8123779296875,13.399999618530273,-0.003127835963132708,8.972205596234502,4.427794022295771
2013-11-21,144.97276306152344,12.65999984741211,0.00806874309806127,9.061163767418966,3.598836079993143
2013-11-22,145.69798278808594,12.260000228881836,0.005002455021532182,9.12336070714304,3.136639521738797
2013-11-25,145.55296325683594,12.789999961853027,-0.0009953434390435056,9.093577620149015,3.6964223417040127
2013-11-26,145.59323120117188,12.8100004196167,0.00027665492639195044,9.099062144964494,3.7109382746522055
2013-11-27,145.94776916503906,12.979999542236328,0.0024351266947109096,8.988006083331998,3.9919934589043304
2013-11-29,145.85107421875,13.699999809265137,-0.0006625311701731196,8.744376588446311,4.955623220818826
2013-12-02,145.47238159179688,14.229999542236328,-0.0025964335811826667,8.730560629140202,5.499438913096126
2013-12-03,144.8438262939453,14.550000190734863,-0.004320787842845175,8.930489154778796,5.619511035956068
2013-12-04,144.8277130126953,14.699999809265137,-0.0001112458960956797,8.888010303092548,5.811989506172589
2013-12-05,144.19113159179688,15.079999923706055,-0.004395439295810988,8.966746299782475,6.11325362392358
2013-12-06,145.80276489257812,13.789999961853027,0.011177062576523511,9.56653968631787,4.223460275535157
2013-12-09,146.1733856201172,13.489999771118164,0.002541932094443533,8.179482007508335,5.310517763609829
2013-12-10,145.64962768554688,13.90999984741211,-0.003583127888489135,7.165320632386815,6.744679215025294
2013-12-11,144.0138397216797,15.420000076293945,-0.011230979370567273,8.314119744089256,7.1058803322046895
2013-12-12,143.53842163085938,15.539999961853027,-0.0033011972442308357,8.372139640797537,7.167860321055491
2013-12-13,143.52236938476562,15.760000228881836,-0.0001118323993768433,7.890126518077523,7.869873710804313
2013-12-16,144.416748046875,16.030000686645508,0.006231632504001272,8.0012607264806,8.028739960164907
2013-12-17,143.95742797851562,16.209999084472656,-0.003180518011735689,7.909922092015892,8.300076992456765
2013-12-18,146.41510009765625,13.800000190734863,0.017072214707166244,9.852648445939085,3.947351744795778
2013-12-19,146.2459259033203,14.149999618530273,-0.0011554422612360948,9.82252882134719,4.327470797183084
2013-12-20,147.09664916992188,13.789999961853027,0.005817073271251028,9.87555737808887,3.914442583764158
2013-12-23,147.88247680664062,13.039999961853027,0.00534225382531317,9.676086011700793,3.3639139501522344
2013-12-24,148.20660400390625,12.479999542236328,0.002191789076466666,9.57676809025399,2.9032314519823377
2013-12-26,148.9600067138672,12.329999923706055,0.00508346247472935,9.661871019217399,2.668128904488656
2013-12-27,148.95193481445312,12.460000038146973,-5.4188366341634264e-05,9.666188335647313,2.79381170249966
2013-12-30,148.92762756347656,13.5600004196167,-0.0001631885547968004,9.663017506633032,3.896982912983667
2013-12-31,149.6325225830078,13.720000267028809,0.004733138042038565,9.727972689262213,3.9920275777665957
2014-01-02,148.198486328125,14.229999542236328,-0.009583720371266757,10.355808946708715,3.8741905955276135
2014-01-03,148.17417907714844,13.760000228881836,-0.0001640182135379531,10.190313433399044,3.5696867954827916
2014-01-06,147.7447509765625,13.550000190734863,-0.0028981304520159235,10.277500094811092,3.272500095923771
2014-01-07,148.6521453857422,12.920000076293945,0.006141635511123011,10.232481396481292,2.687518679812653
2014-01-08,148.68458557128906,12.869999885559082,0.00021822884199007575,9.607946564518564,3.2620533210405185
2014-01-09,148.7817840576172,12.890000343322754,0.0006537226838589927,9.590772788560779,3.299227554761975
2014-01-10,149.18687438964844,12.140000343322754,0.0027227145755583937,9.470702156651747,2.669298186671007
2014-01-13,147.20193481445312,13.279999732971191,-0.013305055041310299,9.832949035597512,3.4470506973736796
2014-01-14,148.80609130859375,12.279999732971191,0.010897659029839968,10.26010371997859,2.019896012992602
2014-01-15,149.60821533203125,12.279999732971191,0.005390397774604816,10.31204786861249,1.9679518643587013
2014-01-16,149.4137420654297,12.529999732971191,-0.0012998836071265174,10.252464701961566,2.2775350310096254
2014-01-17,148.7817840576172,12.4399995803833,-0.004229584234198169,10.320839384399362,2.1191601959839392
2014-01-21,149.2192840576172,12.869999885559082,0.002940548150911937,8.680600621230594,4.189399264328488
2014-01-22,149.31651306152344,12.84000015258789,0.0006515847098469418,8.648725515712337,4.191274636875553
2014-01-23,148.09317016601562,13.770000457763672,-0.008192951137318327,9.020081825220782,4.74991863254289
2014-01-24,144.9334716796875,18.139999389648438,-0.021335882558162766,11.53770650240616,6.602292887242278
2014-01-27,144.2204132080078,17.420000076293945,-0.004919901962022966,11.557983659377285,5.86201641691666
2014-01-28,145.07928466796875,15.800000190734863,0.005955269721230172,11.622154397153103,4.17784579358176
2014-01-29,143.68580627441406,17.350000381469727,-0.009604943922516762,11.966170748891876,5.38382963257785
2014-01-30,145.20884704589844,17.290000915527344,0.010599799736486393,12.697196198914366,4.592804716612978
2014-01-31,144.3582000732422,18.40999984741211,-0.005858093290881716,12.606217868142735,5.803781979269374
2014-02-03,141.10946655273438,21.440000534057617,-0.022504669072207384,14.307172561318104,7.132827972739513
2014-02-04,142.09774780273438,19.110000610351562,0.007003649536373668,14.652806407187699,4.457194203163864
2014-02-05,141.91954040527344,19.950000762939453,-0.0012541183813014056,14.650485928571422,5.299514834368031
2014-02-06,143.7910919189453,17.229999542236328,0.013187412447414726,15.323964971433279,1.9060345708030493
2014-02-07,145.57350158691406,15.289999961853027,0.012395828171146261,16.06258316032613,-0.7725831984731037
2014-02-10,145.8408203125,15.260000228881836,0.0018363144574518042,16.082740806548188,-0.8227405776663517
2014-02-11,147.43687438964844,14.510000228881836,0.010943808967396773,16.561174846021544,-2.051174617139708
2014-02-12,147.5098114013672,14.300000190734863,0.0004946999318908851,15.89427622891488,-1.5942760381800163
2014-02-13,148.27137756347656,14.140000343322754,0.00516281700094634,15.525420164973472,-1.3854198216507179
2014-02-14,149.0896453857422,13.569999694824219,0.005518717339193291,15.531227121366792,-1.9612274265425729
2014-02-18,149.2678985595703,13.869999885559082,0.001195610690245541,15.53138808428008,-1.6613881987209975
2014-02-19,148.27947998046875,15.5,-0.006621775938696617,15.635218300492193,-0.13521830049219297
2014-02-20,149.15447998046875,14.789999961853027,0.005901018806616198,15.741379374699239,-0.9513794128462116
2014-02-21,148.98435974121094,14.680000305175781,-0.0011405640600274936,15.744652712282237,-1.0646524071064558
2014-02-24,149.81069946289062,14.229999542236328,0.005546486376926119,15.568689203097803,-1.3386896608614745
2014-02-25,149.7540283203125,13.670000076293945,-0.0003782850142299843,13.388990640894697,0.2810094353992483
2014-02-26,149.76214599609375,14.350000381469727,5.4206727340133654e-05,13.19355736427324,1.1564430171964872
2014-02-27,150.5480194091797,14.039999961853027,0.005247476976634857,13.16792697513351,0.8720729867195178
2014-02-28,150.9287567138672,14.0,0.00252900905758624,12.4979823917007,1.5020176082992993
2014-03-03,149.86744689941406,16.0,-0.007031859518098149,12.528250132168242,3.4717498678317575
2014-03-04,151.9739532470703,14.100000381469727,0.014055796580494606,12.94007717195244,1.1599232095172862
2014-03-05,152.11167907714844,13.890000343322754,0.0009062462819153794,9.262747484536806,4.627252858785948
2014-03-06,152.45999145507812,14.210000038146973,0.002289846381572147,9.187985359499965,5.0220146786470075
2014-03-07,152.52487182617188,14.109999656677246,0.0004255567016273609,9.099393344861273,5.010606311815973
2014-03-10,152.44386291503906,14.199999809265137,-0.0005311193522924418,8.469419779128303,5.730580030136833
2014-03-11,151.69032287597656,14.800000190734863,-0.0049430657597706595,8.116617689417662,6.683382501317201
2014-03-12,151.7308807373047,14.470000267028809,0.0002673727668263126,8.138147207983963,6.331853059044846
2014-03-13,150.0294647216797,16.219999313354492,-0.011213379948480595,8.639624928092692,7.5803743852618
2014-03-14,149.60821533203125,17.81999969482422,-0.002807777728394245,8.731724139524928,9.08827555529929
2014-03-17,150.961181640625,15.640000343322754,0.009043395816139332,9.078918038861143,6.5610823044616104
2014-03-18,152.0387725830078,14.520000457763672,0.0071381989109498,9.199882080674001,5.3201183770896705
2014-03-19,151.22850036621094,15.119999885559082,-0.0053293788356156835,9.45207138132447,5.667928504234611
2014-03-20,152.11167907714844,14.520000457763672,0.0058400282274757576,9.229161292969787,5.290839164793885
2014-03-21,151.52163696289062,15.0,-0.003879005989793516,9.227559303647876,5.772440696352124
2014-03-24,150.89503479003906,15.09000015258789,-0.004135397329458779,9.362858984312584,5.727141168275306
2014-03-25,151.61119079589844,14.020000457763672,0.004746054148540235,9.313807453166396,4.706193004597276
2014-03-26,150.520751953125,14.930000305175781,-0.00719233743267278,9.693997741646534,5.236002563529247
2014-03-27,150.2034149169922,14.619999885559082,-0.002108261033878178,9.728689795548359,4.891310090010723
2014-03-28,150.9439239501953,14.40999984741211,0.0049300412617938605,9.708365881869192,4.701633965542918
2014-03-31,152.1808624267578,13.880000114440918,0.008194688757201307,10.07527633534676,3.8047237790941573
2014-04-01,153.1898956298828,13.100000381469727,0.006630486823602011,9.913605475509693,3.186394905960034
2014-04-02,153.7025146484375,13.09000015258789,0.003346297851088087,8.77374156115204,4.316258591435851
2014-04-03,153.49913024902344,13.369999885559082,-0.0013232340399846887,8.796402318832406,4.573597566726676
2014-04-04,151.68441772460938,13.960000038146973,-0.01182229841608895,9.7325078008539,4.227492237293072
2014-04-07,150.008056640625,15.569999694824219,-0.011051636741144288,10.42341148181329,5.146588213010929
2014-04-08,150.62655639648438,14.890000343322754,0.004123110249612205,10.560719582588135,4.329280760734619
2014-04-09,152.24594116210938,13.819999694824219,0.01075099108926314,11.122514454073846,2.697485240750373
2014-04-10,149.04782104492188,15.890000343322754,-0.021006275062414925,13.328316877408309,2.561683465914445
2014-04-11,147.70506286621094,17.030000686645508,-0.009008908478482458,13.132056124150951,3.8979445624945566
2014-04-14,148.8688201904297,16.110000610351562,0.007878926433773303,13.435311495821859,2.674689114529704
2014-04-15,149.89410400390625,15.609999656677246,0.006887162887198484,13.268083221340222,2.3419164353370245
2014-04-16,151.46470642089844,14.180000305175781,0.01047808002475703,13.551553655797294,0.6284466493784873
2014-04-17,151.67630004882812,13.359999656677246,0.001396983052551537,13.427084835375522,-0.06708517869827624
2014-04-21,152.20526123046875,13.25,0.0034874346319784255,13.326374318705172,-0.07637431870517197
2014-04-22,152.8969268798828,13.1899995803833,0.004544295274831134,13.331875989675707,-0.14187640929240608
2014-04-23,152.5388641357422,13.270000457763672,-0.002341857036943118,13.268235936494847,0.0017645212688250922
2014-04-24,152.84808349609375,13.319999694824219,0.002027151323720222,13.193098914425539,0.1269007803986799
2014-04-25,151.5948944091797,14.0600004196167,-0.008198919202975108,13.27065894577222,0.7893414738444786
2014-04-28,152.07504272460938,13.970000267028809,0.003167311915754256,13.272252148624183,0.6977481184046255
2014-04-29,152.78302001953125,13.710000038146973,0.004655446957223308,13.261361552526019,0.448638485620954
2014-04-30,153.23873901367188,13.40999984741211,0.0029827856137571995,13.006228617456312,0.4037712299557974
2014-05-01,153.25497436523438,13.25,0.00010594808902109065,12.804838766116431,0.4451612338835691
2014-05-02,153.03524780273438,12.90999984741211,-0.001433732010396982,12.75683254227911,0.1531673051329996
2014-05-05,153.3282470703125,13.289999961853027,0.0019145868143775058,12.769453170201109,0.5205467916519186
2014-05-06,151.99363708496094,13.800000190734863,-0.008704266897015644,12.448037137746086,1.3519630529887774
2014-05-07,152.88877868652344,13.399999618530273,0.0058893360191265565,11.902635566375046,1.497364052155227
2014-05-08,152.72604370117188,13.430000305175781,-0.0010644011074562032,11.8630454308595,1.5669548743162807
2014-05-09,152.95384216308594,12.920000076293945,0.0014915495510365862,11.293144266435705,1.62685580985824
2014-05-12,154.4430694580078,12.229999542236328,0.00973644907418536,8.735582959016273,3.4944165832200547
2014-05-13,154.58143615722656,12.130000114440918,0.0008959074674204093,7.831393792242118,4.2986063221988
2014-05-14,153.8490447998047,12.170000076293945,-0.004737899812736535,7.894041987807427,4.275958088486519
2014-05-15,152.49819946289062,13.170000076293945,-0.008780329697021139,8.415368820996859,4.754631255297086
2014-05-16,153.02711486816406,12.4399995803833,0.003468338689481598,7.725205344015473,4.714794236367828
2014-05-19,153.58860778808594,12.420000076293945,0.003669238098134464,7.798200876519491,4.621799199774454
2014-05-20,152.62026977539062,12.960000038146973,-0.006304751547923204,8.07550203801987,4.884498000127103
2014-05-21,153.9059600830078,11.90999984741211,0.00842411240334795,8.445369589383663,3.4646302580284463
2014-05-22,154.28038024902344,12.029999732971191,0.0024327853568093527,8.41718621304793,3.612813519923261
2014-05-23,154.89878845214844,11.359999656677246,0.004008339894721713,8.488548675327074,2.871450981350172
2014-05-27,155.85086059570312,11.510000228881836,0.006146414397868671,8.047768085321094,3.462232143560742
2014-05-28,155.73695373535156,11.680000305175781,-0.0007308709102803457,8.049021895891375,3.630978409284406
2014-05-29,156.54257202148438,11.569999694824219,0.005172942367306144,8.079390996421708,3.490608698402511
2014-05-30,156.79481506347656,11.399999618530273,0.0016113383007247961,8.054561511945746,3.3454381065845276
2014-06-02,156.973876953125,11.579999923706055,0.0011420141002491668,8.046356750574796,3.5336431731312583
2014-06-03,156.8924560546875,11.869999885559082,-0.0005186907529959317,8.015452764257661,3.8545471213014206
2014-06-04,157.2097930908203,12.079999923706055,0.0020226405023719973,8.016756890366747,4.063243033339308
2014-06-05,158.2351531982422,11.680000305175781,0.006522240677649949,7.35348118107681,4.326519124098971
2014-06-06,158.9920196533203,10.729999542236328,0.004783175165444353,7.288099859819633,3.441899682416695
2014-06-09,159.15475463867188,11.149999618530273,0.0010235418463542256,7.217516940304216,3.932482678226058
2014-06-10,159.17100524902344,10.989999771118164,0.0001021057170955686,7.245243312610949,3.744756458507215
2014-06-11,158.61761474609375,11.600000381469727,-0.003476704202903691,6.883376779682046,4.71662360178768
2014-06-12,157.49464416503906,12.5600004196167,-0.007079734384180969,7.468986463278247,5.091013956338452
2014-06-13,157.97479248046875,12.180000305175781,0.0030486644036387123,7.2110081601945115,4.96899214498127
2014-06-16,158.1049346923828,12.649999618530273,0.0008238163182279212,6.224242735073967,6.425756883456306
2014-06-17,158.5443572998047,12.0600004196167,0.00277930988224262,6.204515226335487,5.855485193281212
2014-06-18,159.7080841064453,10.609999656677246,0.0073400707944466514,6.476030743401575,4.133968913275671
2014-06-19,159.88706970214844,10.619999885559082,0.0011207046700518752,5.767018188539928,4.852981697019154
2014-06-20,160.21170043945312,10.850000381469727,0.0020303751761130417,5.307907684733594,5.542092696736132
2014-06-23,160.16268920898438,10.979999542236328,-0.0003059154252423868,5.359060701540164,5.620938840696164
2014-06-24,159.19778442382812,12.130000114440918,-0.0060245291204945595,5.931866462512396,6.198133651928522
2014-06-25,159.91738891601562,11.59000015258789,0.004520191626987247,5.789890921317753,5.800109231270137
2014-06-26,159.80287170410156,11.630000114440918,-0.0007161023118893439,5.789261759161935,5.840738355278983
2014-06-27,160.11354064941406,11.260000228881836,0.0019440761107707427,5.6179973033224435,5.642002925559392
2014-06-30,160.03182983398438,11.569999694824219,-0.0005103304511178131,5.640771755606138,5.929227939218081
2014-07-01,161.10299682617188,11.149999618530273,0.006693462127494998,5.9786112037585,5.171388414771774
2014-07-02,161.26651000976562,10.819999694824219,0.0010149605334168754,5.945151584696467,4.874848110127751
2014-07-03,162.05960083007812,10.319999694824219,0.004917889152958432,6.071704405059771,4.248295289764448
2014-07-07,161.4954376220703,11.329999923706055,-0.0034812081796952166,6.0082921535321026,5.321707770173952
2014-07-08,160.4569854736328,11.979999542236328,-0.006430225916769672,6.3590221602708885,5.62097738196544
2014-07-09,161.17654418945312,11.649999618530273,0.004484433717212966,6.5099544727483085,5.140045145781965
2014-07-10,160.53875732421875,12.59000015258789,-0.003957069984604544,6.698921695314879,5.891078457273012
2014-07-11,160.7595672607422,12.079999923706055,0.0013754307072246785,6.552936157743846,5.527063765962208
2014-07-14,161.5690460205078,11.819999694824219,0.005035338011657453,6.079809102934138,5.740190591890081
2014-07-15,161.26651000976562,11.960000038146973,-0.0018724874485165355,6.132482904505146,5.827517133641827
2014-07-16,161.8633575439453,11.0,0.0037010011200933057,6.203265892819798,4.796734107180202
2014-07-17,160.023681640625,14.539999961853027,-0.011365610668374049,7.52322903686876,7.016770924984267
2014-07-18,161.6590576171875,12.0600004196167,0.010219587249811868,7.911475208889184,4.148525210727515
2014-07-21,161.3564453125,12.8100004196167,-0.0018719167929587277,7.9539958899908445,4.856004529625855
2014-07-22,162.05960083007812,12.239999771118164,0.004357777690356945,8.052597363613035,4.187402407505129
2014-07-23,162.41934204101562,11.520000457763672,0.0022198080773672135,8.065955928351242,3.45404452941243
2014-07-24,162.4275665283203,11.84000015258789,5.063736376054173e-05,7.695854641823667,4.144145510764224
2014-07-25,161.66714477539062,12.6899995803833,-0.004681605279095891,7.81985411210067,4.87014546828263
2014-07-28,161.73251342773438,12.5600004196167,0.000404340983658491,7.8069811946571965,4.753019224959503
2014-07-29,161.03753662109375,13.279999732971191,-0.004297075411192175,7.967617471706847,5.312382261264345
2014-07-30,161.06207275390625,13.329999923706055,0.00015236281755992565,7.9625769991858775,5.367422924520177
2014-07-31,157.88133239746094,16.950000762939453,-0.01974853733135118,10.238135027229632,6.7118657357098215
2014-08-01,157.39895629882812,17.030000686645508,-0.003055308004485613,10.237219831049808,6.7927808555957
2014-08-04,158.53550720214844,15.119999885559082,0.007220828714788352,10.437913462380696,4.6820864231783865
2014-08-05,156.99830627441406,16.8700008392334,-0.009696256408820103,10.83656168047405,6.033439158759348
2014-08-06,157.04739379882812,16.3700008392334,0.00031266276419739114,10.68674476333605,5.683256075897349
2014-08-07,156.19700622558594,16.65999984741211,-0.005414846771233273,10.59636958770452,6.063630259707589
2014-08-08,158.00401306152344,15.770000457763672,0.011568767414964043,11.466742441200072,4.3032580165636
2014-08-11,158.4619140625,14.229999542236328,0.002898033993594007,11.51404502649293,2.715954515743398
2014-08-12,158.2411346435547,14.130000114440918,-0.00139326487535818,11.327214117141121,2.8027859972997966
2014-08-13,159.31227111816406,12.899999618530273,0.006769014119003547,11.631567156547728,1.2684324619825453
2014-08-14,160.06459045410156,12.420000076293945,0.004722293710692771,11.68391209321625,0.7360879830776952
2014-08-15,160.03182983398438,13.149999618530273,-0.0002046712519254701,10.99630973872929,2.153689879800984
2014-08-18,161.372802734375,12.319999694824219,0.008379413656531609,10.798049495007868,1.5219501998163505
2014-08-19,162.21495056152344,12.210000038146973,0.005218647832092582,10.926915277918251,1.2830847602287214
2014-08-20,162.64833068847656,11.779999732971191,0.0026716410876612695,10.862964980650137,0.9170347523210545
2014-08-21,163.1226348876953,11.760000228881836,0.002916133213363148,10.881979492924769,0.8780207359570671
2014-08-22,162.8690948486328,11.470000267028809,-0.0015542909740089428,10.899468168438224,0.5705320985905846
2014-08-25,163.69491577148438,11.699999809265137,0.005070458110048914,10.878073751364273,0.821926057900864
2014-08-26,163.80123901367188,11.630000114440918,0.0006495207360985855,10.877803634347341,0.752196480093577
2014-08-27,163.73587036132812,11.779999732971191,-0.0003990730029721501,10.738350592424602,1.041649140546589
2014-08-28,163.64585876464844,12.050000190734863,-0.0005497365756266248,10.746548343232062,1.3034518475028012
2014-08-29,164.11196899414062,12.09000015258789,0.0028482861284166994,7.737195369579651,4.3528047830082395
2014-09-02,164.0301513671875,12.25,-0.000498547591955667,7.581833047141514,4.668166952858486
2014-09-03,163.9402313232422,12.359999656677246,-0.0005481921658659905,7.379868664141139,4.9801309925361075
2014-09-04,163.703125,12.640000343322754,-0.0014462973568378779,6.255289495613385,6.384710847709369
2014-09-05,164.43899536132812,12.09000015258789,0.004495151582036838,6.280812028875192,5.8091881237126985
2014-09-08,164.01382446289062,12.65999984741211,-0.002585584383456352,5.914391858981313,6.7456079884307965
2014-09-09,162.97543334960938,13.5,-0.006331119444850208,5.636999461242223,7.863000538757777
2014-09-10,163.588623046875,12.880000114440918,0.003762467045878237,5.6721985781589215,7.2078015362819965
2014-09-11,163.7766876220703,12.800000190734863,0.001149618914155326,5.575010610170832,7.224989580564031
2014-09-12,162.82005310058594,13.3100004196167,-0.005841090910886471,5.820498464303598,7.489501955313101
2014-09-15,162.6974334716797,14.119999885559082,-0.0007530990597975906,5.692148553622263,8.427851331936818
2014-09-16,163.92388916015625,12.729999542236328,0.007538260821367215,6.137355738766849,6.592643803469479
2014-09-17,164.14459228515625,12.649999618530273,0.0013463756023037732,5.549188059066141,7.100811559464132
2014-09-18,165.01951599121094,12.029999732971191,0.0053302012199996085,5.560459940249246,6.469539792721945
2014-09-19,164.87086486816406,12.109999656677246,-0.0009008093506636117,5.548462769543411,6.561536887133835
2014-09-22,163.59756469726562,13.6899995803833,-0.0077230150513045714,6.188616472435201,7.5013831079481
2014-09-23,162.66104125976562,14.930000305175781,-0.00572455610346656,6.494030219683785,8.435970085491995
2014-09-24,163.93434143066406,13.270000457763672,0.007827935693987209,6.829715063034533,6.4402853947291385
2014-09-25,161.2891845703125,15.640000343322754,-0.016135465194584198,8.833890538658196,6.806109804664558
2014-09-26,162.57078552246094,14.850000381469727,0.007945981967499627,9.331191847774356,5.5188085336953705
2014-09-29,162.2749786376953,15.979999542236328,-0.0018195574550186056,9.34542847062563,6.634571071610699
2014-09-30,161.84783935546875,16.309999465942383,-0.002632194351910644,9.299318586706619,7.010680879235764
2014-10-01,159.65447998046875,16.709999084472656,-0.013551984281870433,10.31711541435823,6.392883670114426
2014-10-02,159.67904663085938,16.15999984741211,0.00015387385555132305,10.326137009336168,5.833862838075941
2014-10-03,161.4370880126953,14.550000190734863,0.011009843927112906,11.16147463034328,3.3885255603915834
2014-10-06,161.24807739257812,15.460000038146973,-0.0011708004798892668,11.004494068752438,4.455505969394535
2014-10-07,158.75904846191406,17.200000762939453,-0.015436022375660441,12.097182211366867,5.102818551572586
2014-10-08,161.53565979003906,15.109999656677246,0.01748946819110664,13.622121104098545,1.4878785525787013
2014-10-09,158.3318634033203,18.760000228881836,-0.019833369244184107,15.089675375322367,3.6703248535594692
2014-10-10,156.5246124267578,21.239999771118164,-0.011414322662008147,15.434276378311518,5.805723392806646
2014-10-13,153.953369140625,24.639999389648438,-0.016427086106576172,16.17466517506951,8.465334214578927
2014-10-14,154.19163513183594,22.790000915527344,0.0015476503862237312,16.22755557056843,6.562445344958913
2014-10-15,153.1483612060547,25.270000457763672,-0.0067660864020880895,15.864701262697539,9.405299195066133
2014-10-16,153.0168914794922,25.200000762939453,-0.0008584468389160049,15.803620530601425,9.396380232338029
2014-10-17,154.8241424560547,21.989999771118164,0.011810793952801601,16.397311570116468,5.592688201001696
2014-10-20,156.3274383544922,18.56999969482422,0.009709699498992475,16.968936361574695,1.6010633332495239
2014-10-21,159.42445373535156,16.079999923706055,0.019811079957930966,18.50712348306762,-2.427123559361565
2014-10-22,158.290771484375,17.8700008392334,-0.00711109384046249,18.556332748696292,-0.6863319094628935
2014-10-23,160.1309051513672,16.530000686645508,0.011625021785769851,18.834430506083326,-2.304429819437818
2014-10-24,161.3631134033203,16.110000610351562,0.007695005850296921,18.228855532971902,-2.11885492262034
2014-10-27,161.14129638671875,16.040000915527344,-0.001374645121324236,18.006980923480455,-1.9669800079531115
2014-10-28,162.9896697998047,14.390000343322754,0.011470513484327816,18.454148468320273,-4.064148124997519
2014-10-29,162.74327087402344,15.149999618530273,-0.0015117456589972544,18.435991074464688,-3.2859914559344148
2014-10-30,163.78652954101562,14.520000457763672,0.006410456551532384,17.829381688754182,-3.3093812309905104
2014-10-31,165.65951538085938,14.029999732971191,0.011435530413230532,18.16494400559212,-4.134944272620928
2014-11-03,165.74989318847656,14.729999542236328,0.000545563636410451,17.85659802217051,-3.126598479934181
2014-11-04,165.17481994628906,14.890000343322754,-0.0034695240589601717,17.914604270751397,-3.024603927428643
2014-11-05,166.21812438964844,14.170000076293945,0.0063163649501700725,16.925785484605928,-2.755785408311983
2014-11-06,166.88343811035156,13.670000076293945,0.004002654482753609,16.01534696923762,-2.345346892943674
2014-11-07,167.03952026367188,13.119999885559082,0.000935276472534774,14.002587113354755,-0.882587227795673
2014-11-10,167.56529235839844,12.670000076293945,0.0031475910245468697,13.04336436819948,-0.3733642919055349
2014-11-11,167.72952270507812,12.920000076293945,0.000980097634589061,10.955809594874115,1.9641904814198305
2014-11-12,167.5488739013672,13.020000457763672,-0.0010770244903669512,11.07034478309639,1.949655674667282
2014-11-13,167.73779296875,13.789999961853027,0.0011275460287130112,10.423035448952318,3.3669645129007097
2014-11-14,167.77890014648438,13.3100004196167,0.000245068073251975,10.360203551910859,2.9497968677058406
2014-11-17,167.88568115234375,13.989999771118164,0.0006364388237505292,10.074368834827348,3.9156309362908157
2014-11-18,168.85501098632812,13.859999656677246,0.005773749299708086,9.877903101087272,3.9820965555899743
2014-11-19,168.5839385986328,13.960000038146973,-0.001605355897416949,8.101847582098635,5.858152456048337
2014-11-20,168.87969970703125,13.579999923706055,0.001754384853367208,7.29424627780796,6.285753645898095
2014-11-21,169.78326416015625,12.899999618530273,0.005350343793200096,6.666926225400855,6.233073393129418
2014-11-24,170.259765625,12.619999885559082,0.0028065278824789264,6.425320542679337,6.194679342879745
2014-11-25,170.13650512695312,12.25,-0.000723955525219977,6.378815046056059,5.871184953943941
2014-11-26,170.57191467285156,12.069999694824219,0.0025591776766165086,5.503934010597222,6.566065684226997
2014-11-28,170.21047973632812,13.329999923706055,-0.0021189592508042976,5.558903784934056,7.771096138771998
2014-12-01,169.0275115966797,14.15999984741211,-0.006950031170119275,6.16104805588206,7.998951791530049
2014-12-02,170.12008666992188,12.850000381469727,0.006463889001982137,5.3373254982770355,7.512674883192691
2014-12-03,170.77723693847656,12.5,0.0038628611201552143,5.4037757838304765,7.0962242161695235
2014-12-04,170.58836364746094,12.380000114440918,-0.0011059629163789886,5.19165549186745,7.188344622573468
2014-12-05,170.8676300048828,11.890000343322754,0.0016370774151923673,4.893961861201747,6.996038482121007
2014-12-08,169.72579956054688,14.210000038146973,-0.006682543933589469,5.515957723819966,8.694042314327007
2014-12-09,169.61082458496094,15.350000381469727,-0.0006774160197425827,5.539592998920117,9.81040738254961
2014-12-10,166.8916778564453,18.530000686645508,-0.016031681557880484,7.947370793374856,10.582629893270653
2014-12-11,167.73779296875,20.079999923706055,0.005069846041289683,8.146363348890656,11.933636574815399
2014-12-12,165.02700805664062,21.079999923706055,-0.016160847618964413,9.890226354627899,11.189773569078156
2014-12-15,163.89332580566406,20.420000076293945,-0.006869677056663748,10.08967244268875,10.330327633605195
2014-12-16,162.5789031982422,23.56999969482422,-0.008019988617354978,10.355208828418435,13.214790866405783
2014-12-17,165.76625061035156,19.440000534057617,0.01960492628138133,12.669355794880314,6.770644739177303
2014-12-18,169.86541748046875,16.809999465942383,0.024728597377476014,15.295421442960533,1.5145780229818495
2014-12-19,170.58822631835938,16.489999771118164,0.00425518536151559,15.336750486137493,1.1532492849806708
2014-12-22,171.3729248046875,15.25,0.004599956886026213,15.39513553975108,-0.14513553975107918
2014-12-23,171.6042022705078,14.800000190734863,0.0013495566238592716,15.306389682475901,-0.5063894917410376
2014-12-24,171.6207275390625,14.369999885559082,9.629874056726884e-05,15.284873613277291,-0.9148737277182093
2014-12-26,172.1741485595703,14.5,0.0032246747140833865,15.308720477436369,-0.8087204774363688
2014-12-29,172.40541076660156,15.0600004196167,0.0013431877489507027,15.295013464484159,-0.23501304486745944
2014-12-30,171.48028564453125,15.920000076293945,-0.005365986589148997,15.4074392454282,0.5125608308657448
2014-12-31,169.77870178222656,19.200000762939453,-0.009922912455557542,15.61906332882429,3.580937434115164
2015-01-02,169.68783569335938,17.790000915527344,-0.0005352031080066988,15.455945566714128,2.334055348813216
2015-01-05,166.62335205078125,19.920000076293945,-0.01805953638371527,16.576976523002976,3.343023553290969
2015-01-06,165.05389404296875,21.1200008392334,-0.009419195980009953,16.82437757632252,4.29562326291088
2015-01-07,167.1107177734375,19.309999465942383,0.012461528050548676,17.484871480727804,1.8251279852145785
2015-01-08,170.0760498046875,17.010000228881836,0.0177447148259533,18.502623562676803,-1.4926233337949668
2015-01-09,168.71315002441406,17.549999237060547,-0.008013472689650136,18.7178593256576,-1.1678600885970525
2015-01-12,167.3915252685547,19.600000381469727,-0.007833561021580837,18.0468481483301,1.5531522331396275
2015-01-13,166.92071533203125,20.559999465942383,-0.002812627077554253,17.98551473021336,2.5744847357290226
2015-01-14,165.91294860839844,21.479999542236328,-0.006037397585004434,17.175174640800837,4.304824901435492
2015-01-15,164.3931121826172,22.389999389648438,-0.009160444911195498,17.313613851467263,5.076385538181174
2015-01-16,166.5489501953125,20.950000762939453,0.013113919336842361,17.594701863128837,3.3552988998106166
2015-01-20,166.90420532226562,19.889999389648438,0.002133037323480691,16.285092151185225,3.6049072384632126
2015-01-21,167.7467803955078,18.850000381469727,0.005048255504499277,13.816851745693711,5.033148635776016
2015-01-22,170.24122619628906,16.399999618530273,0.014870305080669333,14.741491725813924,1.658507892716349
2015-01-23,169.3079071044922,16.65999984741211,-0.005482332996830985,14.753998006564062,1.906001840848047
2015-01-26,169.704345703125,15.520000457763672,0.0023415244179241235,14.773960033569903,0.7460404241937688
2015-01-27,167.4658660888672,17.219999313354492,-0.013190467250460025,15.410883806918404,1.809115506436088
2015-01-28,165.31822204589844,20.440000534057617,-0.01282436888857752,15.837498869455874,4.602501664601743
2015-01-29,166.8463897705078,18.760000228881836,0.00924379482005988,16.27099910016325,2.4890011287185843
2015-01-30,164.7483367919922,20.969999313354492,-0.012574758023841226,16.672943093532478,4.297056219822014
2015-02-02,166.7885284423828,19.43000030517578,0.012383685869718608,17.097749410619816,2.3322508945559655
2015-02-03,169.2004852294922,17.329999923706055,0.014461167141615494,17.896511843164348,-0.5665119194582928
2015-02-04,168.55618286132812,18.329999923706055,-0.0038079226976812652,16.735402974987647,1.594596948718408
2015-02-05,170.25775146484375,16.850000381469727,0.010094964032945075,16.627967328838363,0.22203305263136386
2015-02-06,169.7869873046875,17.290000915527344,-0.0027650086771729976,16.197875141804445,1.0921257737228984
2015-02-09,169.02708435058594,18.549999237060547,-0.004475625406662576,15.058999970771286,3.4909992662892613
2015-02-10,170.8277130126953,17.229999542236328,0.010652900208434124,15.234009951167835,1.9959895910684935
2015-02-11,170.92684936523438,16.959999084472656,0.000580329448838901,14.920118824355091,2.039880260117565
2015-02-12,172.5706329345703,15.34000015258789,0.009616883336002635,15.135678191923688,0.2043219606642026
2015-02-13,173.28099060058594,14.6899995803833,0.004116329956818099,14.894381007090269,-0.20438142670696813
2015-02-17,173.55360412597656,15.800000190734863,0.0015732454232040283,14.323903188760791,1.4760970019740718
2015-02-18,173.57012939453125,15.449999809265137,9.521708660509276e-05,13.823859675186908,1.6261401340782289
2015-02-19,173.44625854492188,15.289999961853027,-0.0007136645576141243,13.85565656307371,1.4343433987793173
2015-02-20,174.4869842529297,14.300000190734863,0.006000277646451835,13.887071905972235,0.41292828476262855
2015-02-23,174.46221923828125,14.5600004196167,-0.0001419304411413025,13.07212668068023,1.4878737389364698
2015-02-24,174.95782470703125,13.6899995803833,0.002840761002088854,12.852209165460884,0.8377904149224165
2015-02-25,174.80914306640625,13.84000015258789,-0.0008498141816404292,12.876394758176597,0.9636053944112941
2015-02-26,174.6026153564453,13.90999984741211,-0.001181446841613365,11.782223422244943,2.1277764251671663
2015-02-27,174.0079345703125,13.34000015258789,-0.003405909956839981,10.688499257225951,2.6515008953619397
2015-03-02,175.10655212402344,13.039999961853027,0.006313606080227352,10.500860292251177,2.53913966960185
2015-03-03,174.3878936767578,13.859999656677246,-0.004104120825568103,9.331368005176799,4.528631651500447
2015-03-04,173.65269470214844,14.229999542236328,-0.0042158831046617,8.93020063219845,5.299798910037879
2015-03-05,173.84268188476562,14.039999961853027,0.0010940641200130052,7.681368007511172,6.358631954341855
2015-03-06,171.3976287841797,15.199999809265137,-0.014064745631378828,9.210449208381952,5.9895506008831845
2015-03-09,172.10806274414062,15.0600004196167,0.004144946257427451,8.669624211145887,6.390376208470812
2015-03-10,169.31613159179688,16.690000534057617,-0.01622196605916304,10.395377064296527,6.29462346976109
2015-03-11,168.9196319580078,16.8700008392334,-0.0023417711594366786,10.308426984969486,6.561573854263912
2015-03-12,171.0672607421875,15.420000076293945,0.0127139087345014,10.59771196732636,4.8222881089675855
2015-03-13,170.01821899414062,16.0,-0.0061323349862243415,10.811377701368547,5.1886222986314525
2015-03-16,172.28977966308594,15.609999656677246,0.013360689709516427,11.307488538582595,4.302511118094651
2015-03-17,171.77764892578125,15.65999984741211,-0.0029724963274441185,11.24459004227246,4.4154098051396495
2015-03-18,173.84268188476562,13.970000267028809,0.012021546294865182,12.029648472819149,1.9403517942096595
2015-03-19,173.04971313476562,14.069999694824219,-0.004561415766271004,12.137871561646156,1.9321281331780629
2015-03-20,174.57717895507812,13.020000457763672,0.008826745752088971,12.522430564011907,0.4975698937517645
2015-03-23,174.23704528808594,13.40999984741211,-0.0019483283498338277,12.371477143573527,1.0385227038385825
2015-03-24,173.25796508789062,13.619999885559082,-0.005619242443973271,12.521788218504001,1.0982116670550806
2015-03-25,170.71910095214844,15.4399995803833,-0.014653664750444606,13.404281201159321,2.0357183792239795
2015-03-26,170.3125762939453,15.800000190734863,-0.002381248822983628,13.410697853325912,2.3893023374089513
2015-03-27,170.70245361328125,15.069999694824219,0.002289186904571583,13.465283313333753,1.6047163814904657
2015-03-30,172.78501892089844,14.510000228881836,0.01219997289749064,14.185843783194322,0.3241564456875139
2015-03-31,171.27493286132812,15.289999961853027,-0.008739681651808273,14.260107631190957,1.0298923306620704
2015-04-01,170.6693572998047,15.109999656677246,-0.0035356928851564273,14.24594268108115,0.8640569755960961
2015-04-02,171.2832489013672,14.670000076293945,0.003596964395220059,14.27990136288543,0.39009871340851454
2015-04-06,172.4365997314453,14.739999771118164,0.006733588003940083,14.496951103879413,0.2430486672387513
2015-04-07,171.980224609375,14.779999732971191,-0.0026466256164936475,13.650463738609295,1.1295359943618966
2015-04-08,172.56105041503906,13.979999542236328,0.003377282515959701,13.625054344648277,0.35494519758805154
2015-04-09,173.32435607910156,13.09000015258789,0.004423394863595442,12.310936262035586,0.7790638905523046
2015-04-10,174.27024841308594,12.579999923706055,0.005457353804058984,12.329180347040507,0.2508195766655472
2015-04-13,173.48204040527344,13.9399995803833,-0.004522906319294084,11.790509831583377,2.1494897487999243
2015-04-14,173.8138885498047,13.670000076293945,0.0019128674285593394,11.530116819254527,2.1398832570394184
2015-04-15,174.59381103515625,12.84000015258789,0.004487112576899044,10.720284891804639,2.119715260783252
2015-04-16,174.5440216064453,12.600000381469727,-0.0002851729303332551,10.64588579247246,1.9541145889972658
2015-04-17,172.53614807128906,13.890000343322754,-0.011503536567316619,10.635676908215855,3.2543234351068993
2015-04-20,174.11256408691406,13.300000190734863,0.009136728930413174,11.002479870999005,2.297520319735858
2015-04-21,173.90516662597656,13.25,-0.0011911688396821773,10.564486786712001,2.685513213287999
2015-04-22,174.75979614257812,12.710000038146973,0.00491434230036214,10.685109167457865,2.0248908706891076
2015-04-23,175.19949340820312,12.479999542236328,0.0025160092614566754,10.500320727865544,1.979678814370784
2015-04-24,175.6060333251953,12.289999961853027,0.002320440025731063,8.932565472385077,3.35743448946795
2015-04-27,174.8759002685547,13.119999885559082,-0.004157790269589068,9.046786992645307,4.073212892913775
2015-04-28,175.43179321289062,12.40999984741211,0.0031787853185158976,9.06457933211991,3.345420515292199
2015-04-29,174.70999145507812,13.390000343322754,-0.004114429571705824,8.328646730004811,5.061353613317943
2015-04-30,172.9593048095703,14.550000190734863,-0.010020529626995955,8.518141617079653,6.03185857365521
2015-05-01,174.8344268798828,12.699999809265137,0.01084140614682183,9.10024158325282,3.599758226012316
2015-05-04,175.33226013183594,12.850000381469727,0.0028474555088349174,9.078676683274004,3.7713236981957223
2015-05-05,173.32435607910156,14.3100004196167,-0.011451994351892703,9.819508171899717,4.490492247716983
2015-05-06,172.61083984375,15.149999618530273,-0.004116653028417572,9.887358094756404,5.262641523773869
2015-05-07,173.2994384765625,15.130000114440918,0.003989312800029454,9.914431214559883,5.215568899881035
2015-05-08,175.58114624023438,12.859999656677246,0.01316627326510611,10.803940704305939,2.0560589523713073
2015-05-11,174.74313354492188,13.850000381469727,-0.004772794307686734,10.81019380916768,3.039806572302046
2015-05-12,174.2204132080078,13.859999656677246,-0.0029913641028972426,10.739544977100243,3.120454679577003
2015-05-13,174.25363159179688,13.760000228881836,0.0001906687234716209,10.721977939312682,3.038022289569154
2015-05-14,176.07064819335938,12.739999771118164,0.010427424581996636,11.211586104787406,1.5284136663307581
2015-05-15,176.261474609375,12.380000114440918,0.0010838059493372132,11.210690615352846,1.1693094990880724
2015-05-18,176.8091278076172,12.729999542236328,0.0031070499067131774,10.350693557741561,2.379305984494767
2015-05-19,176.7509765625,12.850000381469727,-0.00032889277741621203,9.946009651079175,2.903990730390552
2015-05-20,176.62652587890625,12.880000114440918,-0.0007041018160923729,9.935549438272663,2.9444506761682554
2015-05-21,177.14100646972656,12.109999656677246,0.0029128161144551523,9.853914690992873,2.256084965684373
2015-05-22,176.7178955078125,12.130000114440918,-0.0023885545777700967,9.884127241947573,2.2458728724933454
2015-05-26,174.8178253173828,14.0600004196167,-0.01075199647986802,10.58173819427536,3.4782622253413393
2015-05-27,176.47718811035156,13.270000457763672,0.009491954209796205,10.986054635965811,2.283945821797861
2015-05-28,176.27809143066406,13.3100004196167,-0.0011281723253829812,10.95286326131223,2.35713715830447
2015-05-29,175.18292236328125,13.84000015258789,-0.0062127349944310906,11.081621105537472,2.7583790470504184
2015-06-01,175.53965759277344,13.970000267028809,0.002036358479923228,10.456539867957309,3.5134603990714997
2015-06-02,175.36541748046875,14.239999771118164,-0.0009925968564260534,9.796876696161043,4.443123074957121
2015-06-03,175.830078125,13.65999984741211,0.0026496709055137124,9.790284278917557,3.869715568494552
2015-06-04,174.3448486328125,14.710000038146973,-0.008446959178006086,9.38856242120333,5.321437616943642
2015-06-05,174.04620361328125,14.210000038146973,-0.0017129557992288102,9.282533142163448,4.927466895983525
2015-06-08,172.975830078125,15.289999961853027,-0.0061499389985807396,9.452947180134014,5.837052781719013
2015-06-09,172.9509735107422,14.470000267028809,-0.0001436996566027693,8.137180318872657,6.332819948156152
2015-06-10,175.02520751953125,13.220000267028809,0.011993190709968626,9.097415823508406,4.122584443520402
2015-06-11,175.58944702148438,12.850000381469727,0.003223761365288791,9.086717723632738,3.7632826578369887
2015-06-12,174.24534606933594,13.779999732971191,-0.007654793468220067,9.505024442308764,4.274975290662427
2015-06-15,173.4985809326172,15.390000343322754,-0.004285710657784825,8.815646843692218,6.574353499630536
2015-06-16,174.44442749023438,14.8100004196167,0.0054516097626442495,9.052777069174045,5.757223350442654
2015-06-17,174.72654724121094,14.5,0.0016172471373001596,8.992954845326835,5.507045154673165
2015-06-18,176.5435791015625,13.1899995803833,0.010399288997813949,9.761095418298678,3.4289041620846223
2015-06-19,175.7598876953125,13.960000038146973,-0.004439081898295227,9.878259631376254,4.081740406770718
2015-06-22,176.66026306152344,12.739999771118164,0.0051227579740593665,9.995419161888169,2.7445806092299954
2015-06-23,176.78533935546875,12.109999656677246,0.000708004685251451,9.964007050613983,2.1459926060632633
2015-06-24,175.50146484375,13.260000228881836,-0.007262335872417647,9.552751204841233,3.7072490240406033
2015-06-25,174.9678192138672,14.010000228881836,-0.003040690460093476,8.98703382320518,5.022966405676655
2015-06-26,174.9344940185547,14.020000457763672,-0.00019046471209527294,8.983247508337938,5.036752949425734
2015-06-29,171.26602172851562,18.850000381469727,-0.020970548493711938,11.341991079595354,7.508009301874372
2015-06-30,171.62454223632812,18.229999542236328,0.002093354561483407,11.34396345171627,6.886036090520058
2015-07-01,173.000244140625,16.09000015258789,0.008015764449367246,11.770803756839939,4.3191963957479516
2015-07-02,172.841796875,16.790000915527344,-0.0009158788556171693,11.710654566423335,5.079346349104009
2015-07-06,172.3498992919922,17.010000228881836,-0.0028459411548674707,11.405981082078528,5.604019146803308
2015-07-07,173.4337615966797,16.09000015258789,0.006288731871268771,11.635315982899998,4.4546841696878925
2015-07-08,170.5240478515625,19.65999984741211,-0.01677708952587753,12.8460896728083,6.813910174603809
2015-07-09,170.8324737548828,19.969999313354492,0.0018086944756834367,12.87352571913624,7.096473594218253
2015-07-10,172.98353576660156,16.829999923706055,0.012591645864738599,12.94847792277592,3.8815220009301346
2015-07-13,174.892822265625,13.899999618530273,0.011037388561646377,13.504602562761567,0.3953970557687061
2015-07-14,175.65150451660156,13.369999885559082,0.004337983921514521,13.302885768353756,0.06711411720532645
2015-07-15,175.5931396484375,13.229999542236328,-0.00033227650582712265,13.196884514408538,0.0331150278277903
2015-07-16,177.002197265625,12.109999656677246,0.008024559615533056,13.345217929161493,-1.2352182724842464
2015-07-17,177.1522216796875,11.949999809265137,0.0008475850378137917,13.341412871203321,-1.3914130619381844
2015-07-20,177.24392700195312,12.25,0.0005176639694162155,12.866019649517396,-0.616019649517396
2015-07-21,176.5435791015625,12.220000267028809,-0.003951322407694691,12.844856514328468,-0.6248562472996593
2015-07-22,176.22677612304688,12.119999885559082,-0.0017944746567836178,12.736811939560674,-0.616812054001592
2015-07-23,175.23463439941406,12.640000343322754,-0.005629914735205022,12.875490620581271,-0.235490277258517
2015-07-24,173.41714477539062,13.739999771118164,-0.010371748885444676,13.127262719904357,0.6127370512138075
2015-07-27,172.40823364257812,15.600000381469727,-0.005817828070686093,13.228884018683882,2.3711163627858447
2015-07-28,174.52593994140625,13.4399995803833,0.012283092599964629,13.970543930201826,-0.5305443498185252
2015-07-29,175.7265167236328,12.5,0.006879073578573092,11.899424226897066,0.6005757731029338
2015-07-30,175.7682647705078,12.130000114440918,0.00023757397377122125,11.900253653957094,0.22974646048382397
2015-07-31,175.50146484375,12.119999885559082,-0.001517907269017904,11.664495503975019,0.45550438158406337
2015-08-03,174.90945434570312,12.5600004196167,-0.0033732510356762058,11.738467895263831,0.8215325243528682
2015-08-04,174.5675811767578,13.0,-0.0019545722684012334,11.709595049862285,1.2904049501377148
2015-08-05,175.14292907714844,12.510000228881836,0.0032958462075960426,11.572612703359217,0.9373875255226185
2015-08-06,173.7089080810547,13.770000457763672,-0.008187718474561345,10.266373531856168,3.503626925907504
2015-08-07,173.37539672851562,13.390000343322754,-0.0019199438659959212,10.306031079077364,3.0839692642453898
2015-08-10,175.55984497070312,12.229999542236328,0.012599528441789687,10.307175088419335,1.9228244538169932
2015-08-11,173.97567749023438,13.710000038146973,-0.009023518337767489,10.119000333131162,3.590999705015811
2015-08-12,174.18414306640625,13.609999656677246,0.0011982455201737796,9.998102658405891,3.611896998271355
2015-08-13,173.9673309326172,13.489999771118164,-0.0012447294568392886,10.002543074209239,3.487456696908925
2015-08-14,174.6010284423828,12.829999923706055,0.0036426236257602884,9.64498523332957,3.1850146903764855
2015-08-17,175.57643127441406,13.020000457763672,0.0055864667048803884,9.873615179800115,3.1463852779635566
2015-08-18,175.06788635253906,13.789999961853027,-0.002896430450167742,9.904113937377062,3.8858860244759654
2015-08-19,173.683837890625,15.25,-0.007905781527098421,10.16553008029461,5.0844699197053895
2015-08-20,170.05712890625,19.139999389648438,-0.020881096528157506,12.330440635122123,6.809558754526314
2015-08-21,164.93797302246094,28.030000686645508,-0.03010256563023106,15.759131884894725,12.270868801750783
2015-08-24,157.9929656982422,40.7400016784668,-0.04210678230702514,20.724377134141296,20.0156245443255
2015-08-25,156.13375854492188,36.02000045776367,-0.011767657788456787,20.879623603184,15.14037685457967
2015-08-26,162.1282958984375,30.31999969482422,0.03839360180259099,25.080534692775462,5.239465002048757
2015-08-27,166.1385955810547,26.100000381469727,0.02473534715451131,26.71091853346759,-0.6109181519978648
2015-08-28,166.14691162109375,26.049999237060547,5.0054835301738265e-05,26.70854668747518,-0.658547450414634
2015-08-31,164.80459594726562,28.43000030517578,-0.00807908892636744,26.773480239217918,1.6565200659578636
2015-09-01,159.8855438232422,31.399999618530273,-0.02984778486151829,28.361756384011393,3.0382432345188803
2015-09-02,162.92031860351562,26.09000015258789,0.018980920399085388,29.468334051139227,-3.378333898551336
2015-09-03,163.0370635986328,25.610000610351562,0.000716577257630524,29.411088151210446,-3.801087540858884
2015-09-04,160.56915283203125,27.799999237060547,-0.015137114911963234,29.65586679897701,-1.8558675619164617
2015-09-08,164.60455322265625,24.899999618530273,0.02513185328222023,31.281745876208184,-6.381746257677911
2015-09-09,162.4034423828125,26.229999542236328,-0.013372113934578489,31.017452012980694,-4.787452470744366
2015-09-10,163.2872314453125,24.3700008392334,0.005441935525090313,31.09874379088528,-6.728742951651881
2015-09-11,164.02920532226562,23.200000762939453,0.004543979773468321,31.174874471656928,-7.974873708717475
2015-09-14,163.4206085205078,24.25,-0.0037102953743031186,31.172348540171928,-6.922348540171928
2015-09-15,165.46322631835938,22.540000915527344,0.012499144485777824,31.551287929826195,-9.011287014298851
2015-09-16,166.8972625732422,21.350000381469727,0.008666797371179369,31.666969241924697,-10.31696886045497
2015-09-17,166.5220489501953,21.139999389648438,-0.0022481712237922835,31.66602395859786,-10.526024568949424
2015-09-18,163.8009033203125,22.280000686645508,-0.01634105301392652,31.991009148393328,-9.71100846174782
2015-09-21,164.6472930908203,20.139999389648438,0.005167186220290221,31.381427863174423,-11.241428473525986
2015-09-22,162.51026916503906,22.440000534057617,-0.01297940516156837,29.931875989320773,-7.4918754552631555
2015-09-23,162.25042724609375,22.1299991607666,-0.001598926149592561,25.85484124383906,-3.72484208307246
2015-09-24,161.6637725830078,23.469999313354492,-0.0036157357058673734,25.483568193576406,-2.0135688802219143
2015-09-25,161.62188720703125,23.6200008392334,-0.00025908943795716066,21.727175074440158,1.8928257647932405
2015-09-28,157.56561279296875,27.6299991607666,-0.025097308812305652,21.417110734067634,6.212888426698967
2015-09-29,157.65782165527344,26.829999923706055,0.0005852093021454507,21.42572814882806,5.404271774877994
2015-09-30,160.59945678710938,24.5,0.018658351998976475,22.50850674627386,1.9914932537261407
2015-10-01,161.01846313476562,22.549999237060547,0.002609014725446279,19.954779818805886,2.5952194182546613
2015-10-02,163.42369079589844,20.940000534057617,0.014937589232358661,19.525222907932267,1.4147776261253497
2015-10-05,166.33181762695312,19.540000915527344,0.017795013788341585,20.45425781494734,-0.9142568994199962
2015-10-06,165.7620086669922,19.399999618530273,-0.003425736387002609,19.675247504719025,-0.27524788618875107
2015-10-07,167.11962890625,18.399999618530273,0.00819017729198257,17.91787273587401,0.4821268826562637
2015-10-08,168.628173828125,17.420000076293945,0.009026736905461075,17.359595029229787,0.06040504706415817
2015-10-09,168.7287139892578,17.079999923706055,0.0005962239811438952,17.31435247434407,-0.23435255063801463
2015-10-12,168.88795471191406,16.170000076293945,0.0009437677730796956,17.28260736321493,-1.1126072869209835
2015-10-13,167.82359313964844,17.670000076293945,-0.006302175747709193,17.40297544712478,0.26702462916916403
2015-10-14,167.01904296875,18.030000686645508,-0.004794023032440697,17.03087849435366,0.9991221922918463
2015-10-15,169.58355712890625,16.049999237060547,0.015354621332826612,17.58353388325016,-1.5335346461896115
2015-10-16,170.35455322265625,15.050000190734863,0.004546408312239514,17.59172077200554,-2.5417205812706776
2015-10-19,170.43836975097656,14.979999542236328,0.0004920122575811092,16.410544204410623,-1.4305446621742952
2015-10-20,170.2205352783203,15.75,-0.0012780835264648571,16.40293491655064,-0.6529349165506417
2015-10-21,169.1645050048828,16.700000762939453,-0.006203894681160671,15.798990117373805,0.9010106455656484
2015-10-22,172.02230834960938,14.449999809265137,0.016893634658429413,16.554757305290902,-2.1047574960257656
2015-10-23,173.90802001953125,14.460000038146973,0.010962018170860954,16.608531616712696,-2.1485315785657235
2015-10-26,173.48062133789062,15.289999961853027,-0.002457613407320869,16.689075940711362,-1.3990759788583347
2015-10-27,173.14532470703125,15.430000305175781,-0.0019327612979106457,13.281154776936077,2.148845528239704
2015-10-28,175.11485290527344,14.329999923706055,0.011375000749080044,13.40241846838868,0.9275814553173749
2015-10-29,175.0142364501953,14.609999656677246,-0.0005745740775772168,12.571523569045231,2.0384760876320147
2015-10-30,174.2599639892578,15.069999694824219,-0.004309777742864673,12.901216954629554,2.168782740194665
2015-11-02,176.3215789794922,14.149999618530273,0.011830686424114445,12.60479949669123,1.5452001218390432
2015-11-03,176.8328399658203,14.539999961853027,0.0028995939651128566,11.507575951314413,3.032424010538614
2015-11-04,176.29652404785156,15.510000228881836,-0.0030328977246104616,11.480949867067885,4.029050361813951
2015-11-05,176.1205291748047,15.050000190734863,-0.0009982889566166886,11.394748513410276,3.6552516773245873
2015-11-06,176.0283660888672,14.329999923706055,-0.0005232955315846999,11.186548433465992,3.1434514902400625
2015-11-09,174.3856964111328,16.520000457763672,-0.00933184641903162,11.85984960761631,4.660150850147362
2015-11-10,174.78799438476562,15.289999961853027,0.00230694364223738,11.859775381467223,3.4302245803858042
2015-11-11,174.10076904296875,16.059999465942383,-0.003931765131900744,11.686343536518159,4.373655929424224
2015-11-12,171.6703643798828,18.3700008392334,-0.013959758342515394,12.7211120479495,5.648888791283898
2015-11-13,169.74276733398438,20.079999923706055,-0.01122847879342137,12.358744363859472,7.721255559846583
2015-11-16,172.32403564453125,18.15999984741211,0.015206941368335336,13.356365236706717,4.803634610705393
2015-11-17,172.19834899902344,18.84000015258789,-0.000729362245015408,13.364091185177612,5.4759089674102785
2015-11-18,174.93043518066406,16.850000381469727,0.015865925530192726,14.355761708419458,2.494238673050269
2015-11-19,174.77957153320312,16.989999771118164,-0.0008624208091927432,14.119421202150107,2.8705785689680567
2015-11-20,175.41650390625,15.470000267028809,0.003644203767405818,13.013050765210124,2.456949501818684
2015-11-23,175.2153778076172,15.619999885559082,-0.0011465631463063453,12.506891397564177,3.1131084879949054
2015-11-24,175.45005798339844,15.930000305175781,0.0013393811588782167,12.467209980536534,3.462790324639247
2015-11-25,175.4249267578125,15.1899995803833,-0.0001432386279879294,12.437376028241035,2.752623552142266
2015-11-27,175.62606811523438,15.119999885559082,0.0011465950771041289,11.815419532381757,3.3045803531773252
2015-11-30,174.8968963623047,16.1299991607666,-0.004151842381685866,11.908257408700567,4.221741752066034
2015-12-01,176.564697265625,14.670000076293945,0.009535909087062366,12.23894652499871,2.4310535512952356
2015-12-02,174.76283264160156,15.90999984741211,-0.010205123968313412,12.082933204523693,3.8270666428884166
2015-12-03,172.315673828125,18.110000610351562,-0.014002741752848102,12.893645840680415,5.216354769671147
2015-12-04,175.67628479003906,14.8100004196167,0.019502642372893453,14.723440213153246,0.08656020646345297
2015-12-07,174.6119842529297,15.84000015258789,-0.0060583051285572065,14.864830790027526,0.975169362560365
2015-12-08,173.4386444091797,17.600000381469727,-0.006719698242764305,15.027084547100026,2.5729158343697005
2015-12-09,172.0894012451172,19.610000610351562,-0.007779368713695334,14.92350565221722,4.686494958134343
2015-12-10,172.53355407714844,19.34000015258789,0.0025809423986467017,14.930505413379327,4.409494739208563
2015-12-11,169.1896514892578,24.389999389648438,-0.01938117258278582,16.267357074401783,8.122642315246654
2015-12-14,170.04449462890625,22.729999542236328,0.005052573441246766,15.72911030287785,7.000889239358479
2015-12-15,171.82955932617188,20.950000762939453,0.010497632994006745,15.645983633073591,5.304017129865862
2015-12-16,174.34378051757812,17.860000610351562,0.014632064478694806,15.579616793040937,2.280383817310625
2015-12-17,171.6871337890625,18.940000534057617,-0.015237978209654446,16.51811028610293,2.4218902479546855
2015-12-18,168.62850952148438,20.700000762939453,-0.017815104720287356,16.539326494756747,4.1606742681827065
2015-12-21,170.01950073242188,18.700000762939453,0.008248849585901663,16.89438453922821,1.8056162237112439
2015-12-22,171.5623321533203,16.600000381469727,0.009074438015945985,17.195050170389788,-0.5950497889200612
2015-12-23,173.6868438720703,15.569999694824219,0.012383322679779152,17.808477319187325,-2.2384776243631066
2015-12-24,173.4001922607422,15.739999771118164,-0.0016503933455044306,17.802705022149013,-2.062705251030849
2015-12-28,173.00401306152344,16.90999984741211,-0.0022847679351071237,17.81275860504997,-0.9027587576378622
2015-12-29,174.85023498535156,16.079999923706055,0.010671555481037265,18.231217508576044,-2.1512175848699897
2015-12-30,173.61097717285156,17.290000915527344,-0.00708753873052459,18.340489753801666,-1.0504888382743225
2015-12-31,171.87429809570312,18.209999084472656,-0.010003279201748594,18.270653801293633,-0.06065471682097723
2016-01-04,169.47152709960938,20.700000762939453,-0.013979815613593627,18.549263660062888,2.1507371028765654
2016-01-05,169.75820922851562,19.34000015258789,0.0016916241554709721,17.993912940968865,1.3460872116190252
2016-01-06,167.61683654785156,20.59000015258789,-0.012614251118669095,16.865681074625694,3.724319077962196
2016-01-07,163.59548950195312,24.989999771118164,-0.023991307369354953,18.454514502638432,6.535485268479732
2016-01-08,161.79971313476562,27.010000228881836,-0.010976930798364481,18.619833734493696,8.39016649438814
2016-01-11,161.9599151611328,24.299999237060547,0.000990125527810859,18.59805372428034,5.701945512780206
2016-01-12,163.26661682128906,22.469999313354492,0.008068055968393217,18.8935815482791,3.5764177650753908
2016-01-13,159.19464111328125,25.219999313354492,-0.02494065098724363,19.602188971696787,5.617810341657705
2016-01-14,161.80810546875,23.950000762939453,0.01641678599978147,20.549833164780917,3.4001675981585358
2016-01-15,158.33473205566406,27.020000457763672,-0.02146600383845887,21.022944989623113,5.997055468140559
2016-01-19,158.5454864501953,26.049999237060547,0.0013310686278051875,20.035001812574617,6.01499742448593
2016-01-20,156.51376342773438,27.59000015258789,-0.012814764191342531,19.887437674494716,7.702562478093174
2016-01-21,157.3905487060547,26.690000534057617,0.005601969175861976,19.536771622323805,7.153228911733812
2016-01-22,160.61941528320312,22.34000015258789,0.020514996635399685,20.86022650272502,1.4797736498628709
2016-01-25,158.19142150878906,24.149999618530273,-0.015116440127322384,20.83432545923275,3.3156741592975223
2016-01-26,160.3496856689453,22.5,0.013643370415230338,20.961635221019815,1.5383647789801849
2016-01-27,158.60452270507812,23.110000610351562,-0.010883482288017832,21.09071793303821,2.0192826773133525
2016-01-28,159.43075561523438,22.420000076293945,0.005209390602893604,21.332781837318063,1.0872182389758827
2016-01-29,163.31724548339844,20.200000762939453,0.02437729064988936,22.969570104087865,-2.7695693411484115
2016-02-01,163.2582244873047,19.979999542236328,-0.0003613886330194882,22.942238147412038,-2.9622386051757097
2016-02-02,160.31594848632812,21.979999542236328,-0.018022222220145268,23.421580604765506,-1.4415810625291776
2016-02-03,161.2770233154297,21.649999618530273,0.005994879724543045,23.285551401934413,-1.6355517834041393
2016-02-04,161.52992248535156,21.84000015258789,0.0015681041522401795,23.28295296502135,-1.442952812433461
2016-02-05,158.45274353027344,23.3799991607666,-0.019050210064684325,23.74571053837101,-0.3657113776044092
2016-02-08,156.3198699951172,26.0,-0.013460628624260784,22.810346088370693,3.189653911629307
2016-02-09,156.32826232910156,26.540000915527344,5.3686930424401424e-05,22.586317648502497,3.9536832670248465
2016-02-10,156.19338989257812,26.290000915527344,-0.0008627514597424613,22.569275786860135,3.7207251286672083
2016-02-11,154.16160583496094,28.139999389648438,-0.013008130875541868,22.609211317616726,5.5307880720317115
2016-02-12,157.3399200439453,25.399999618530273,0.020616768953399145,22.45265629405566,2.9473433244746126
2016-02-16,159.9955596923828,24.110000610351562,0.016878358954903305,22.496904386912036,1.613096223439527
2016-02-17,162.60903930664062,22.309999465942383,0.01633470090846667,21.847109289823287,0.462890176119096
2016-02-18,161.9430694580078,21.639999389648438,-0.004095527846868063,21.92871398390322,-0.2887145942547811
2016-02-19,161.86717224121094,20.530000686645508,-0.00046866603832373954,21.350998199234446,-0.8209975125889386
2016-02-22,164.21087646484375,19.3799991607666,0.014479181857457002,21.773281227464388,-2.393282066697786
2016-02-23,162.1369171142578,20.979999542236328,-0.012629853729755558,21.26476365742313,-0.2847641151868032
2016-02-24,162.87884521484375,20.719999313354492,0.004575935658521768,20.519846709889645,0.2001526034648471
2016-02-25,164.85159301757812,19.110000610351562,0.012111749688133111,20.41194310990079,-1.3019424995492273
2016-02-26,164.47218322753906,19.809999465942383,-0.0023015233465084606,19.973104793563508,-0.16310532762112473
2016-02-29,163.18238830566406,20.549999237060547,-0.007842024691133487,20.20331909945026,0.3466801376102886
2016-03-01,167.01828002929688,17.700000762939453,0.023506775231452393,20.079277294262926,-2.379276531323473
2016-03-02,167.76861572265625,17.09000015258789,0.004492536345289677,20.10382221017531,-3.0138220575874186
2016-03-03,168.42616271972656,16.700000762939453,0.003919368317119032,18.833056115916726,-2.133055352977273
2016-03-04,168.97418212890625,16.860000610351562,0.0032537665189915632,18.791381586231797,-1.9313809758802343
2016-03-07,169.10903930664062,17.350000381469727,0.0007980933893882991,18.79699658652512,-1.4469962050553917
2016-03-08,167.26275634765625,18.670000076293945,-0.010917707099243557,17.82150676993954,0.8484933063544062
2016-03-09,168.08895874023438,18.34000015258789,0.004939547874368788,16.839812136288256,1.500188016299635
2016-03-10,168.22381591796875,18.049999237060547,0.0008022964669724963,16.82240690712325,1.2275923299372984
2016-03-11,170.93850708007812,16.5,0.01613737714422747,17.284756808980443,-0.7847568089804433
2016-03-14,170.71926879882812,16.920000076293945,-0.0012825564291800706,16.24617306843689,0.6738270078570565
2016-03-15,170.44107055664062,16.84000015258789,-0.0016295655677586174,15.340330476255945,1.499669676331946
2016-03-16,171.42742919921875,14.989999771118164,0.005787094855464137,14.618539006087703,0.3714607650304611
2016-03-17,172.51498413085938,14.4399995803833,0.0063441127054222335,13.890393018447089,0.549606561936212
2016-03-18,173.1929473876953,14.020000457763672,0.003929880411557063,13.660624610783637,0.35937584698003455
2016-03-21,173.43869018554688,13.789999961853027,0.0014188961014760526,13.611645778264894,0.1783541835881337
2016-03-22,173.34547424316406,14.170000076293945,-0.0005374576012023846,13.043756357809059,1.1262437184848864
2016-03-23,172.20144653320312,14.9399995803833,-0.006599697597850951,12.302024733181865,2.637974847201436
2016-03-24,172.12513732910156,14.739999771118164,-0.0004431391584556188,12.33869630682368,2.401303464294484
2016-03-28,172.2268829345703,15.239999771118164,0.0005911141571042222,11.863134371200363,3.3768653999178007
2016-03-29,173.82000732421875,13.819999694824219,0.00925014935243107,11.99570453785856,1.8242951569656594
2016-03-30,174.5826873779297,13.5600004196167,0.004387757574352946,11.378495253945275,2.1815051656714246
2016-03-31,174.1589813232422,13.949999809265137,-0.00242696490156713,8.818249408859899,5.131750400405238
2016-04-01,175.3453369140625,13.100000381469727,0.0068119116327305385,8.936326181052147,4.16367420041758
2016-04-04,174.777587890625,14.119999885559082,-0.003237890630166884,9.097302966412729,5.0226969191463535
2016-04-05,173.03192138671875,15.420000076293945,-0.009987931089875612,9.944029932138504,5.475970144155442
2016-04-06,174.92164611816406,14.09000015258789,0.010921249190904314,10.501675210481237,3.588324942106654
2016-04-07,172.82861328125,16.15999984741211,-0.011965545050383053,10.664454176344353,5.495545671067756
2016-04-08,173.2945556640625,15.359999656677246,0.0026959794096956813,10.60358529207291,4.7564143646043355
2016-04-11,172.88784790039062,16.260000228881836,-0.002346915990022791,10.684553554323804,5.575446674558032
2016-04-12,174.49795532226562,14.850000381469727,0.009313016741365532,9.70949572314444,5.140504658325286
2016-04-13,176.2605743408203,13.84000015258789,0.010101086945686344,10.162566410493556,3.677433742094335
2016-04-14,176.26904296875,13.720000267028809,4.804607020814089e-05,10.113099149892376,3.6069011171364327
2016-04-15,176.07406616210938,13.619999885559082,-0.001106131872941507,10.036981929284025,3.5830179562750573
2016-04-18,177.3113250732422,13.350000381469727,0.007026923033592425,10.082956900828481,3.267043480641245
2016-04-19,177.87060546875,13.239999771118164,0.0031542282777301534,10.061274023218514,3.17872574789965
2016-04-20,178.04005432128906,13.279999732971191,0.0009526523626122163,10.061811827648878,3.2181879053223135
2016-04-21,177.08250427246094,13.949999809265137,-0.005378284411777012,10.307912579032255,3.6420872302328817
2016-04-22,177.08250427246094,13.220000267028809,0.0,9.938824264827183,3.281176002201626
2016-04-25,176.77743530273438,14.079999923706055,-0.0017227504827760365,9.97773067454796,4.102269249158095
2016-04-26,177.0401611328125,13.960000038146973,0.0014861955069560562,9.974652775658639,3.985347262488334
2016-04-27,177.40452575683594,13.770000457763672,0.002058090219145825,9.55773776767984,4.212262690083833
2016-04-28,175.79441833496094,15.220000267028809,-0.009075909506851776,10.07838660628327,5.141613660745538
2016-04-29,174.84536743164062,15.699999809265137,-0.005398640709467717,10.232893608656559,5.467106200608578
2016-05-02,176.23509216308594,14.680000305175781,0.007948307420776457,10.332400816333825,4.347599488841956
2016-05-03,174.7012939453125,15.600000381469727,-0.008703137377169323,10.731351742306625,4.868648639163101
2016-05-04,173.7267608642578,16.049999237060547,-0.005578281986622025,10.314810718809406,5.735188518251141
2016-05-05,173.69285583496094,15.90999984741211,-0.00019516296239108222,9.550976893904307,6.359022953507802
2016-05-06,174.32843017578125,14.720000267028809,0.0036591852771665767,8.640436920835837,6.0795633461929715
2016-05-09,174.47254943847656,14.569999694824219,0.0008267111827371387,8.602731833867509,5.96726786095671
2016-05-10,176.64187622070312,13.630000114440918,0.012433628036091271,9.498807149289004,4.131192965151914
2016-05-11,174.98944091796875,14.6899995803833,-0.009354720058961319,9.65034466551853,5.039654914864771
2016-05-12,175.0402374267578,14.40999984741211,0.00029028327950864075,8.9487905028812,5.461209344530909
2016-05-13,173.51486206054688,15.039999961853027,-0.008714426971965228,9.406989849787488,5.63301011206554
2016-05-16,175.2266845703125,14.680000305175781,0.009865567072682824,10.094798038912996,4.585202266262785
2016-05-17,173.59120178222656,15.569999694824219,-0.009333525838809531,10.207162313287789,5.36283738153643
2016-05-18,173.64205932617188,15.949999809265137,0.000292973050610712,10.108450959875482,5.841548849389655
2016-05-19,173.04037475585938,16.329999923706055,-0.003465085432915127,10.109841763972078,6.220158159733977
2016-05-20,174.13356018066406,15.199999809265137,0.006317516512241994,10.330069532999062,4.869930276266075
2016-05-23,173.8963165283203,15.819999694824219,-0.0013624234874518582,10.32790188067846,5.492097814145758
2016-05-24,176.1503448486328,14.420000076293945,0.01296190951776377,11.370606970637054,3.0493931056568915
2016-05-25,177.3452606201172,13.899999618530273,0.006783499473198118,11.611861748173029,2.288137870357245
2016-05-26,177.3960723876953,13.430000305175781,0.00028651325330297794,11.590561277615075,1.8394390275607062
2016-05-27,178.1587371826172,13.119999885559082,0.004299220296462236,11.1865966507726,1.933403234786482
2016-05-31,177.8197021484375,14.1899995803833,-0.0019029941474729695,11.01223044768936,3.177769132693941
2016-06-01,178.18408203125,14.199999809265137,0.0020491536000231125,10.717181059964528,3.482818749300609
2016-06-02,178.72647094726562,13.630000114440918,0.0030439807519984097,10.199937165446658,3.4300629489942605
2016-06-03,178.19261169433594,13.470000267028809,-0.002987018375622763,10.023988686885499,3.4460115801433098
2016-06-06,179.09938049316406,13.649999618530273,0.005088700312578354,10.096298091501966,3.5537015270283074
2016-06-07,179.3789825439453,14.050000190734863,0.0015611558789949687,10.06534975526057,3.9846504354742933
2016-06-08,179.9636688232422,14.079999923706055,0.003259502707646522,10.083762365818577,3.9962375578874774
2016-06-09,179.7179718017578,14.640000343322754,-0.0013652590163945044,9.300393588023303,5.339606755299451
2016-06-10,178.01467895507812,17.030000686645508,-0.00947758774263574,9.317443346587485,7.712557340058023
2016-06-13,176.64187622070312,20.969999313354492,-0.007711738955647696,9.777162062468497,11.192837250885995
2016-06-14,176.2943878173828,20.5,-0.0019671915332587497,9.245020589820912,11.254979410179088
2016-06-15,176.04867553710938,20.139999389648438,-0.00139376121563195,8.653601753996956,11.486397635651482
2016-06-16,176.57403564453125,19.3700008392334,0.0029841752902659557,7.961428383274079,11.40857245595932
2016-06-17,175.91651916503906,19.40999984741211,-0.0037237438510827614,8.11526423852363,11.294735608888478
2016-06-20,177.0493621826172,18.3700008392334,0.006439662533996193,8.20992760515946,10.160073234073938
2016-06-21,177.55197143554688,18.479999542236328,0.0028388086053157124,8.017774132963925,10.462225409272403
2016-06-22,177.2623291015625,21.170000076293945,-0.0016313101546693298,8.02803055792171,13.141969518372235
2016-06-23,179.5707550048828,17.25,0.01302265357236565,8.039525150805304,9.210474849194696
2016-06-24,173.1225128173828,25.760000228881836,-0.03590920017752708,14.844579049448791,10.915421179433045
2016-06-27,170.02195739746094,23.850000381469727,-0.01790960268230668,15.928420931680895,7.921579449788831
2016-06-28,173.0885009765625,18.75,0.018036162070131256,17.26455709295263,1.4854429070473714
2016-06-29,176.03578186035156,16.639999389648438,0.017027594942243818,18.392203632052144,-1.7522042424037068
2016-06-30,178.4378662109375,15.630000114440918,0.013645432338815544,19.016105586790346,-3.3861054723494277
2016-07-01,178.81263732910156,14.770000457763672,0.002100289171363512,19.000730643829502,-4.230730186065831
2016-07-05,177.5263671875,15.579999923706055,-0.007193396176100264,19.141958220523424,-3.5619582968173695
2016-07-06,178.59120178222656,14.960000038146973,0.0059981771248769356,19.17563455863083,-4.215634520483857
2016-07-07,178.48049926757812,14.760000228881836,-0.000619865444342671,19.167209247985372,-4.4072090191035365
2016-07-08,181.13809204101562,13.199999809265137,0.014890101632073716,19.84094789713818,-6.640948087873042
2016-07-11,181.77694702148438,13.539999961853027,0.0035268947203224155,19.858945202281102,-6.318945240428075
2016-07-12,183.0972442626953,13.550000190734863,0.007263282076438893,19.632100177559643,-6.08209998682478
2016-07-13,183.07168579101562,13.039999961853027,-0.00013958960323301461,19.361934779746484,-6.321934817893457
2016-07-14,184.0938720703125,12.819999694824219,0.0055835301613147426,19.35470469856517,-6.5347050037409495
2016-07-15,183.84690856933594,12.670000076293945,-0.0013415085369177238,19.35351273585288,-6.683512659558936
2016-07-18,184.34088134765625,12.4399995803833,0.0026868701908795423,19.352147997855717,-6.912148417472416
2016-07-19,184.15345764160156,11.970000267028809,-0.0010167234998796904,19.271643710992052,-7.301643443963243
2016-07-20,184.92010498046875,11.770000457763672,0.00416308957043432,19.22539751703197,-7.4553970592682965
2016-07-21,184.22166442871094,12.739999771118164,-0.0037769854815493664,19.331570111382266,-6.591570340264102
2016-07-22,185.0478973388672,12.020000457763672,0.004484993188605069,19.30972619019515,-7.289725732431478
2016-07-25,184.5453338623047,12.869999885559082,-0.002715856185289023,18.956501804326752,-6.08650191876767
2016-07-26,184.63047790527344,13.050000190734863,0.00046137196312034945,13.281679734609225,-0.23167954387436218
2016-07-27,184.43458557128906,12.829999923706055,-0.0010609967336209225,11.011517346393527,1.818482577312528
2016-07-28,184.64752197265625,12.720000267028809,0.0011545361771905238,9.763986662404669,2.9560136046241396
2016-07-29,184.94566345214844,11.869999885559082,0.0016146519395821013,8.351693512335844,3.518306373223238
2016-08-01,184.79237365722656,12.4399995803833,-0.0008288369246437499,7.331663235256953,5.1083363451263475
2016-08-02,183.60833740234375,13.369999885559082,-0.006407387011972077,7.8443091872753765,5.5256906982837055
2016-08-03,184.1449432373047,12.859999656677246,0.0029225570175774873,7.2271146652430645,5.632884991434182
2016-08-04,184.34088134765625,12.420000076293945,0.0010640428507400213,7.062290159009422,5.357709917284524
2016-08-05,185.84860229492188,11.390000343322754,0.008178983067907541,7.377182029693005,4.012818313629749
2016-08-08,185.7378692626953,11.5,-0.0005958238633984037,5.714646693784547,5.785353306215453
2016-08-09,185.84860229492188,11.65999984741211,0.0005961790811217504,5.6542120934416475,6.005787753970462
2016-08-10,185.38865661621094,12.050000190734863,-0.002474840666173317,5.3038185675377925,6.746181623197071
2016-08-11,186.2489471435547,11.680000305175781,0.004640470150904186,5.475784450497527,6.204215854678254
2016-08-12,186.08712768554688,11.550000190734863,-0.0008688342161906615,5.21952032377074,6.330479866964123
2016-08-15,186.6237335205078,11.8100004196167,0.0028836268345637794,5.235038064023815,6.574962355592884
2016-08-16,185.66119384765625,12.640000343322754,-0.005157648787182723,5.558817425859476,7.081182917463278
2016-08-17,186.0104522705078,12.1899995803833,0.0018811600615804558,5.559965468798257,6.630034111585044
2016-08-18,186.42779541015625,11.430000305175781,0.0022436542385344538,5.4383479926509475,5.991652312524834
2016-08-19,186.15528869628906,11.34000015258789,-0.0014617279213523515,5.271272210101518,6.0687279424863725
2016-08-22,186.146728515625,12.270000457763672,-4.598408524414399e-05,5.069787183346489,7.200213274417183
2016-08-23,186.5215301513672,12.380000114440918,0.0020134742024795482,4.980779296238088,7.39922081820283
2016-08-24,185.56753540039062,13.449999809265137,-0.0051146629035392355,5.348869477681012,8.101130331584125
2016-08-25,185.4397430419922,13.630000114440918,-0.0006886568715950281,5.338947345499615,8.291052768941302
2016-08-26,185.09051513671875,13.649999618530273,-0.0018832419606747974,5.378678903412435,8.271320715117838
2016-08-29,186.0019073486328,12.9399995803833,0.004924035201052002,5.611708021880049,7.328291558503252
2016-08-30,185.69525146484375,13.119999885559082,-0.0016486706408568308,5.639186183044832,7.48081370251425
2016-08-31,185.1671905517578,13.420000076293945,-0.002843696373064808,5.2303347904009545,8.18966528589299
2016-09-01,185.17567443847656,13.479999542236328,4.581744040876856e-05,5.150383903062572,8.329615639173756
2016-09-02,186.0104522705078,11.979999542236328,0.004508031816611968,5.351466151010244,6.628533391226084
2016-09-06,186.5727081298828,12.020000457763672,0.0030227111031231324,4.665410840023641,7.3545896177400305
2016-09-07,186.55560302734375,11.9399995803833,-9.168062526676568e-05,4.657983659123052,7.282015921260249
2016-09-08,186.12969970703125,12.510000228881836,-0.0022829832682649265,4.734318409124613,7.775681819757223
2016-09-09,181.67471313476562,17.5,-0.02393485069431578,9.564177124304498,7.935822875695502
2016-09-12,184.28123474121094,15.15999984741211,0.014347189883887612,10.790932389422018,4.369067457990091
2016-09-13,181.63211059570312,17.850000381469727,-0.014375441695015923,11.817244817643171,6.032755563826555
2016-09-14,181.56399536132812,18.139999389648438,-0.00037501757894897736,11.731512183457932,6.408487206190506
2016-09-15,183.3783416748047,16.299999237060547,0.009992875018342007,12.262761776958813,4.037237460101734
2016-09-16,182.66949462890625,15.369999885559082,-0.0038654894543406204,12.280166759926175,3.0898331256329072
2016-09-19,182.70370483398438,15.529999732971191,0.00018727924521622086,12.235810918036858,3.2941888149343335
2016-09-20,182.71231079101562,15.920000076293945,4.710335260615928e-05,12.238742487278738,3.681257589015207
2016-09-21,184.76695251464844,13.300000190734863,0.011245228713586242,12.938401643861303,0.3615985468735605
2016-09-22,185.93128967285156,12.020000457763672,0.006301652662214163,13.119948984361454,-1.0999485265977818
2016-09-23,184.9125213623047,12.289999961853027,-0.005479273081682057,13.138040069999787,-0.8480401081467601
2016-09-26,183.414306640625,14.5,-0.008102289183241407,13.425230613188916,1.0747693868110844
2016-09-27,184.5529327392578,13.100000381469727,0.006207945931196113,13.610630409083166,-0.5106300276134395
2016-09-28,185.46902465820312,12.390000343322754,0.0049638437349548425,13.6124899771415,-1.2224896338187463
2016-09-29,183.791015625,14.020000457763672,-0.009047381557623968,13.955415220482712,0.06458523728096033
2016-09-30,185.17787170410156,13.289999961853027,0.007545831739301345,14.193286587270993,-0.9032866254179659
2016-10-03,184.7327423095703,13.569999694824219,-0.0024037936630059153,14.21852610935013,-0.6485264145259109
2016-10-04,183.791015625,13.630000114440918,-0.0050977789470162405,14.217719162888734,-0.5877190484478163
2016-10-05,184.60426330566406,12.989999771118164,0.004424850028161176,14.270103399863737,-1.2801036287455734
2016-10-06,184.7327423095703,12.84000015258789,0.0006959698633477451,14.275316266899551,-1.4353161143116608
2016-10-07,184.0991668701172,13.479999542236328,-0.003429686754670702,14.299589214988979,-0.8195896727526506
2016-10-10,185.05807495117188,13.380000114440918,0.005208649758481565,11.583098533814153,1.7969015806267645
2016-10-11,182.72084045410156,15.359999656677246,-0.012629735274653608,11.406668813053775,3.953330843623471
2016-10-12,182.96058654785156,15.90999984741211,0.001312089486640744,10.213579999918373,5.696419847493736
2016-10-13,182.36123657226562,16.690000534057617,-0.003275842009990426,10.289279240150663,6.400721293906955
2016-10-14,182.45547485351562,16.1200008392334,0.0005167670664081303,9.660649101724234,6.459351737509165
2016-10-17,181.82191467285156,16.209999084472656,-0.0034724098094217615,9.642916031463939,6.567083053008718
2016-10-18,182.96058654785156,15.279999732971191,0.006262566737616826,9.900188949933424,5.379810783037767
2016-10-19,183.44851684570312,14.40999984741211,0.00266686015309614,9.940422784087549,4.469577063324561
2016-10-20,183.10614013671875,13.75,-0.0018663367514295537,9.109366800326368,4.640633199673632
2016-10-21,183.1916961669922,13.34000015258789,0.00046724828675626107,8.785859628471481,4.554140524116409
2016-10-24,183.97076416015625,13.020000457763672,0.004252747310412364,8.764482029551058,4.255518428212614
2016-10-25,183.35440063476562,13.460000038146973,-0.0033503341044669455,8.37240398555676,5.087596052590213
2016-10-26,182.98626708984375,14.239999771118164,-0.0020077704360921267,8.08328500817703,6.156714762941133
2016-10-27,182.49826049804688,15.359999656677246,-0.0026669028204027168,7.875594216598171,7.484405440079075
2016-10-28,181.95884704589844,16.190000534057617,-0.002955718321239642,7.331523672020947,8.858476862036671
2016-10-31,181.9674835205078,17.059999465942383,4.746388949805613e-05,6.734814760830303,10.325184705112079
2016-11-01,180.6490478515625,18.559999465942383,-0.007245446512957443,7.078021728739796,11.481977737202588
2016-11-02,179.56175231933594,19.31999969482422,-0.006018827916103864,7.151130909199003,12.168868785625214
2016-11-03,178.7399444580078,22.079999923706055,-0.00457674226673066,6.952226023327035,15.127773900379019
2016-11-04,178.5430145263672,22.510000228881836,-0.0011017678909869266,6.9075489777715,15.602451251110336
2016-11-07,182.4811553955078,18.709999084472656,0.022057098562985544,10.67672147390077,8.033277610571886
2016-11-08,183.3030548095703,18.739999771118164,0.0045040235101598824,10.632791579800212,8.107208191317952
2016-11-09,185.2463836669922,14.380000114440918,0.010601726520274024,10.315682601029586,4.064317513411332
2016-11-10,185.70867919921875,14.739999771118164,0.002495571158126486,10.333040933665167,4.406958837452997
2016-11-11,185.2805938720703,14.170000076293945,-0.0023051444283290756,10.291009031539652,3.8789910447542937
2016-11-14,185.4261474609375,14.479999542236328,0.000785584641247894,10.290575761100913,4.189423781135416
2016-11-15,186.87301635742188,13.369999885559082,0.007802938885893562,10.442367666507623,2.9276322190514588
2016-11-16,186.52197265625,13.720000267028809,-0.0018785146620657889,10.337744368257015,3.3822558987717937
2016-11-17,187.48086547851562,13.350000381469727,0.005140910792493125,10.425020700808446,2.9249796806612807
2016-11-18,187.06138610839844,12.850000381469727,-0.0022374516409796597,10.438913226094954,2.411087155374773
2016-11-21,188.473876953125,12.420000076293945,0.007550948242776689,10.675787675271122,1.744212401022823
2016-11-22,188.84210205078125,12.40999984741211,0.001953719547817423,10.627323447179098,1.7826764002330115
2016-11-23,188.94482421875,12.430000305175781,0.0005439579778725445,10.499006347076245,1.9309939580995366
2016-11-25,189.64683532714844,12.34000015258789,0.003715429153993144,10.448447527156446,1.8915526254314443
2016-11-28,188.7564239501953,13.149999618530273,-0.00469510274409346,10.57866348455284,2.571336133977434
2016-11-29,189.1245880126953,12.899999618530273,0.001950471696778644,10.44651504427777,2.453484574252503
2016-11-30,188.6708526611328,13.329999923706055,-0.002399134646268397,10.534058556471459,2.7959413672345956
2016-12-01,187.97743225097656,14.069999694824219,-0.0036752916540939706,10.217995225433132,3.852004469391087
2016-12-02,188.07159423828125,14.119999885559082,0.0005009217658584753,9.822078868779084,4.297921016779998
2016-12-05,189.20162963867188,12.140000343322754,0.006008538423718068,9.579888638403295,2.560111704919459
2016-12-06,189.8009033203125,11.789999961853027,0.0031673811836878674,9.478373797959549,2.3116261638934787
2016-12-07,192.28366088867188,12.220000267028809,0.013080852224235384,7.49992490854792,4.720075358480889
2016-12-08,192.7545623779297,12.640000343322754,0.0024489937786780214,7.4646234273626,5.175376915960154
2016-12-09,193.9188690185547,11.75,0.006040358403253565,6.985581373927446,4.764418626072554
2016-12-12,193.69625854492188,12.640000343322754,-0.0011479567447947314,7.078917731870196,5.561082611452558
2016-12-13,194.98902893066406,12.720000267028809,0.006674214543190837,7.071555384866192,5.648444882162616
2016-12-14,193.3794708251953,13.1899995803833,-0.008254608550520515,7.974511466626335,5.215488113756966
2016-12-15,194.17568969726562,12.789999961853027,0.004117390893007666,7.736032171529268,5.053967790323759
2016-12-16,193.7958984375,12.199999809265137,-0.0019559155956018204,7.740762938719545,4.459236870545592
2016-12-19,194.21791076660156,11.710000038146973,0.002177612284388175,7.6488056511430775,4.061194387003895
2016-12-20,194.96707153320312,11.449999809265137,0.0038573206953187444,7.544810388224269,3.905189421040868
2016-12-21,194.424560546875,11.270000457763672,-0.002782577499173877,7.432421385845281,3.837579071918391
2016-12-22,194.0886688232422,11.430000305175781,-0.0017276198165911971,7.512561684950517,3.9174386202252647
2016-12-23,194.37289428710938,11.4399995803833,0.0014644103934065011,7.507401063823378,3.9325985165599224
2016-12-27,194.8551483154297,11.989999771118164,0.0024810765415057556,7.470697274002842,4.519302497115322
2016-12-28,193.2447967529297,12.949999809265137,-0.008264352142716702,7.920461166857969,5.029538642407168
2016-12-29,193.20169067382812,13.369999885559082,-0.00022306463007470967,7.927928814732366,5.442071070826716
2016-12-30,192.49557495117188,14.039999961853027,-0.0036548113020830053,8.007853671815381,6.032146290037646
2017-01-03,193.96812438964844,12.850000381469727,0.007649783320214487,8.140292326369647,4.70970805510008
2017-01-04,195.12210083007812,11.850000381469727,0.005949309681994697,8.273118875858069,3.5768815056116576
2017-01-05,194.96707153320312,11.670000076293945,-0.0007945245372793508,8.168639266699468,3.501360809594477
2017-01-06,195.66464233398438,11.319999694824219,0.0035778903344838575,8.180786793941257,3.1392129008829617
2017-01-09,195.018798828125,11.5600004196167,-0.0033007675692217076,7.153034924783785,4.406965494832914
2017-01-10,195.018798828125,11.489999771118164,0.0,7.127090700033434,4.36290907108473
2017-01-11,195.56988525390625,11.260000228881836,0.0028258118145161326,6.89932747520078,4.360672753681056
2017-01-12,195.0790252685547,11.539999961853027,-0.002509895553266195,6.954061193768481,4.585938768084547
2017-01-13,195.52687072753906,11.229999542236328,0.0022957130238263623,6.609025442092379,4.6209741001439495
2017-01-17,194.83792114257812,11.869999885559082,-0.003523554498660042,6.029723504916996,5.840276380642086
2017-01-18,195.26849365234375,12.479999542236328,0.002209900964045497,5.915262334766445,6.564737207469883
2017-01-19,194.54513549804688,12.779999732971191,-0.00370442840402474,6.028243019776482,6.75175671319471
2017-01-20,195.25987243652344,11.539999961853027,0.003673887484499705,6.112085471439016,5.427914490414011
2017-01-23,194.7517852783203,11.770000457763672,-0.002602107395969444,6.042509802855498,5.727490654908173
2017-01-24,196.00047302246094,11.069999694824219,0.006411688305481444,6.34939917242628,4.720600522397938
2017-01-25,197.697021484375,10.8100004196167,0.008655838609734623,6.906971736665127,3.9030286829515726
2017-01-26,197.49029541015625,10.630000114440918,-0.0010456711621985582,6.935186171455548,3.6948139429853697
2017-01-27,197.18026733398438,10.579999923706055,-0.001569839548459795,6.950989188037362,3.6290107356686923
2017-01-30,195.9574432373047,11.880000114440918,-0.006201554106874507,6.650744332140804,5.229255782300114
2017-01-31,195.94020080566406,11.989999771118164,-8.799069510079249e-05,6.64861718448776,5.341382586630404
2017-02-01,196.01771545410156,11.8100004196167,0.0003956035980303696,6.4613839745934545,5.348616445023245
2017-02-02,196.14694213867188,11.930000305175781,0.0006592602320201202,5.972702059185442,5.957298245990339
2017-02-03,197.4989013671875,10.970000267028809,0.0068925837628395215,6.088189384174799,4.881810882854009
2017-02-06,197.1458740234375,11.369999885559082,-0.0017874901647865205,6.126111233651364,5.243888651907718
2017-02-07,197.15447998046875,11.289999961853027,4.3652737212296344e-05,6.026551529565061,5.263448432287967
2017-02-08,197.41278076171875,11.449999809265137,0.0013101441127565394,5.882815179218436,5.5671846300467
2017-02-09,198.58396911621094,10.880000114440918,0.005932687589796037,6.160560472012505,4.719439642428413
2017-02-10,199.36761474609375,10.850000381469727,0.003946167625566099,6.217335093633736,4.632665287835991
2017-02-13,200.4526824951172,11.069999694824219,0.005442547679598508,6.274036567995582,4.795963126828637
2017-02-14,201.25357055664062,10.739999771118164,0.003995397076030471,6.335276687814782,4.404723083303382
2017-02-15,202.30418395996094,11.970000267028809,0.005220346652307528,6.204726031663289,5.76527423536552
2017-02-16,202.1320037841797,11.760000228881836,-0.0008510954761831169,6.26948633544057,5.490513893441266
2017-02-17,202.45054626464844,11.489999771118164,0.001575913138470053,5.9600675358614765,5.5299322352566875
2017-02-21,203.65625,11.569999694824219,0.005955546959974356,6.096233022785167,5.473766672039051
2017-02-22,203.47535705566406,11.739999771118164,-0.0008882268250345327,5.960109487711497,5.779890283406667
2017-02-23,203.61318969726562,11.710000038146973,0.0006773923073339905,5.7646932214483755,5.945306816698597
2017-02-24,203.8715057373047,11.470000267028809,0.0012686606423832902,5.201854617731175,6.268145649297634
2017-02-27,204.19015502929688,12.09000015258789,0.001562990820319854,5.120713539782729,6.969286612805162
2017-02-28,203.63897705078125,12.920000076293945,-0.0026993366964070953,5.222603400524013,7.697396675769932
2017-03-01,206.4894561767578,12.539999961853027,0.013997708922225405,6.068362259242551,6.471637702610477
2017-03-02,205.18907165527344,11.8100004196167,-0.006297583157811371,6.7458500028537465,5.064150416762953
2017-03-03,205.31825256347656,10.960000038146973,0.000629570118725109,6.73841565023657,4.2215843879104025
2017-03-06,204.70681762695312,11.239999771118164,-0.002977986267121646,6.958656329615688,4.281343441502476
2017-03-07,204.09539794921875,11.449999809265137,-0.0029868066184712827,6.933047621891403,4.516952187373734
2017-03-08,203.7165069580078,11.859999656677246,-0.0018564406401030409,6.937300690569314,4.922698966107932
2017-03-09,203.97483825683594,12.300000190734863,0.0012680921280541213,6.916257958413963,5.3837422323209
2017-03-10,204.6895751953125,11.65999984741211,0.0035040446389598134,6.945177110186609,4.7148227372255
2017-03-13,204.7928924560547,11.350000381469727,0.0005047509656688209,6.784409760756112,4.565590620713615
2017-03-14,204.00930786132812,12.300000190734863,-0.003826229442482787,6.959802443132309,5.340197747602554
2017-03-15,205.77467346191406,11.630000114440918,0.008653358119257604,7.292806874125373,4.337193240315545
2017-03-16,205.36990356445312,11.210000038146973,-0.0019670540142339155,7.303352109766463,3.90664792838051
2017-03-17,205.00927734375,11.279999732971191,-0.0017559837855694038,7.19132582487057,4.088673908100621
2017-03-20,204.78443908691406,11.34000015258789,-0.0010967223520277347,7.198253536807781,4.14174661578011
2017-03-21,202.15509033203125,12.470000267028809,-0.012839592532550181,8.56260203017728,3.907398236851529
2017-03-22,202.6307373046875,12.8100004196167,0.002352881502390103,8.331759119423982,4.4782413001927175
2017-03-23,202.41452026367188,13.119999885559082,-0.0010670495695355164,8.333776610172523,4.7862232753865595
2017-03-24,202.26748657226562,12.960000038146973,-0.0007263989323231801,8.328581469929071,4.631418568217901
2017-03-27,202.0599365234375,12.5,-0.001026116714778924,8.311951663957267,4.188048336042733
2017-03-28,203.53028869628906,11.529999732971191,0.007276812010089007,8.709183808790936,2.8208159241802555
2017-03-29,203.7205352783203,11.420000076293945,0.0009347335143574664,8.665488087517916,2.754511988776029
2017-03-30,204.36923217773438,11.539999961853027,0.0031842489444071642,7.146280300570597,4.3937196612824305
2017-03-31,203.8935089111328,12.369999885559082,-0.002327763634145441,6.866022843188355,5.503977042370727
2017-04-03,203.53892517089844,12.380000114440918,-0.0017390634068146227,6.874958284092295,5.505041830348623
2017-04-04,203.66868591308594,11.789999961853027,0.0006375229803270432,6.818343928517153,4.971656033335874
2017-04-05,203.06317138671875,12.890000343322754,-0.0029730369381653077,6.8176449040205425,6.072355439302211
2017-04-06,203.6340789794922,12.390000343322754,0.0028114777725312123,6.869125963626247,5.520874379696507
2017-04-07,203.4264678955078,12.869999885559082,-0.0010195301544064783,6.861187011055586,6.008812874503496
2017-04-10,203.5475616455078,14.050000190734863,0.0005952703758402844,6.740569114935019,7.309431075799845
2017-04-11,203.30535888671875,15.069999694824219,-0.0011899074438969093,6.741976866588165,8.328022828236055
2017-04-12,202.41452026367188,15.770000457763672,-0.004381776397459625,6.780823320071744,8.989177137691929
2017-04-13,201.099853515625,15.960000038146973,-0.006494923122779661,6.25218940267584,9.707810635471134
2017-04-17,202.881591796875,14.65999984741211,0.00885996807109346,7.124163171184886,7.535836676227223
2017-04-18,202.276123046875,14.420000076293945,-0.0029843454235424227,7.162517928934667,7.257482147359278
2017-04-19,201.904296875,14.930000305175781,-0.0018382108885329762,7.173213900454939,7.756786404720843
2017-04-20,203.5475616455078,14.149999618530273,0.008138830108826989,6.3168023143252,7.833197304205074
2017-04-21,202.89889526367188,14.630000114440918,-0.003186804973697721,6.384891990194642,8.245108124246276
2017-04-24,205.13035583496094,10.84000015258789,0.010997894140277298,7.40103542901835,3.4389647235695406
2017-04-25,206.32391357421875,10.760000228881836,0.005818532973335788,7.592988683926592,3.167011544955244
2017-04-26,206.1941375732422,10.850000381469727,-0.0006289915634518639,7.581157951231941,3.268842430237785
2017-04-27,206.36721801757812,10.359999656677246,0.0008394052632774152,7.226689783398515,3.133309873278731
2017-04-28,205.9174041748047,10.819999694824219,-0.0021796768260698984,7.292503324427662,3.527496370396557
2017-05-01,206.43637084960938,10.109999656677246,0.0025202662052019598,7.265526133087118,2.8444735235901284
2017-05-02,206.51417541503906,10.59000015258789,0.00037689368937021683,7.193445592674938,3.3965545599129525
2017-05-03,206.26339721679688,10.680000305175781,-0.0012143389079136702,7.174051341126011,3.50594896404977
2017-05-04,206.5055389404297,10.460000038146973,0.001173944223260781,7.17640524386622,3.283594794280753
2017-05-05,207.3185577392578,10.569999694824219,0.003937031437508676,7.133675870804468,3.436323824019751
2017-05-08,207.28395080566406,9.770000457763672,-0.0001669263667041232,7.112838289333162,2.65716216843051
2017-05-09,207.09373474121094,9.960000038146973,-0.0009176593928946764,7.109540804773356,2.8504592333736163
2017-05-10,207.46559143066406,10.210000038146973,0.0017955960373103874,7.1160508566874485,3.093949181459524
2017-05-11,207.04180908203125,10.600000381469727,-0.002042663295202085,7.153907171979733,3.4460932094899936
2017-05-12,206.6958770751953,10.399999618530273,-0.0016708316468528883,6.961864312526436,3.4381353060038373
2017-05-15,207.83750915527344,10.420000076293945,0.005523245534611254,6.563671037788364,3.8563290385055815
2017-05-16,207.64724731445312,10.649999618530273,-0.0009154355322752439,6.050779315511333,4.5992203030189405
2017-05-17,203.9627227783203,15.59000015258789,-0.017744153046985067,8.831455621404134,6.758544531183757
2017-05-18,204.78443908691406,14.65999984741211,0.004028757301337116,8.876982695373973,5.783017152038136
2017-05-19,206.11639404296875,12.039999961853027,0.006504180503135615,8.720832705006307,3.31916725684672
2017-05-22,207.1628875732422,10.930000305175781,0.0050771969650083015,8.737128886036457,2.1928714191393244
2017-05-23,207.6212615966797,10.720000267028809,0.002212626155229769,7.967230110599257,2.752770156429552
2017-05-24,208.10562133789062,10.020000457763672,0.0023329004818006815,7.7678466099892125,2.2521538477744594
2017-05-25,209.10023498535156,9.989999771118164,0.004779369442625692,7.900532928377337,2.089466842740827
2017-05-26,209.0570068359375,9.8100004196167,-0.00020673410250870994,7.9061587315613915,1.9038416880553077
2017-05-30,208.8754425048828,10.380000114440918,-0.0008684919668690005,7.860387820946099,2.519612293494819
2017-05-31,208.823486328125,10.40999984741211,-0.000248742389889145,7.837695270436297,2.572304576975812
2017-06-01,210.48416137695312,9.890000343322754,0.007952530043573214,8.244272687887353,1.645727655435401
2017-06-02,211.18470764160156,9.75,0.0033282611863314493,8.24626756191393,1.50373243808607
2017-06-05,211.029052734375,10.069999694824219,-0.0007370557696380065,8.27170295864394,1.7982967361802782
2017-06-06,210.3544158935547,10.449999809265137,-0.003196890817064313,8.326448914316737,2.1235508949483997
2017-06-07,210.74363708496094,10.390000343322754,0.0018503114838492873,8.329134531803003,2.0608658115197507
2017-06-08,210.84739685058594,10.15999984741211,0.0004923506448888393,8.306751463379795,1.8532483840323142
2017-06-09,210.5273895263672,10.699999809265137,-0.0015177200619911346,8.339407330897044,2.3605924783680923
2017-06-12,210.48416137695312,11.460000038146973,-0.00020533266246880455,8.28708622443161,3.172913813715363
2017-06-13,211.51339721679688,10.420000076293945,0.004889849350709685,8.35213936752868,2.0678607087652647
2017-06-14,211.2452850341797,10.640000343322754,-0.0012675896002104503,8.230519620498367,2.4094807228243873
2017-06-15,210.83877563476562,10.899999618530273,-0.0019243477995178893,8.264175615269174,2.6358240032610993
2017-06-16,210.88487243652344,10.380000114440918,0.00021863531325783114,4.831884203147068,5.54811591129385
2017-06-19,212.64047241210938,10.369999885559082,0.008324921343584535,5.310071851912214,5.059928033646868
2017-06-20,211.2063446044922,10.859999656677246,-0.006744378393017114,5.79246723368589,5.0675324229913565
2017-06-21,211.15420532226562,10.75,-0.0002468641854684872,5.631180929845463,5.118819070154537
2017-06-22,211.05862426757812,10.479999542236328,-0.00045265996261656394,5.629491872645872,4.850507669590456
2017-06-23,211.31072998046875,10.020000457763672,0.0011944819301532572,5.603887406814749,4.416113050948923
2017-06-26,211.44973754882812,9.899999618530273,0.0006578348783907728,5.407436192520188,4.4925634260100855
2017-06-27,209.74623107910156,11.0600004196167,-0.008056318676362473,6.1730793052312976,4.886921114385402
2017-06-28,211.62359619140625,10.029999732971191,0.008950650043369146,6.864553495923382,3.165446237047809
2017-06-29,209.763671875,11.4399995803833,-0.008788832388634038,7.600558322486781,3.83944125789652
2017-06-30,210.15472412109375,11.180000305175781,0.0018642515293438855,7.096504659704495,4.083495645471286
2017-07-03,210.51109313964844,11.220000267028809,0.0016957459321702562,7.020270371392763,4.199729895636046
2017-07-05,210.99777221679688,11.069999694824219,0.002311892783843028,7.06704639926546,4.002953295558759
2017-07-06,209.06834411621094,12.539999961853027,-0.0091443055550533,7.680016731933962,4.859983229919066
2017-07-07,210.4241943359375,11.1899995803833,0.006485200930146151,8.00310422254012,3.1868953578431807
2017-07-10,210.650146484375,11.109999656677246,0.00107379357754267,8.010692629424424,3.099307027252822
2017-07-11,210.4937744140625,10.890000343322754,-0.0007423306981848565,7.997069559002816,2.8929307843199377
2017-07-12,212.0755615234375,10.300000190734863,0.007514650320552763,8.408133014487865,1.8918671762469987
2017-07-13,212.43186950683594,9.899999618530273,0.0016800992101064782,8.2630983243281,1.6369012942021737
2017-07-14,213.42266845703125,9.510000228881836,0.004664078664352367,8.383223596023903,1.1267766328579327
2017-07-17,213.39659118652344,9.819999694824219,-0.00012218603907609982,8.34064653433906,1.479353160485159
2017-07-18,213.5095672607422,9.890000343322754,0.0005294183641386674,8.339609297624317,1.5503910456984364
2017-07-19,214.6655731201172,9.789999961853027,0.0054143047274470835,8.056138200883673,1.7338617609693543
2017-07-20,214.76112365722656,9.579999923706055,0.00044511346519415795,7.618707007983685,1.9612929157223693
2017-07-21,214.56988525390625,9.359999656677246,-0.0008904703051635376,7.633163318312245,1.7268363383650014
2017-07-24,214.5177459716797,9.430000305175781,-0.00024299440792852067,7.629257461989825,1.8007428431859562
2017-07-25,215.03924560546875,9.430000305175781,0.0024310326002487948,7.649609179458207,1.780391125717574
2017-07-26,215.04791259765625,9.600000381469727,4.030423452761056e-05,7.654495516046582,1.9455048654231444
2017-07-27,214.8480224609375,10.109999656677246,-0.0009295144245028419,6.982402071138842,3.127597585538404
2017-07-28,214.59600830078125,10.289999961853027,-0.0011729880371696977,6.415819882132361,3.8741800797206665
2017-07-31,214.4742889404297,10.260000228881836,-0.000567202350665208,5.447230050260293,4.812770178621543
2017-08-01,214.9523162841797,10.09000015258789,0.0022288328643569333,5.455439027615504,4.634561124972387
2017-08-02,215.05661010742188,10.279999732971191,0.00048519515883849174,5.454370243298431,4.82562948967276
2017-08-03,214.63946533203125,10.4399995803833,-0.0019396975297911734,5.52619324825309,4.913806332130211
2017-08-04,215.03053283691406,10.029999732971191,0.0018219739053013662,4.175029044827558,5.854970688143633
2017-08-07,215.43032836914062,9.930000305175781,0.0018592500653373811,3.742262868502337,6.187737436673444
2017-08-08,214.9001922607422,10.960000038146973,-0.002460823935105605,3.943029812891182,7.016970225255791
2017-08-09,214.89149475097656,11.109999656677246,-4.047232193760131e-05,3.912348160379251,7.197651496297995
2017-08-10,211.85826110839844,16.040000915527344,-0.014115187044015598,5.989448220649997,10.050552694877346
2017-08-11,212.1710968017578,15.510000228881836,0.0014766273060238255,5.982487588793025,9.527512640088812
2017-08-14,214.27439880371094,12.329999923706055,0.009913235278782295,6.733093605740162,5.596906317965892
2017-08-15,214.24832153320312,12.039999961853027,-0.00012170035549463609,6.733090695226863,5.306909266626164
2017-08-16,214.6220245361328,11.739999771118164,0.001744251718078349,6.753738042715216,4.9862617284029485
2017-08-17,211.27589416503906,15.550000190734863,-0.015590806108207289,8.441274851724408,7.108725339010455
2017-08-18,210.94564819335938,14.260000228881836,-0.0015631029417000342,8.434290049868466,5.82571017901337
2017-08-21,211.11080932617188,13.1899995803833,0.0007829558667220571,8.452922123817656,4.737077456565645
2017-08-22,213.31834411621094,11.350000381469727,0.010456758690306378,9.305062425048954,2.044937956420773
2017-08-23,212.55349731445312,12.25,-0.0035854713054641607,9.31999536566865,2.9300046343313504
2017-08-24,212.0581512451172,12.229999542236328,-0.002330453629766027,9.337657992564358,2.89234154967197
2017-08-25,212.55349731445312,11.279999732971191,0.0023358973301779162,9.3936858311903,1.8863139017808912
2017-08-28,212.5622100830078,11.319999694824219,4.099094423182237e-05,9.39204956796355,1.9279501268606687
2017-08-29,212.80552673339844,11.699999809265137,0.001144684421071851,9.407758911682343,2.2922408975827935
2017-08-30,213.81375122070312,11.220000267028809,0.004737773979750948,9.533886960146768,1.6861133068820404
2017-08-31,215.10006713867188,10.59000015258789,0.006016057950552378,9.776017405924481,0.8139827466634095
2017-09-01,215.404296875,10.130000114440918,0.0014143637441637047,9.75999749507178,0.3700026193691386
2017-09-05,213.85720825195312,12.229999542236328,-0.0071822551615330354,10.063691373780792,2.1663081684555365
2017-09-06,214.5873565673828,11.630000114440918,0.003414186135682895,10.118849403894941,1.5111507105459765
2017-09-07,214.56118774414062,11.550000190734863,-0.00012194951119581798,10.084430370155065,1.4655698205797982
2017-09-08,214.3092041015625,12.119999885559082,-0.0011744139060164693,10.091859594779077,2.028140290780005
2017-09-11,216.59495544433594,10.729999542236328,0.010665670437981722,9.384910978042724,1.3450885641936043
2017-09-12,217.32504272460938,10.579999923706055,0.003370749234559378,9.418125801439784,1.161874122266271
2017-09-13,217.4293670654297,10.5,0.0004800382851068985,8.864099974614263,1.6359000253857374
2017-09-14,217.35977172851562,10.4399995803833,-0.00032008250703829955,8.866714572177592,1.5732850082057084
2017-09-15,217.65240478515625,10.170000076293945,0.0013463073424926364,8.861889302194655,1.3081107740992906
2017-09-18,218.11532592773438,10.149999618530273,0.002126882737799596,6.598781670538728,3.551217947991545
2017-09-19,218.3336639404297,10.180000305175781,0.0010010209588282581,6.506653511772208,3.6733467934035735
2017-09-20,218.4123077392578,9.779999732971191,0.0003602000598936783,6.515382033879287,3.2646176990919047
2017-09-21,217.8270721435547,9.670000076293945,-0.0026794991626652997,5.825186772854664,3.844813303439281
2017-09-22,217.8708038330078,9.59000015258789,0.0002007633349829785,5.592420847344965,3.997579305242926
2017-09-25,217.42529296875,10.210000038146973,-0.0020448396775516464,5.570643290181754,4.639356747965219
2017-09-26,217.5563507080078,10.170000076293945,0.0006027713586966854,5.558328012088156,4.61167206420579
2017-09-27,218.403564453125,9.869999885559082,0.003894226679019175,5.624459296820401,4.245540588738681
2017-09-28,218.66558837890625,9.550000190734863,0.0011997236695167057,5.624302886457775,3.9256973042770884
2017-09-29,219.43421936035156,9.510000228881836,0.0035150980414595523,5.545544229407209,3.9644559994746267
2017-10-02,220.3863067626953,9.449999809265137,0.00433882830635568,5.391927413741635,4.058072395523502
2017-10-03,220.85792541503906,9.510000228881836,0.0021399634998719996,5.402051019333208,4.107949209548628
2017-10-04,221.1199188232422,9.630000114440918,0.0011862531431043877,4.462694156968308,5.16730595747261
2017-10-05,222.43017578125,9.1899995803833,0.005925549199641278,4.671569443718297,4.518430136665004
2017-10-06,222.1768341064453,9.649999618530273,-0.0011389716971398345,4.734812666254505,4.915186952275769
2017-10-09,221.80995178222656,10.329999923706055,-0.001651307732843943,4.773589218205787,5.556410705500268
2017-10-10,222.3951873779297,10.079999923706055,0.0026384550873430612,3.5027828062287583,6.577217117477296
2017-10-11,222.74459838867188,9.850000381469727,0.0015711266725768613,3.420757683212027,6.429242698257699
2017-10-12,222.4126739501953,9.90999984741211,-0.0014901570717211765,3.5373490672942536,6.372650780117856
2017-10-13,222.68341064453125,9.609999656677246,0.001217271882611115,3.500466007016275,6.109533649660971
2017-10-16,222.98037719726562,9.90999984741211,0.0013335818410309397,3.500381253817279,6.40961859359483
2017-10-17,223.13760375976562,10.3100004196167,0.000705113896013021,3.4852390005300493,6.82476141908665
2017-10-18,223.35597229003906,10.069999694824219,0.0009786272084759684,3.485317170122812,6.584682524701407
2017-10-19,223.41708374023438,10.050000190734863,0.0002736056241019469,3.487717092875081,6.562283097859782
2017-10-20,224.57000732421875,9.970000267028809,0.00516040924303196,3.4797967593885213,6.490203507640287
2017-10-23,223.6966094970703,11.069999694824219,-0.0038892006887076835,3.925440238656396,7.144559456167823
2017-10-24,224.08966064453125,11.15999984741211,0.001757072439965146,3.7385878127286727,7.421412034683437
2017-10-25,222.98037719726562,11.229999542236328,-0.004950176835803455,4.341739900120797,6.888259642115531
2017-10-26,223.2686309814453,11.300000190734863,0.0012927316197186567,4.228643795090079,7.071356395644784
2017-10-27,225.0941162109375,9.800000190734863,0.008176183198990827,4.896922197081049,4.903077993653814
2017-10-30,224.255615234375,10.5,-0.003725112813596332,5.1365679482760145,5.3634320517239855
2017-10-31,224.60496520996094,10.180000305175781,0.0015578204149797603,5.00008744258784,5.179912862587941
2017-11-01,224.9019775390625,10.199999809265137,0.0013223765058973935,4.982697328484962,5.217302480780175
2017-11-02,224.98931884765625,9.930000305175781,0.00038835278172943966,4.983964410759585,4.946035894416196
2017-11-03,225.74044799804688,9.140000343322754,0.003338510264565997,4.724594988165949,4.415405355156805
2017-11-06,226.08982849121094,9.399999618530273,0.0015477088676951745,4.683755153407082,4.716244465123191
2017-11-07,225.9326629638672,9.890000343322754,-0.0006951463866932128,4.631196689392601,5.258803653930153
2017-11-08,226.31686401367188,9.779999732971191,0.0017005113150290185,4.597635030066499,5.182364702904692
2017-11-09,225.49588012695312,10.5,-0.003627585996725191,4.839351075957662,5.660648924042338
2017-11-10,225.42605590820312,11.289999961853027,-0.00030964742553474256,4.7924916777497435,6.497508284103284
2017-11-13,225.63565063476562,11.5,0.0009297715196145973,4.7892026194492185,6.7107973805507815
2017-11-14,225.11155700683594,11.59000015258789,-0.002322742999412042,4.888147807329819,6.701852345258072
2017-11-15,223.9848175048828,13.130000114440918,-0.0050052494724600605,5.239348713571461,7.890651400869457
2017-11-16,225.88893127441406,11.760000228881836,0.008501084094638456,5.978666836697935,5.7813333921839005
2017-11-17,225.2251434326172,11.430000305175781,-0.002938558512149858,6.099293960038148,5.330706345137633
2017-11-20,225.6094207763672,10.649999618530273,0.001706192025869191,5.872095833223403,4.77790378530687
2017-11-21,227.08558654785156,9.729999542236328,0.006543014765981736,6.059835312459482,3.670164229776846
2017-11-22,226.88470458984375,9.880000114440918,-0.0008846090192760059,6.072130278229192,3.807869836211726
2017-11-24,227.4087371826172,9.670000076293945,0.00230968673591625,5.748584688972678,3.921415387321267
2017-11-27,227.29519653320312,9.869999885559082,-0.0004992800664597175,5.768335780363303,4.101664105195779
2017-11-28,229.6010284423828,10.029999732971191,0.010144657451407468,6.113020627388196,3.9169791055829952
2017-11-29,229.46133422851562,10.699999809265137,-0.0006084215511353852,5.904373186905647,4.79562662235949
2017-11-30,231.4702606201172,11.279999732971191,0.00875496692440958,6.473636327360515,4.806363405610677
2017-12-01,230.9897918701172,11.430000305175781,-0.002075725618975066,6.587610302678021,4.84239000249776
2017-12-04,230.71038818359375,11.680000305175781,-0.0012095932216803496,6.637952039453404,5.042048265722377
2017-12-05,229.8805694580078,11.329999923706055,-0.0035967982721505365,6.790069412931421,4.539930510774633
2017-12-06,229.9242706298828,11.020000457763672,0.00019010380902595436,6.789395661812955,4.2306047959507165
2017-12-07,230.64920043945312,10.15999984741211,0.0031529068574811525,6.812737782257197,3.3472620651549123
2017-12-08,231.9070281982422,9.579999923706055,0.005453423451685646,6.983735363472894,2.596264560233161
2017-12-11,232.6056671142578,9.34000015258789,0.003012581901650657,6.78473844929334,2.5552617032945504
2017-12-12,233.0162353515625,9.920000076293945,0.001765082692946729,6.753469829918514,3.166530246375431
2017-12-13,232.99002075195312,10.180000305175781,-0.00011250117216010658,6.775860174928064,3.4041401302477174
2017-12-14,232.03799438476562,10.489999771118164,-0.004086125080013825,6.928250431477228,3.5617493396409357
2017-12-15,233.9702606201172,9.420000076293945,0.008327370008841983,6.901632596555121,2.5183674797388242
2017-12-18,235.4539337158203,9.529999732971191,0.006341289238088521,6.685947767294009,2.844051965677182
2017-12-19,234.5496368408203,10.029999732971191,-0.0038406530769260483,6.776345833475637,3.2536538994955544
2017-12-20,234.42678833007812,9.720000267028809,-0.0005237633807361197,6.8299522696467285,2.89004799738208
2017-12-21,234.90957641601562,9.619999885559082,0.0020594407720064822,6.613800447147378,3.006199438411704
2017-12-22,234.84815979003906,9.899999618530273,-0.0002614479448372897,6.587506095419824,3.312493523110449
2017-12-26,234.56716918945312,10.25,-0.0011964777617893274,6.655038445610373,3.594961554389627
2017-12-27,234.68133544921875,10.470000267028809,0.0004867103105696824,6.626695504833223,3.8433047621955856
2017-12-28,235.16416931152344,10.180000305175781,0.002057402057050961,5.84889130121654,4.3311090039592415
2017-12-29,234.27748107910156,11.039999961853027,-0.00377050736520701,6.066983516027567,4.97301644582546
2018-01-02,235.9542694091797,9.770000457763672,0.007157274879150632,5.8301736325839615,3.9398268251797104
2018-01-03,237.4467010498047,9.149999618530273,0.00632508851974567,6.0097247829333815,3.140274835596892
2018-01-04,238.4475555419922,9.220000267028809,0.004215070109470975,6.01575704708441,3.2042432199443986
2018-01-05,240.03665161132812,9.220000267028809,0.006664342042525417,5.953240314968989,3.26675995205982
2018-01-08,240.47547912597656,9.520000457763672,0.0018281687888188625,5.915074278340091,3.6049261794235807
2018-01-09,241.01980590820312,10.079999923706055,0.002263543809975843,5.904001304979114,4.175998618726941
2018-01-10,240.6510772705078,9.819999694824219,-0.001529868619327246,5.900283810667757,3.919715884156462
2018-01-11,242.40687561035156,9.880000114440918,0.007296033575906691,6.193203219186042,3.6867968952548757
2018-01-12,243.98712158203125,10.15999984741211,0.006518981640684984,6.3888010604417955,3.771198786970314
2018-01-16,243.1531524658203,11.65999984741211,-0.003418086621963523,6.6374020302384125,5.022597817173697
2018-01-17,245.470703125,11.90999984741211,0.009531238380737994,6.7284989182980866,5.181500929114023
2018-01-18,245.05812072753906,12.220000267028809,-0.0016807806072517417,6.563494325759392,5.656505941269416
2018-01-19,246.1731414794922,11.270000457763672,0.004550025718971451,6.4499662254838634,4.820034232279808
2018-01-22,248.17483520507812,11.029999732971191,0.008131243374300823,6.3865484733474105,4.643451259623781
2018-01-23,248.701416015625,11.100000381469727,0.0021218138821841315,6.283194998468816,4.8168053830009105
2018-01-24,248.6049041748047,11.470000267028809,-0.00038806309335304157,6.377323744157668,5.092676522871141
2018-01-25,248.7102508544922,11.579999923706055,0.0004237514140648102,6.341418255889549,5.238581667816506
2018-01-26,251.58973693847656,11.079999923706055,0.011577673514024278,6.864110101929108,4.215889821776947
2018-01-29,249.9217529296875,13.84000015258789,-0.006629777625614897,7.637353891050634,6.202646261537256
2018-01-30,247.3583221435547,14.789999961853027,-0.01025693344450096,8.915578475728719,5.874421486124309
2018-01-31,247.4811553955078,13.539999961853027,0.0004965802277792086,8.66084114410351,4.879158817749518
2018-02-01,247.20025634765625,13.470000267028809,-0.0011350320690181048,8.590572076508291,4.8794281905205175
2018-02-02,241.81871032714844,17.309999465942383,-0.021769985597989594,11.813134375946028,5.496865089996355
2018-02-05,231.70523071289062,37.31999969482422,-0.04182256865308576,18.851428466321842,18.468571228502377
2018-02-06,236.27035522460938,29.979999542236328,0.01970229371893395,20.048216370604948,9.93178317163138
2018-02-07,234.98861694335938,27.729999542236328,-0.005424879816308348,20.091473048474448,7.63852649376188
2018-02-08,226.17442321777344,33.459999084472656,-0.03750902422524782,23.676345512070988,9.783653572401668
2018-02-09,229.5719451904297,29.059999465942383,0.015021689562948248,24.478996537931355,4.581002928011028
2018-02-12,232.94308471679688,25.610000610351562,0.014684457735333556,24.966301903632363,0.6436987067191993
2018-02-13,233.52252197265625,24.969999313354492,0.0024874627918825,24.83627143969704,0.13372787365745253
2018-02-14,236.67416381835938,19.260000228881836,0.013496093734685521,25.39657507589811,-6.1365748470162735
2018-02-15,239.69407653808594,19.1299991607666,0.012759790384404779,25.59172636347703,-6.461727202710428
2018-02-16,239.76441955566406,19.459999084472656,0.0002934699872190194,25.594323032662018,-6.134323948189362
2018-02-20,238.26315307617188,20.600000381469727,-0.006261423118052112,25.577524028835324,-4.977523647365597
2018-02-21,237.0780029296875,20.020000457763672,-0.004974122650452273,25.362330470175394,-5.342330012411722
2018-02-22,237.38531494140625,18.719999313354492,0.001296248525469057,25.346816710356933,-6.626817397002441
2018-02-23,241.16900634765625,16.489999771118164,0.015939028946183598,26.104803626004404,-9.61480385488624
2018-02-26,243.9695587158203,15.800000190734863,0.011612405800299763,26.483660181958403,-10.68365999122354
2018-02-27,240.92320251464844,18.59000015258789,-0.012486624221509257,26.380392553516717,-7.790392400928827
2018-02-28,238.48269653320312,19.850000381469727,-0.010129808818629349,26.486646496056437,-6.636646114586711
2018-03-01,235.01490783691406,22.469999313354492,-0.014541049504638859,26.69376720086848,-4.223767887513986
2018-03-02,236.22645568847656,19.59000015258789,0.005155195739341201,26.803781054391933,-7.213780901804043
2018-03-05,238.95681762695312,18.729999542236328,0.011558239446631813,27.217428891173927,-8.4874293489376
2018-03-06,239.56248474121094,18.360000610351562,0.002534629981569836,26.217439351397413,-7.857438741045851
2018-03-07,239.47471618652344,17.760000228881836,-0.0003663701968290578,21.446604949671826,-3.6866047207899904
2018-03-08,240.63352966308594,16.540000915527344,0.004838980477838595,20.466715370855017,-3.926714455327673
2018-03-09,244.82107543945312,14.640000343322754,0.017402170770757674,21.088740143722866,-6.448739800400112
2018-03-12,244.51380920410156,15.779999732971191,-0.0012550644784156129,15.528990194112788,0.25100953885840305
2018-03-13,242.93362426757812,16.350000381469727,-0.006462559074544627,15.349082388214393,1.0009179932553334
2018-03-14,241.68701171875,17.229999542236328,-0.0051314944672090634,14.93581831431963,2.294181227916699
2018-03-15,241.42372131347656,16.59000015258789,-0.0010893858275670132,14.966388377600252,1.6236117749876389
2018-03-16,241.68544006347656,15.800000190734863,0.0010840639377776018,14.330333350002403,1.4696668407324598
2018-03-19,238.41537475585938,19.020000457763672,-0.013530253650192337,14.513223472034657,4.506776985729015
2018-03-20,238.82083129882812,18.200000762939453,0.0017006308564786465,14.527613429140557,3.6723873337988966
2018-03-21,238.36241149902344,17.860000610351562,-0.0019195134583175344,14.374444961551566,3.4855556487999966
2018-03-22,232.40399169921875,23.34000015258789,-0.024997312966978047,16.737129982985323,6.602870169602568
2018-03-23,227.45046997070312,24.8700008392334,-0.021314271292407705,18.138255907170926,6.7317449320624725
2018-03-26,233.67327880859375,21.030000686645508,0.02735896232130086,19.904497447418805,1.1255032392267026
2018-03-27,229.69813537597656,22.5,-0.01701154472126576,20.011208185246293,2.488791814753707
2018-03-28,229.0193634033203,22.8700008392334,-0.002955060873895299,19.69926668544543,3.1707341537879685
2018-03-29,231.9457244873047,19.969999313354492,0.012777788919231314,20.150551123500566,-0.18055181014607413
2018-04-02,226.93931579589844,23.6200008392334,-0.021584397395004618,20.87092939208222,2.7490714471511772
2018-04-03,229.8479766845703,21.100000381469727,0.012816910452342345,21.34587440768715,-0.24587402621742172
2018-04-04,232.30709838867188,20.059999465942383,0.010698905161459438,21.283058695582252,-1.223059229639869
2018-04-05,234.14047241210938,18.940000534057617,0.007892027562455661,21.483300451982704,-2.5432999179250864
2018-04-06,228.92245483398438,21.489999771118164,-0.022285842017696122,22.708489504583593,-1.2184897334654288
2018-04-09,230.05064392089844,21.770000457763672,0.004928258731683677,22.711920910562494,-0.9419204527988221
2018-04-10,233.7085418701172,20.469999313354492,0.015900403002029773,22.555343494668158,-2.0853441813136655
2018-04-11,232.4833984375,20.239999771118164,-0.005242185085806872,22.578504961354867,-2.3385051902367024
2018-04-12,234.3960418701172,18.489999771118164,0.008227010812263957,22.809771373149847,-4.3197716020316825
2018-04-13,233.7085418701172,17.40999984741211,-0.0029330700062800696,22.779622318715173,-5.369622471303064
2018-04-16,235.6300811767578,16.559999465942383,0.008221947265019125,23.02772936751554,-6.467729901573158
2018-04-17,238.1509246826172,15.25,0.010698309372343617,23.37845588817727,-8.128455888177271
2018-04-18,238.3272247314453,15.600000381469727,0.0007402870640249581,22.90157984521787,-7.301579463748144
2018-04-19,237.00511169433594,15.960000038146973,-0.005547469612836586,22.974546005927998,-7.014545967781025
2018-04-20,234.995361328125,16.8799991607666,-0.00847977645647957,23.145889392705467,-6.265890231938865
2018-04-23,234.96023559570312,16.34000015258789,-0.00014947415226984617,21.37527562252207,-5.035275469934181
2018-04-24,231.79588317871094,18.020000457763672,-0.013467608291119926,20.51690981384791,-2.496909356084238
2018-04-25,232.3688201904297,17.84000015258789,0.002471730748026424,18.161441316712633,-0.32144116412474233
2018-04-26,234.7310028076172,16.239999771118164,0.01016566084576942,17.417248551458016,-1.177248780339852
2018-04-27,234.95132446289062,15.40999984741211,0.0009386133601363422,17.35541960980373,-1.9454197623916194
2018-04-30,233.14447021484375,15.930000305175781,-0.00769033437958877,17.092573603418003,-1.162573298242222
2018-05-01,233.5587615966797,15.489999771118164,0.0017769727991152617,15.126336289556718,0.3636634815614457
2018-05-02,231.98983764648438,15.970000267028809,-0.006717469896952988,14.780440250018351,1.1895600170104572
2018-05-03,231.478515625,15.899999618530273,-0.0022040707759947153,14.325603168481946,1.5743964500483276
2018-05-04,234.47543334960938,14.770000457763672,0.012946850451833969,14.782057305059393,-0.012056847295720985
2018-05-07,235.26869201660156,14.75,0.0033831205924648167,12.357625114399669,2.392374885600331
2018-05-08,235.26869201660156,14.710000038146973,0.0,12.2946696857565,2.4153303523904732
2018-05-09,237.54278564453125,13.420000076293945,0.00966594241009,11.513727243526956,1.9062728327669891
2018-05-10,239.763916015625,13.229999542236328,0.009350443395142793,11.657582733867029,1.572416808369299
2018-05-11,240.49545288085938,12.649999618530273,0.003051071559853513,11.416366786258415,1.2336328322718586
2018-05-14,240.61007690429688,12.930000305175781,0.00047661617741390216,11.319692565124011,1.6103077400517698
2018-05-15,238.95306396484375,14.630000114440918,-0.006886714641266667,11.384033633467013,3.2459664809739053
2018-05-16,239.95787048339844,13.420000076293945,0.0042050371812873966,10.87573616985898,2.5442639064349653
2018-05-17,239.755126953125,13.430000305175781,-0.0008449130252115022,10.88302331964279,2.546976985532991
2018-05-18,239.15574645996094,13.420000076293945,-0.002499969451252859,10.726542385063969,2.693457691229977
2018-05-21,240.953857421875,13.079999923706055,0.007518577280831051,10.47679460022339,2.6032053234826655
2018-05-22,240.28399658203125,13.220000267028809,-0.0027800378338451726,10.559229851848777,2.660770415180032
2018-05-23,240.9449920654297,12.579999923706055,0.0027508926636850006,9.141673208991218,3.4383267147148366
2018-05-24,240.4514617919922,12.529999732971191,-0.002048310982547763,9.237211023349222,3.29278870962197
2018-05-25,239.8784637451172,13.220000267028809,-0.00238300920528689,8.79088902326234,4.429111243766469
2018-05-29,237.11973571777344,17.020000457763672,-0.01150052399149526,9.807684323675211,7.212316134088461
2018-05-30,240.28399658203125,14.9399995803833,0.013344569800060935,10.300784002922029,4.639215577461272
2018-05-31,238.8119354248047,15.430000305175781,-0.006126338741515025,10.628505444682702,4.801494860493079
2018-06-01,241.156494140625,13.460000038146973,0.009817594383001671,10.643262283165043,2.8167377549819292
2018-06-04,242.3024139404297,12.739999771118164,0.00475176836472202,10.580478360407469,2.1595214107106955
2018-06-05,242.4786834716797,12.399999618530273,0.000727477404716792,9.837196403013907,2.5628032155163663
2018-06-06,244.5059051513672,11.640000343322754,0.0083604119366818,10.097399496105341,1.5426008472174129
2018-06-07,244.47950744628906,12.130000114440918,-0.00010796346641106513,10.099967237513892,2.0300328769270255
2018-06-08,245.2021942138672,12.180000305175781,0.0029560218569113506,9.70543823151692,2.474562073658861
2018-06-11,245.52845764160156,12.350000381469727,0.0013305893480293207,9.279483658217789,3.070516723251938
2018-06-12,245.845703125,12.34000015258789,0.0012920925193180555,9.254006670818828,3.085993481769062
2018-06-13,245.06134033203125,12.9399995803833,-0.003190467773072858,9.369822766152371,3.57017681423093
2018-06-14,245.6782684326172,12.119999885559082,0.0025174435908579262,8.94298015316224,3.1770197323968414
2018-06-15,245.36492919921875,11.979999542236328,-0.0012754047616725384,8.92306427967378,3.0569352625625488
2018-06-18,244.8601837158203,12.3100004196167,-0.002057121549708607,8.965735601910483,3.3442648177062164
2018-06-19,243.92161560058594,13.350000381469727,-0.0038330777221161627,9.043220611133416,4.306779770336311
2018-06-20,244.33775329589844,12.789999961853027,0.0017060304159099982,8.730449936240408,4.059550025612619
2018-06-21,242.8061065673828,14.640000343322754,-0.006268563526737325,8.984527619364203,5.655472723958551
2018-06-22,243.24880981445312,13.770000457763672,0.001823278884246049,8.961125311718895,4.808875146044777
2018-06-25,239.93743896484375,17.329999923706055,-0.013613101959821461,10.18261394310365,7.1473859806024045
2018-06-26,240.46871948242188,15.920000076293945,0.0022142460129199737,10.176266816186564,5.743733260107382
2018-06-27,238.4766082763672,17.90999984741211,-0.008284284169443934,9.765546336461389,8.14445351095072
2018-06-28,239.840087890625,16.850000381469727,0.005717456416847844,8.78947613091924,8.060524250550486
2018-06-29,240.185302734375,16.09000015258789,0.0014393542246675661,8.519591775892708,7.570408376695182
2018-07-02,240.69891357421875,15.600000381469727,0.002138394123189835,7.8240878661704265,7.7759125152993
2018-07-03,239.848876953125,16.139999389648438,-0.0035315349308032706,7.704970545405045,8.435028844243392
2018-07-05,241.8056640625,14.970000267028809,0.00815841680908691,8.260832570516577,6.709167696512232
2018-07-06,243.85084533691406,13.369999885559082,0.008457954375648669,8.273508120391993,5.096491765167089
2018-07-09,246.04656982421875,12.6899995803833,0.009004375130506448,8.856113147645715,3.833886432737586
2018-07-10,246.93197631835938,12.640000343322754,0.003598532159067247,8.882973691099611,3.757026652223143
2018-07-11,245.12582397460938,13.630000114440918,-0.0073143720415593805,9.259517347434945,4.3704827670059725
2018-07-12,247.34803771972656,12.579999923706055,0.009065604386698123,9.779691816706777,2.800308106999278
2018-07-13,247.54290771484375,12.180000305175781,0.0007878372390324184,9.69711432146519,2.4828859837105917
2018-07-16,247.3214874267578,12.829999923706055,-0.0008944723568530266,9.679585511985488,3.1504144117205666
2018-07-17,248.322021484375,12.0600004196167,0.004045479703471022,9.743314156323148,2.316686263293551
2018-07-18,248.84432983398438,12.100000381469727,0.002103350908981838,9.707494273555266,2.3925061079144605
2018-07-19,247.9059295654297,12.869999885559082,-0.0037710333572026355,9.703796978682922,3.16620290687616
2018-07-20,247.62255859375,12.859999656677246,-0.0011430584664773313,9.720073502297028,3.139926154380218
2018-07-23,248.08291625976562,12.619999885559082,0.001859110367932626,9.392993087757848,3.2270067978012342
2018-07-24,249.331298828125,12.40999984741211,0.005032118241677708,9.491915973102431,2.918083874309678
2018-07-25,251.45619201660156,12.289999961853027,0.008522368424917826,8.142410708681902,4.147589253171125
2018-07-26,250.8631134033203,12.140000343322754,-0.00235857629324987,8.297404094445053,3.842596248877701
2018-07-27,249.16311645507812,13.029999732971191,-0.0067765919236960626,8.074703911740471,4.95529582123072
2018-07-30,247.86155700683594,14.260000228881836,-0.005223724388905837,8.342502711027096,5.9174975178547395
2018-07-31,249.08334350585938,12.829999923706055,0.004929310191454039,8.42225712097175,4.407742802734305
2018-08-01,248.66726684570312,13.149999618530273,-0.0016704314881114124,8.502924058953356,4.647075559576917
2018-08-02,250.02194213867188,12.1899995803833,0.005447742721237603,8.392913330815064,3.7970862495682365
2018-08-03,251.09324645996094,11.640000343322754,0.0042848412108360545,8.137785380149586,3.5022149631731683
2018-08-06,252.01405334472656,11.270000457763672,0.0036671909649010903,7.807078205795029,3.462922251968643
2018-08-07,252.84628295898438,10.930000305175781,0.0033023143083192874,7.361041313941782,3.568958991233999
2018-08-08,252.74002075195312,10.850000381469727,-0.00042026406632400537,7.3351579287937785,3.514842452675948
2018-08-09,252.39479064941406,11.270000457763672,-0.0013659494903573988,6.738744342329612,4.53125611543406
2018-08-10,250.70362854003906,13.15999984741211,-0.006700463607127616,6.692346631444057,6.467653215968053
2018-08-13,249.7651824951172,14.779999732971191,-0.0037432487530669745,6.862520750622496,7.917478982348696
2018-08-14,251.35888671875,13.3100004196167,0.006380810198250764,7.142067465136455,6.167932954480245
2018-08-15,249.48190307617188,14.640000343322754,-0.007467345464011066,7.579153837883455,7.060846505439299
2018-08-16,251.50047302246094,13.449999809265137,0.00809104757258794,8.035444691780288,5.4145551174848485
2018-08-17,252.38592529296875,12.640000343322754,0.0035206783504886374,7.941515691045254,4.6984846522775
2018-08-20,252.92593383789062,12.489999771118164,0.0021396143398053624,7.918303962266672,4.571695808851492
2018-08-21,253.51919555664062,12.859999656677246,0.0023455946559052254,7.926577398310966,4.93342225836628
2018-08-22,253.36866760253906,12.25,-0.0005937536752238515,7.8086828330940286,4.4413171669059714
2018-08-23,253.03228759765625,12.40999984741211,-0.0013276306343075195,7.306981856803257,5.103017990608852
2018-08-24,254.55506896972656,11.989999771118164,0.006018130676238798,7.495600108540615,4.494399662577549
2018-08-27,256.5648498535156,12.15999984741211,0.007895269545891814,7.372116247541902,4.787883599870208
2018-08-28,256.6888732910156,12.5,0.0004833999574407333,6.980180908506675,5.519819091493325
2018-08-29,258.0699462890625,12.25,0.005380338385299277,7.008351598165448,5.241648401834552
2018-08-30,257.0252380371094,13.529999732971191,-0.004048159295476306,7.198196070090443,6.331803662880748
2018-08-31,257.03411865234375,12.859999656677246,3.455153004505718e-05,7.075409361214982,5.784590295462264
2018-09-04,256.5914306640625,13.15999984741211,-0.0017222927080743355,7.065043642672307,6.094956204739803
2018-09-05,255.9008026123047,13.90999984741211,-0.0026915476092497226,7.110508310720795,6.799491536691314
2018-09-06,255.13055419921875,14.649999618530273,-0.003009949188212957,7.159794032292685,7.490205586237589
2018-09-07,254.63470458984375,14.880000114440918,-0.0019435132374925335,7.202121391718919,7.677878722721999
2018-09-10,255.07745361328125,14.15999984741211,0.0017387615099468956,7.188365132622583,6.971634714789526
2018-09-11,255.91854858398438,13.220000267028809,0.0032974100955951435,6.744816725980882,6.475183541047927
2018-09-12,255.98048400878906,13.140000343322754,0.0002420122540838232,6.530349212928028,6.609651130394726
2018-09-13,257.49444580078125,12.369999885559082,0.005914364127619143,6.485379753453123,5.884620132105959
2018-09-14,257.53887939453125,12.069999694824219,0.0001725613677290294,5.697390287640023,6.372609407184195
2018-09-17,256.17529296875,13.680000305175781,-0.005294681832067494,5.639043916071116,8.040956389104664
2018-09-18,257.56536865234375,12.789999961853027,0.005426267566573273,5.78800636427381,7.001993597579217
2018-09-19,257.83978271484375,11.75,0.0010654152145368467,5.772693640314184,5.977306359685816
2018-09-20,259.9292907714844,11.800000190734863,0.008103900936619723,6.274337527008399,5.5256626637264645
2018-09-21,259.6918029785156,11.680000305175781,-0.0009136630668435952,6.286809423831849,5.393190881343933
2018-09-24,258.8291320800781,12.199999809265137,-0.003321902688275702,6.42358415168751,5.776415657577627
2018-09-25,258.58892822265625,12.420000076293945,-0.0009280402692366518,6.198443105126366,6.221556971167579
2018-09-26,257.815185546875,12.890000343322754,-0.0029921724843340325,5.749617367057098,7.140382976265656
2018-09-27,258.5356750488281,12.40999984741211,0.002794596836585894,5.817401380383559,6.592598467028551
2018-09-28,258.5623474121094,12.119999885559082,0.00010316705141844018,5.521911381275468,6.598088504283614
2018-10-01,259.46063232421875,12.0,0.0034741520608090326,5.424478160677186,6.575521839322814
2018-10-02,259.3094177246094,12.050000190734863,-0.0005828036348127785,5.434709535869995,6.615290654864868
2018-10-03,259.45172119140625,11.609999656677246,0.0005487786291973329,5.378279518427035,6.231720138250211
2018-10-04,257.423828125,14.220000267028809,-0.007816070971100597,6.020126011933271,8.199874255095537
2018-10-05,255.98318481445312,14.819999694824219,-0.0055963867876571705,6.260604651096588,8.55939504372763
2018-10-08,255.98318481445312,15.6899995803833,0.0,6.21410732839868,9.475892251984622
2018-10-09,255.60948181152344,15.949999809265137,-0.0014598732459734087,6.21691105362169,9.733088755643447
2018-10-10,247.51614379882812,22.959999084472656,-0.031662902155809025,12.538145957648478,10.421853126824178
2018-10-11,242.06422424316406,24.979999542236328,-0.022026521066420557,14.373904358211517,10.606095184024811
2018-10-12,245.42608642578125,21.309999465942383,0.013888306680296836,15.211368053325266,6.098631412617117
2018-10-15,244.04745483398438,21.299999237060547,-0.0056172985189729685,15.227932161797586,6.072067075262961
2018-10-16,249.38381958007812,17.6200008392334,0.021866094648370193,17.36049845493409,0.25950238429931005
2018-10-17,249.42825317382812,17.399999618530273,0.00017817352314519752,17.20175828768599,0.19824133084428297
2018-10-18,245.8262939453125,20.059999465942383,-0.014440862984376523,17.7437832390771,2.316216226865283
2018-10-19,245.69287109375,19.889999389648438,-0.0005427525649155385,17.3591749267518,2.530824462896639
2018-10-22,244.58998107910156,19.639999389648438,-0.004488897092287281,17.35904058123064,2.2809588084177967
2018-10-23,243.3449249267578,20.709999084472656,-0.005090380835922725,17.376649064244006,3.33335002022865
2018-10-24,235.97198486328125,25.229999542236328,-0.030298310374443527,19.774871237724568,5.45512830451176
2018-10-25,240.20538330078125,24.219999313354492,0.017940258628382333,21.222373536190663,2.9976257771638295
2018-10-26,235.98081970214844,24.15999984741211,-0.01758729775569967,21.657596949814632,2.5024028975974772
2018-10-29,234.67337036132812,24.700000762939453,-0.005540489868924747,21.602896580792198,3.0971041821472554
2018-10-30,238.15087890625,23.350000381469727,0.014818505140006044,22.471607039673852,0.8783933417958742
2018-10-31,240.6945343017578,21.229999542236328,0.010680856636725355,23.018056206226422,-1.788056663990094
2018-11-01,243.25599670410156,19.34000015258789,0.010641963307452817,23.498975336989382,-4.158975184401491
2018-11-02,241.81520080566406,19.510000228881836,-0.005922961480740341,23.458796046551814,-3.9487958176699784
2018-11-05,243.14930725097656,19.959999084472656,0.005517049552168807,23.611425568418632,-3.6514264839459756
2018-11-06,244.68792724609375,19.90999984741211,0.006327881467204977,23.791520546758846,-3.881520699346737
2018-11-07,249.9263916015625,16.360000610351562,0.02140875691917654,25.14221413773536,-8.782213527383796
2018-11-08,249.47279357910156,16.719999313354492,-0.0018149264651652341,22.539443240217636,-5.819443926863144
2018-11-09,247.03585815429688,17.360000610351562,-0.009768341428509353,21.36728650270771,-4.007285892356148
2018-11-12,242.4199676513672,20.450000762939453,-0.018685103196826702,21.875605484658376,-1.4256047217189227
2018-11-13,241.9663848876953,20.020000457763672,-0.001871061893400583,21.803475718327277,-1.7834752605636055
2018-11-14,240.3121337890625,21.25,-0.006836697995883267,20.3419726565937,0.9080273434062995
2018-11-15,242.82015991210938,19.979999542236328,0.010436535531944235,20.766298619651824,-0.7862990774154959
2018-11-16,243.45162963867188,18.139999389648438,0.002600565483488193,20.22891939808066,-2.088920008432222
2018-11-19,239.3338165283203,20.100000381469727,-0.016914296759743097,21.024397687017668,-0.9243973055479415
2018-11-20,234.9046630859375,22.479999542236328,-0.018506174792306096,21.84828821765536,0.6317113245809693
2018-11-21,235.70509338378906,20.799999237060547,0.0034074687464111797,21.88686309869851,-1.086863861637962
2018-11-23,234.13084411621094,21.520000457763672,-0.006678893718324752,19.342568053315645,2.1774324044480267
2018-11-26,237.9108428955078,18.899999618530273,0.016144813356674392,19.13812761624388,-0.23812799771360815
2018-11-27,238.7111358642578,19.020000457763672,0.0033638356243455014,18.114455447518267,0.9055450102454046
2018-11-28,244.2076416015625,18.489999771118164,0.023025761732499372,19.53924067260986,-1.0492409014916966
2018-11-29,243.67401123046875,18.790000915527344,-0.002185150176276629,19.01113199173831,-0.22113107621096617
2018-11-30,245.1592559814453,18.06999969482422,0.006095211973885073,18.786831422891982,-0.7168317280677634
2018-12-03,248.40550231933594,16.440000534057617,0.013241377833747014,18.97655717782876,-2.536556643771142
2018-12-04,240.3566131591797,20.739999771118164,-0.03240221768440965,22.155890474480678,-1.415890703362514
2018-12-06,239.99195861816406,21.190000534057617,-0.0015171396210934551,22.06118559642678,-0.871185062369161
2018-12-07,234.4154510498047,23.229999542236328,-0.023236226748879485,23.248414779518573,-0.01841523728224459
2018-12-10,234.86021423339844,22.639999389648438,0.0018973287878505385,21.711299292875655,0.9287000967727828
2018-12-11,234.91354370117188,21.760000228881836,0.00022706897354884958,21.735274912755322,0.02472531612651352
2018-12-12,236.0963897705078,21.459999084472656,0.005035239989570783,21.739614275534592,-0.2796151910619358
2018-12-13,236.016357421875,20.649999618530273,-0.00033898167062451634,20.884453969940157,-0.2344543514098838
2018-12-14,231.65838623046875,21.6299991607666,-0.01846469981576937,21.7266171899669,-0.09661802920029672
2018-12-17,227.11367797851562,24.520000457763672,-0.019618146901151934,22.523075532808377,1.9969249249552945
2018-12-18,226.86463928222656,25.579999923706055,-0.0010965376392373383,22.03159843933141,3.5484014843746436
2018-12-19,223.46714782714844,25.579999923706055,-0.014975852851406901,22.294412019600927,3.285587904105128
2018-12-20,219.82955932617188,28.3799991607666,-0.016277956452866338,22.24892456142392,6.131074599342682
2018-12-21,215.32534790039062,30.110000610351562,-0.020489562184392685,22.42240448279592,7.6875961275556435
2018-12-24,209.63577270507812,36.06999969482422,-0.026423155707355428,23.527898522724982,12.542101172099237
2018-12-26,220.2276611328125,30.40999984741211,0.05052519563364477,30.47421207719842,-0.06421222978631036
2018-12-27,221.9184112548828,29.959999084472656,0.007677283195822948,29.949822643027517,0.010176441445139517
2018-12-28,221.63211059570312,28.34000015258789,-0.0012901167485867004,29.86575741788238,-1.5257572652944908
2018-12-31,223.57334899902344,25.420000076293945,0.00875883191340221,28.662165054623472,-3.2421649783295265
2019-01-02,223.8059539794922,23.219999313354492,0.0010403967266678915,28.710217706095126,-5.490218392740633
2019-01-03,218.4652862548828,25.450000762939453,-0.023862938539600975,29.267955357121387,-3.817954594181934
2019-01-04,225.78294372558594,21.3799991607666,0.03349574477551376,31.631466511459816,-10.251467350693215
2019-01-07,227.56321716308594,21.399999618530273,0.007884888947429669,30.17471255925248,-8.774712940722207
2019-01-08,229.70123291015625,20.469999313354492,0.009395260682828477,30.451859798103715,-9.981860484749223
2019-01-09,230.7747344970703,19.979999542236328,0.0046734689810479235,29.509428634411933,-9.529429092175604
2019-01-10,231.58880615234375,19.5,0.003527559709027628,29.532083444105112,-10.032083444105112
2019-01-11,231.67825317382812,18.190000534057617,0.00038623205918475456,29.53263178010931,-11.342631246051692
2019-01-14,230.2647705078125,19.06999969482422,-0.006101058889437905,29.521736031096797,-10.451736336272578
2019-01-15,232.90386962890625,18.600000381469727,0.0114611502023243,29.837710998601242,-11.237710617131516
2019-01-16,233.46742248535156,19.040000915527344,0.0024196800909459526,29.118725381532652,-10.078724466005308
2019-01-17,235.2387237548828,18.059999465942383,0.0075869311901208825,28.259357544819924,-10.199358078877541
2019-01-18,238.36972045898438,17.799999237060547,0.013309869455694123,28.51125910319827,-10.711259866137723
2019-01-22,235.14920043945312,20.799999237060547,-0.013510608702020033,28.40233823331264,-7.602338996252094
2019-01-23,235.64122009277344,19.520000457763672,0.0020923722147505597,27.56606539917209,-8.046064941408417
2019-01-24,235.76651000976562,18.889999389648438,0.0005316977943963241,26.192969437997792,-7.302970048349355
2019-01-25,237.76141357421875,17.420000076293945,0.008461352566021763,23.677975950057053,-6.257975873763108
2019-01-28,235.95436096191406,18.8700008392334,-0.007600277038816494,17.765275077377048,1.1047257618563506
2019-01-29,235.64122009277344,19.1299991607666,-0.0013271247365975736,17.762716858197308,1.3672823025692935
2019-01-30,239.3716583251953,17.65999984741211,0.015831008814812586,18.23520440446557,-0.5752045570534605
2019-01-31,241.4739227294922,16.56999969482422,0.008782428208108373,18.236025170662845,-1.6660254758386266
2019-02-01,241.5902099609375,16.139999389648438,0.0004815726275155807,18.247461211488226,-2.107461821839788
2019-02-04,243.2898406982422,15.729999542236328,0.007035180513231376,15.259023189190879,0.47097635304544916
2019-02-05,244.3097686767578,15.569999694824219,0.004192234149968721,11.26042717077098,4.309572524053239
2019-02-06,243.9876708984375,15.380000114440918,-0.0013183990966258996,11.289636152379947,4.090363962060971
2019-02-07,241.6617889404297,16.3700008392334,-0.009532784789670679,11.899762014050477,4.470238825182921
2019-02-08,241.9569549560547,15.720000267028809,0.001221401268769684,11.878438840454562,3.8415614265742466
2019-02-11,242.0911407470703,15.970000267028809,0.0005545853849913129,11.883815820591478,4.086184446437331
2019-02-12,245.20431518554688,15.430000305175781,0.01285951410229047,12.424968342941066,3.0050319622347157
2019-02-13,246.0004425048828,15.649999618530273,0.003246791634696544,12.00214394246428,3.647855676065994
2019-02-14,245.4547576904297,16.219999313354492,-0.0022182269629140716,11.745614602702744,4.474384710651748
2019-02-15,248.12960815429688,14.90999984741211,0.010897529504157122,12.097593900327055,2.812405947085054
2019-02-19,248.5589599609375,14.880000114440918,0.0017303529789707284,11.983240708212426,2.896759406228492
2019-02-20,249.05996704101562,14.020000457763672,0.002015646831467599,11.339101370610033,2.680899087153639
2019-02-21,248.17437744140625,14.460000038146973,-0.0035557284060169225,10.063148868118788,4.396851170028185
2019-02-22,249.71295166015625,13.510000228881836,0.006199569168308994,10.137881381647036,3.3721188472348
2019-02-25,250.05291748046875,14.850000381469727,0.0013614264620729344,10.118699182617794,4.7313011988519325
2019-02-26,249.8740692138672,15.170000076293945,-0.0007152416712575826,9.972884177930732,5.197115898363213
2019-02-27,249.76663208007812,14.699999809265137,-0.0004299651185377673,9.358449807778468,5.341550001486668
2019-02-28,249.30148315429688,14.779999732971191,-0.0018623341393021464,9.389464056579547,5.390535676391645
2019-03-01,250.8581085205078,13.569999694824219,0.006243947474823042,8.214409921895177,5.355589772929042
2019-03-04,249.94554138183594,14.630000114440918,-0.003637782107399068,8.09525212123159,6.5347479932093275
2019-03-05,249.6056671142578,14.739999771118164,-0.0013597932801645563,8.153820992409845,6.5861787787083195
2019-03-06,248.09376525878906,15.739999771118164,-0.0060571615738863605,8.307599508997038,7.432400262121126
2019-03-07,246.01829528808594,16.59000015258789,-0.008365667587567849,8.812645977107799,7.777354175480092
2019-03-08,245.52627563476562,16.049999237060547,-0.0019999311544864895,8.832010924673098,7.217988312387449
2019-03-11,249.0867919921875,14.329999923706055,0.014501569529439484,9.36393181836625,4.966068105339804
2019-03-12,250.026123046875,13.770000457763672,0.0037710994114732443,9.397389610946425,4.372610846817247
2019-03-13,251.6811065673828,13.40999984741211,0.006619242422910787,9.547637935211652,3.8623619122004573
2019-03-14,251.5200653076172,13.5,-0.0006398623319884278,8.696936060607246,4.803063939392754
2019-03-15,252.7626953125,12.880000114440918,0.004940480606837605,8.766038477024148,4.11396163741677
2019-03-18,253.6792755126953,13.100000381469727,0.003626247928168791,8.703501870819863,4.396498510649863
2019-03-19,253.7420654296875,13.5600004196167,0.00024751693596281044,8.022998665466742,5.537001754149957
2019-03-20,252.9783935546875,13.90999984741211,-0.003009638444090079,8.14156865860907,5.768431188803039
2019-03-21,255.83570861816406,13.630000114440918,0.011294700007093317,8.90719019294175,4.722809921499168
2019-03-22,250.91177368164062,16.479999542236328,-0.019246472523788416,11.316266121338066,5.163733420898263
2019-03-25,250.7230987548828,16.329999923706055,-0.0007519572477184822,11.133472956289314,5.196526967416741
2019-03-26,252.59190368652344,14.680000305175781,0.007453660795201156,11.409074198160841,3.2709261070149402
2019-03-27,251.2711639404297,15.149999618530273,-0.005228749325761561,11.575856265627605,3.5741433529026683
2019-03-28,252.22360229492188,14.430000305175781,0.0037904801313293213,11.634913703809186,2.795086601366595
2019-03-29,253.81393432617188,13.710000038146973,0.006305246681040044,11.769911457428034,1.940088580718939
2019-04-01,256.823974609375,13.399999618530273,0.011859239687506573,12.243517161966112,1.1564824565641612
2019-04-02,256.94976806640625,13.359999656677246,0.0004898041828944599,12.123117906795668,1.2368817498815776
2019-04-03,257.35418701171875,13.739999771118164,0.0015739222041561973,12.08318337977762,1.656816391340545
2019-04-04,258.0369873046875,13.579999923706055,0.002653154008866565,11.770888028372283,1.8091118953337713
2019-04-05,259.2859191894531,12.819999694824219,0.004840127370154601,11.194676476376381,1.6253232184478374
2019-04-08,259.4836120605469,13.180000305175781,0.0007624512419022178,11.094342015636249,2.0856582895395324
2019-04-09,258.15374755859375,14.279999732971191,-0.005125042353899434,10.523296907508183,3.756702825463009
2019-04-10,259.03436279296875,13.300000190734863,0.00341120453490662,10.51521543289695,2.7847847578379135
2019-04-11,258.9625244140625,13.020000457763672,-0.0002773314634076929,10.379868479064656,2.6401319786990154
2019-04-12,260.7146301269531,12.010000228881836,0.006765865898376688,10.514487779602598,1.4955124492792375
2019-04-15,260.5438232421875,12.319999694824219,-0.0006551488295170049,10.477962727051226,1.8420369677729926
2019-04-16,260.7146301269531,12.180000305175781,0.0006555783308930252,10.451280700069013,1.7287196051067681
2019-04-17,260.0766906738281,12.600000381469727,-0.00244688782065805,10.527654850836308,2.0723455306334184
2019-04-18,260.58880615234375,12.09000015258789,0.001969094105237934,10.417753709963803,1.672246442624088
2019-04-22,260.81341552734375,12.420000076293945,0.0008619302506367443,9.780783500830594,2.639216575463351
2019-04-23,263.1585693359375,12.279999732971191,0.008991691642287858,6.908745017077508,5.371254715893683
2019-04-24,262.5745544433594,13.140000343322754,-0.0022192509027991747,7.0078902003008094,6.1321101430219445
2019-04-25,262.4128112792969,13.25,-0.0006159894830837231,6.801736320808245,6.448263679191755
2019-04-26,263.63470458984375,12.729999542236328,0.004656378263660166,6.357195339393503,6.372804202842826
2019-04-29,264.048095703125,13.109999656677246,0.0015680451248798466,6.338017319232617,6.771982337444629
2019-04-30,264.1828918457031,13.119999885559082,0.0005104984461985485,6.180042730482817,6.939957155076265
2019-05-01,262.1971740722656,14.800000190734863,-0.007516451044821126,5.889980201602971,8.910019989131893
2019-05-02,261.631103515625,14.420000076293945,-0.0021589498767237147,5.989129417410537,8.430870658883407
2019-05-03,264.1918640136719,12.869999885559082,0.009787676096752573,6.740104136290255,6.129895749268827
2019-05-06,263.1046447753906,15.4399995803833,-0.004115263891037113,6.967553475123629,8.472446105259671
2019-05-07,258.71087646484375,19.31999969482422,-0.016699698761676318,9.112039147303696,10.207960547520523
2019-05-08,258.35150146484375,19.399999618530273,-0.0013890989235191276,9.117158374438919,10.282841244091355
2019-05-09,257.56976318359375,19.100000381469727,-0.0030258708651491606,9.002336017592363,10.097664363877364
2019-05-10,258.8636474609375,16.040000915527344,0.005023432336743294,9.098211204425082,6.9417897111022615
2019-05-13,252.3583526611328,20.549999237060547,-0.025130198324916697,12.591100361559965,7.958898875500582
2019-05-14,254.64053344726562,18.059999465942383,0.009043412916858395,12.795692381097808,5.2643070848445745
2019-05-15,256.13214111328125,16.440000534057617,0.005857699266580196,13.020548313035778,3.4194522210218388
2019-05-16,258.50421142578125,15.289999961853027,0.009261119288620945,13.473521095784793,1.816478866068234
2019-05-17,256.8329772949219,15.960000038146973,-0.006465017036440868,13.622606253871187,2.337393784275786
2019-05-20,255.13478088378906,16.309999465942383,-0.006612065276893064,13.745475520517234,2.564523945425149
2019-05-21,257.43505859375,14.949999809265137,0.00901593150880009,14.166243464276409,0.7837563449887277
2019-05-22,256.6443176269531,14.75,-0.0030716133657798794,13.749190475307044,1.000809524692956
2019-05-23,253.50843811035156,16.920000076293945,-0.012218776342282966,14.272913230978787,2.647086845315158
2019-05-24,254.08363342285156,15.850000381469727,0.002268939514548318,14.333674373277955,1.516326008191772
2019-05-28,251.72044372558594,17.5,-0.009300834002687441,14.394181047983977,3.1058189520160226
2019-05-29,250.03115844726562,17.899999618530273,-0.006710957812238294,14.409681397142823,3.490318221387451
2019-05-30,250.7140655517578,17.299999237060547,0.002731288007195465,14.489516263894602,2.8104829731659446
2019-05-31,247.33560180664062,18.709999084472656,-0.013475365802401384,14.893518939902517,3.8164801445701393
2019-06-03,246.7067413330078,18.860000610351562,-0.0025425392423871207,14.892250114892455,3.967750495459107
2019-06-04,252.0618896484375,16.969999313354492,0.02170653418911339,16.627877975170012,0.3421213381844801
2019-06-05,254.2452850341797,16.09000015258789,0.008662140035478938,17.025186506310604,-0.9351863537227132
2019-06-06,255.89852905273438,15.930000305175781,0.006502555271899801,16.310233995976624,-0.3802336908008428
2019-06-07,258.45928955078125,16.299999237060547,0.010006937154058981,16.702350807022377,-0.4023515699618301
2019-06-10,259.6453552246094,15.9399995803833,0.004588984500768278,16.732628540334037,-0.7926289599507363
2019-06-11,259.58245849609375,15.989999771118164,-0.0002422409153486349,16.64992295440317,-0.6599231832850059
2019-06-12,259.1241760253906,15.90999984741211,-0.001765460090632498,13.916827369373125,1.993172478038984
2019-06-13,260.1934509277344,15.819999694824219,0.004126496102158317,13.674104551038896,2.1458951437853226
2019-06-14,259.90594482421875,15.279999732971191,-0.0011049705612901084,13.578877202893002,1.7011225300781891
2019-06-17,260.0047302246094,15.350000381469727,0.00038008134233891155,13.219725042139965,2.1302753393297618
2019-06-18,262.727294921875,15.149999618530273,0.010471212177231237,13.426549221398037,1.7234503971322361
2019-06-19,263.3203125,14.329999923706055,0.002257160141283965,13.13169182480372,1.1983080989023343
2019-06-20,265.8361511230469,14.75,0.009554289979231578,13.171586619030487,1.5784133809695131
2019-06-21,265.44970703125,15.399999618530273,-0.0014536927734031257,13.111643353602757,2.2883562649275166
2019-06-24,265.12469482421875,15.260000228881836,-0.001224383370643456,12.166479019206273,3.093521209675563
2019-06-25,262.5244140625,16.280000686645508,-0.009807765223238674,12.85318356296871,3.4268171236767984
2019-06-26,262.2625427246094,16.209999084472656,-0.000997512322142624,12.275683410278315,3.934315674194341
2019-06-27,263.19256591796875,15.819999694824219,0.003546153345794334,11.86772488923342,3.9522748055907986
2019-06-28,264.5467834472656,15.079999923706055,0.00514534870912331,11.90376931677866,3.176230606927394
2019-07-01,266.9485778808594,14.0600004196167,0.009078902424351387,10.55689181758918,3.5031086020275186
2019-07-02,267.64373779296875,12.930000305175781,0.0026040967051701447,10.32377680059556,2.606223504580221
2019-07-03,269.7836608886719,12.569999694824219,0.007995416269961142,8.224157136069444,4.345842558754775
2019-07-05,269.47662353515625,13.279999732971191,-0.0011380872826183275,8.112005748745297,5.167993984225895
2019-07-08,267.9958801269531,13.960000038146973,-0.005494886305082214,8.476044205286778,5.483955832860195
2019-07-09,268.33001708984375,14.09000015258789,0.0012467988788944506,7.990754921261526,6.099245231326365
2019-07-10,269.6120300292969,13.029999732971191,0.004777747019722556,7.999323968923136,5.0306757640480555
2019-07-11,270.244140625,12.930000305175781,0.0023445192547024707,7.9659323816021335,4.964067923573648
2019-07-12,271.4538879394531,12.390000343322754,0.004476497849889682,7.89416266793031,4.495837675392444
2019-07-15,271.5442810058594,12.680000305175781,0.0003329960277689281,7.888572926442647,4.791427378733134
2019-07-16,270.66845703125,12.859999656677246,-0.0032253449469277218,8.028286355259322,4.831713301417924
2019-07-17,268.8264465332031,13.970000267028809,-0.006805412489694795,8.572334852774084,5.397665414254725
2019-07-18,269.8106689453125,13.529999732971191,0.003661181497586874,7.989545836477391,5.5404538964938
2019-07-19,268.3119812011719,14.449999809265137,-0.005554590372571222,8.320546645454192,6.129453163810945
2019-07-22,268.97100830078125,13.529999732971191,0.002456197060821008,7.733768335766481,5.796231397204711
2019-07-23,270.8941650390625,12.609999656677246,0.007150052157779863,8.01916753777486,4.5908321189023855
2019-07-24,272.1672668457031,12.069999694824219,0.004699628013239199,8.076407621667844,3.9935920731563748
2019-07-25,270.8670959472656,12.739999771118164,-0.004777102380847942,7.364267456796417,5.3757323143217475
2019-07-26,272.68194580078125,12.15999984741211,0.00670014882084069,7.516390437155747,4.643609410256363
2019-07-29,272.1853332519531,12.829999923706055,-0.0018212153627176209,7.594921516839892,5.235078406866163
2019-07-30,271.5171203613281,13.9399995803833,-0.002454992275452428,7.605745398580494,6.334254181802807
2019-07-31,268.5466613769531,16.1200008392334,-0.010940227196067687,8.15134548100274,7.968655358230658
2019-08-01,266.2080993652344,17.8700008392334,-0.008708214802328751,8.673137146048617,9.196863693184781
2019-08-02,264.2037048339844,17.610000610351562,-0.00752942730153372,8.480534206793498,9.129466403558064
2019-08-05,256.25830078125,24.59000015258789,-0.030073022850784614,13.173138914839289,11.416861237748602
2019-08-06,259.851806640625,20.170000076293945,0.014022983249399212,14.276600181521248,5.893399894772697
2019-08-07,260.00537109375,19.489999771118164,0.0005909693494545731,14.26291017447849,5.227089596639674
2019-08-08,265.1065979003906,16.90999984741211,0.019619697797709224,15.912191333113432,0.9978085142986775
2019-08-09,263.30084228515625,17.969999313354492,-0.0068114321919398035,16.003384620457197,1.966614692897295
2019-08-12,260.09564208984375,21.09000015258789,-0.012173148279720492,16.297192793607156,4.792807358980735
2019-08-13,264.1405334472656,17.520000457763672,0.015551553747389146,17.385987389497583,0.13401306826608916
2019-08-14,256.3304443359375,22.100000381469727,-0.029567931166790684,19.96504676172578,2.1349536197439463
2019-08-15,257.0077209472656,21.18000030517578,0.0026422012144624585,19.977327777258864,1.202672527916917
2019-08-16,260.7997741699219,18.469999313354492,0.014754627637954654,20.733131879904704,-2.2631325665502118
2019-08-19,263.9418640136719,16.8799991607666,0.01204790093760888,21.194616954519088,-4.314617793752486
2019-08-20,261.91943359375,17.5,-0.007662408642446827,21.294595580145412,-3.794595580145412
2019-08-21,264.05029296875,15.800000190734863,0.008135552775763388,21.345833366584294,-5.545833175849431
2019-08-22,263.968994140625,16.68000030517578,-0.00030789145208265367,21.243724265784834,-4.563723960609053
2019-08-23,257.188232421875,19.8700008392334,-0.025687720411351256,22.84123685367652,-2.9712360144431216
2019-08-26,260.03240966796875,19.31999969482422,0.011058737871911362,23.107552442372935,-3.787552747548716
2019-08-27,259.0121154785156,20.309999465942383,-0.003923719319279928,23.11517076631867,-2.805171300376287
2019-08-28,260.8359680175781,19.350000381469727,0.0070415723051910906,23.33798665749177,-3.987986276022042
2019-08-29,264.1675109863281,17.8799991607666,0.012772559682127538,23.612551487131014,-5.732552326364413
2019-08-30,264.05029296875,18.979999542236328,-0.000443726093115937,23.43120881208219,-4.451209269845862
2019-09-03,262.5062561035156,19.65999984741211,-0.005847510517313137,23.372839819651205,-3.7128399722390952
2019-09-04,265.4858703613281,17.329999923706055,0.011350640941058199,20.985531200551243,-3.6555312768451884
2019-09-05,268.8988037109375,16.270000457763672,0.012855423699063007,20.903370019923514,-4.633369562159842
2019-09-06,269.1064453125,15.0,0.0007721923589727453,20.90223739642271,-5.902237396422709
2019-09-09,269.24188232421875,15.270000457763672,0.0005032841616314787,19.863037357918532,-4.5930369001548605
2019-09-10,269.1786804199219,15.199999809265137,-0.00023474024082470457,19.67473994304986,-4.474740133784724
2019-09-11,271.0927734375,14.609999656677246,0.007110864109267867,19.15969700221902,-4.549697345541773
2019-09-12,272.0317687988281,14.220000267028809,0.0034637417641993906,18.533259267446773,-4.313259000417965
2019-09-13,271.8511962890625,13.739999771118164,-0.0006637919922476421,14.753738440544131,-1.0137386694259671
2019-09-16,271.01153564453125,14.670000076293945,-0.003088677394078587,14.896520962350623,-0.22652088605667764
2019-09-17,271.69775390625,14.4399995803833,0.002532062925243217,14.223536007196405,0.21646357318689624
2019-09-18,271.8601989746094,13.949999809265137,0.0005978888894879741,13.748433914278912,0.20156589498622424
2019-09-19,271.8421325683594,14.050000190734863,-6.645476725952726e-05,13.360801103054762,0.6891990876801017
2019-09-20,270.55780029296875,15.319999694824219,-0.004724551942174249,13.335856475915497,1.9841432189087218
2019-09-23,270.4942321777344,14.90999984741211,-0.00023495207000334695,13.334845475350695,1.575154372061414
2019-09-24,268.3717956542969,17.049999237060547,-0.007846513052606974,9.754001983490584,7.295997253569963
2019-09-25,269.9590759277344,15.960000038146973,0.00591448244241799,9.307717544712899,6.652282493434074
2019-09-26,269.3966979980469,16.06999969482422,-0.002083196972559098,9.186103410661222,6.883896284162997
2019-09-27,267.9454650878906,17.219999313354492,-0.005386973637541703,9.31582807936033,7.9041712339941625
2019-09-30,269.1880798339844,16.239999771118164,0.004637565878139238,8.438150755303662,7.801849015814502
2019-10-01,265.98614501953125,18.559999465942383,-0.011894786784124478,9.531263091615232,9.028736374327151
2019-10-02,261.2876281738281,20.559999465942383,-0.017664517245280287,11.229526329142505,9.330473136799878
2019-10-03,263.4283142089844,19.1200008392334,0.008192833507341124,10.867801222294418,8.25219961693898
2019-10-04,266.9930725097656,17.040000915527344,0.013532175960224269,10.973413410434677,6.0665875050926665
2019-10-07,265.84112548828125,17.860000610351562,-0.004314520263226096,11.051067752314658,6.808932858036904
2019-10-08,261.7139587402344,20.280000686645508,-0.015524937085886648,12.19293930532561,8.087061381319899
2019-10-09,264.19921875,18.639999389648438,0.009496092687331092,12.755189371635472,5.884810018012965
2019-10-10,265.98614501953125,17.56999969482422,0.006763556220891642,12.728389161467806,4.841610533356413
2019-10-11,268.74371337890625,15.579999923706055,0.010367338340771415,13.239268474244986,2.340731449461069
2019-10-14,268.4443359375,14.569999694824219,-0.0011139886311839486,13.24069286350919,1.3293068313150282
2019-10-15,271.1019592285156,13.539999961853027,0.00990009076456877,13.68603377700907,-0.1460338151560432
2019-10-16,270.6666259765625,13.680000305175781,-0.0016057916113626503,13.666580462495318,0.013419842680463034
2019-10-17,271.4648742675781,13.789999961853027,0.002949193636768266,13.706912132025822,0.08308782982720508
2019-10-18,270.2765808105469,14.25,-0.004377337805626991,13.789309649191884,0.4606903508081164
2019-10-21,272.1087951660156,14.0,0.0067790348315566185,13.893226463140135,0.10677353685986546
2019-10-22,271.2199401855469,14.460000038146973,-0.00326654263389925,13.94776016365237,0.5122398744946022
2019-10-23,272.0091247558594,14.010000228881836,0.002909758662186235,13.664163495275213,0.3458367336066228
2019-10-24,272.4535217285156,13.710000038146973,0.001633757591974705,13.537283227832269,0.17271681031470365
2019-10-25,273.5692138671875,12.649999618530273,0.004094981527835051,13.55946124823883,-0.9094616297085558
2019-10-28,275.1112060546875,13.109999656677246,0.005636570598359203,13.46647271623068,-0.35647305955343356
2019-10-29,275.02960205078125,13.199999809265137,-0.00029662188275247914,13.42041048100521,-0.22041067174007267
2019-10-30,275.8731689453125,12.329999923706055,0.003067185816512552,12.575260335040706,-0.2452604113346517
2019-10-31,275.13836669921875,13.220000267028809,-0.0026635509676529168,10.56766518551496,2.652335081513849
2019-11-01,277.6872863769531,12.300000190734863,0.009264137562177366,10.646808778257338,1.6531914124775255
2019-11-04,278.8029479980469,12.829999923706055,0.004017690675183649,9.891900847150454,2.9380990765556003
2019-11-05,278.4945068359375,13.100000381469727,-0.0011063052393245343,9.690905576714002,3.409094804755725
2019-11-06,278.55804443359375,12.619999885559082,0.00022814668187942644,7.293273421326091,5.3267264642329915
2019-11-07,279.53765869140625,12.729999542236328,0.003516732966030167,6.904398243461136,5.825601298775192
2019-11-08,280.22711181640625,12.069999694824219,0.002466405164254226,6.744340041365119,5.3256596534591
2019-11-11,279.6919250488281,12.6899995803833,-0.00190983222183283,6.262479508106762,6.427520072276539
2019-11-12,280.28155517578125,12.680000305175781,0.0021081414018304656,6.165108708716554,6.514891596459227
2019-11-13,280.37213134765625,13.0,0.00032316137185040006,5.486654108521269,7.513345891478731
2019-11-14,280.7803955078125,13.050000190734863,0.0014561510025759006,5.361772700405815,7.688227490329048
2019-11-15,282.8121643066406,12.050000190734863,0.007236149073561737,5.678495352351578,6.371504838383285
2019-11-18,283.020751953125,12.460000038146973,0.0007375483547384931,5.2171664862397265,7.242833551907246
2019-11-19,282.93914794921875,12.859999656677246,-0.00028833222773627654,5.006013108634087,7.853986548043159
2019-11-20,281.886962890625,12.779999732971191,-0.0037187680327028794,5.066508136392012,7.713491596579179
2019-11-21,281.43341064453125,13.130000114440918,-0.0016089862455601622,5.1870604461020715,7.9429396683388465
2019-11-22,282.059326171875,12.34000015258789,0.002224027083032931,5.191167267535807,7.148832885052084
2019-11-25,284.2452697753906,11.869999885559082,0.007749942656331887,5.54953262181243,6.320467263746652
2019-11-26,284.8893127441406,11.539999961853027,0.002265800128385287,5.378449638016937,6.1615503238360905
2019-11-27,286.1591796875,11.75,0.004457404635953566,5.411454327040737,6.338545672959263
2019-11-29,285.0980224609375,12.619999885559082,-0.0037082760291713424,5.726562579842598,6.893437305716484
2019-12-02,282.6760559082031,14.90999984741211,-0.008495206426997304,6.565169387783813,8.344830459628296
2019-12-03,280.7803955078125,15.960000038146973,-0.006706123001115505,6.45286678577755,9.507133252369423
2019-12-04,282.5129089355469,14.800000190734863,0.0061703504071251025,6.63961961330782,8.160380577427043
2019-12-05,283.020751953125,14.520000457763672,0.0017975922569046787,6.619668196796445,7.900332260967227
2019-12-06,285.6058349609375,13.619999885559082,0.009133899157474756,7.218541014501515,6.401458871057567
2019-12-09,284.7078857421875,15.859999656677246,-0.0031440156636604044,7.3173197747744165,8.54267988190283
2019-12-10,284.390380859375,15.680000305175781,-0.0011151952534957932,7.324859179700509,8.355141125475273
2019-12-11,285.19775390625,14.989999771118164,0.0028389604614447173,7.2952988211061776,7.6947009500119865
2019-12-12,287.65582275390625,13.9399995803833,0.008618822602874499,7.760582121030909,6.179417459352392
2019-12-13,287.8282470703125,12.630000114440918,0.0005994118761634137,7.757019645136985,4.872980469303933
2019-12-16,289.8055725097656,12.140000343322754,0.006869810241279417,7.997074608307483,4.142925735015271
2019-12-17,289.8690490722656,12.289999961853027,0.00021903154570246386,7.730046192545191,4.559953769307836
2019-12-18,289.8872375488281,12.579999923706055,6.274721851373677e-05,7.738504303602594,4.841495620103461
2019-12-19,291.07537841796875,12.5,0.0040986311753048454,7.784598094557838,4.715401905442162
2019-12-20,292.3515930175781,12.510000228881836,0.004384481458190592,7.622578119637652,4.887422109244184
2019-12-23,292.7982482910156,12.609999656677246,0.0015278017431930024,7.525333125925529,5.084666530751717
2019-12-24,292.8072814941406,12.670000076293945,3.0851288140398836e-05,7.551651415150226,5.1183486611437194
2019-12-26,294.3660583496094,12.649999618530273,0.0053235590573930125,7.354703482803837,5.295296135726437
2019-12-27,294.2931823730469,13.430000305175781,-0.00024756922374502555,7.380865863343579,6.049134441832202
2019-12-30,292.6706237792969,14.819999694824219,-0.005513408705789313,7.689079098872077,7.130920595952142
2019-12-31,293.3815002441406,13.779999732971191,0.002428930022644993,7.498764469193381,6.281235263777811
2020-01-02,296.1253662109375,12.470000267028809,0.00935255278370839,7.0754639145868365,5.394536352441972
2020-01-03,293.88287353515625,14.020000457763672,-0.007572781435359555,7.2182354925060785,6.801764965257593
2020-01-06,295.00408935546875,13.850000381469727,0.0038151791794645007,7.099482021335833,6.750518360133894
2020-01-07,294.1745910644531,13.789999961853027,-0.0028118196355444436,7.29868760987508,6.491312351977947
2020-01-08,295.742431640625,13.449999809265137,0.005329626092106521,6.930145157746084,6.5198546515190525
2020-01-09,297.7478332519531,12.539999961853027,0.006780905939682613,6.914051702674212,5.6259482591788155
2020-01-10,296.89093017578125,12.5600004196167,-0.0028779489906372024,7.044479652328642,5.5155207672880575
2020-01-13,298.93280029296875,12.319999694824219,0.006877509245494906,7.237039848280771,5.082959846543448
2020-01-14,298.4770202636719,12.390000343322754,-0.0015246905955124124,6.960425565671631,5.429574777651123
2020-01-15,299.1515197753906,12.420000076293945,0.0022598038238350604,6.949021419005865,5.4709786572880805
2020-01-16,301.6400146484375,12.319999694824219,0.008318509880596014,7.097462911653071,5.222536783171147
2020-01-17,302.57891845703125,12.100000381469727,0.003112663317192954,7.080990869494137,5.0190095119755895
2020-01-21,301.9862365722656,12.850000381469727,-0.0019587679399079017,7.186495982114336,5.66350439935539
2020-01-22,302.0227966308594,12.90999984741211,0.00012106531413058619,7.169334580227227,5.740665267184882
2020-01-23,302.36920166015625,12.979999542236328,0.001146949942723241,7.10799407557473,5.872005466661598
2020-01-24,299.6801452636719,14.5600004196167,-0.008893288012536082,7.9865484500528465,6.573451969563853
2020-01-27,294.8765869140625,18.229999542236328,-0.016028950951632037,9.956837593790059,8.273161948446269
2020-01-28,297.9666442871094,16.280000686645508,0.010479154704633897,10.429980197121866,5.850020489523642
2020-01-29,297.72052001953125,16.389999389648438,-0.000826012818203159,10.437822693829366,5.952176695819071
2020-01-30,298.6866760253906,15.489999771118164,0.003245177745208716,10.233369675535634,5.25663009558253
2020-01-31,293.2631530761719,18.84000015258789,-0.0181579005176572,12.170084539048977,6.6699156135389135
2020-02-03,295.4416198730469,17.969999313354492,0.007428368596682056,12.001023775750408,5.968975537604084
2020-02-04,299.94451904296875,16.049999237060547,0.015241248581891798,12.78361544182437,3.2663837952361767
2020-02-05,303.4083251953125,15.149999618530273,0.011548156183669223,13.269345840593061,1.8806537779372121
2020-02-06,304.4292297363281,14.960000038146973,0.0033647875033040453,13.196273185393656,1.763726852753317
2020-02-07,302.8067626953125,15.470000267028809,-0.00532953764794819,13.339224323341126,2.1307759436876825
2020-02-10,305.06732177734375,15.039999961853027,0.0074653520347756075,13.377626362276368,1.662373599576659
2020-02-11,305.5959167480469,15.180000305175781,0.0017327158071978044,13.296021121202262,1.8839791839735192
2020-02-12,307.5648498535156,13.739999771118164,0.006442930018243809,13.274341277379964,0.4656584937382
2020-02-13,307.2366943359375,14.149999618530273,-0.0010669474022614311,13.26261961095912,0.8873800075711529
2020-02-14,307.7288513183594,13.680000305175781,0.0016018821693339902,13.25927630236735,0.4207240028084307
2020-02-18,306.9359130859375,14.829999923706055,-0.0025767432238634758,13.07684143349945,1.753158490206605
2020-02-19,308.40338134765625,14.380000114440918,0.004781024960438085,13.125708651459508,1.25429146298141
2020-02-20,307.1364440917969,15.5600004196167,-0.004108052416037511,13.206404553173426,2.353595866443273
2020-02-21,303.9735107421875,17.079999923706055,-0.010298137555646236,13.759374279879,3.3206256438270554
2020-02-24,293.89202880859375,25.030000686645508,-0.033165659431897865,17.990190871803588,7.03980981484192
2020-02-25,284.9864807128906,27.850000381469727,-0.030302108334837263,20.485594246303712,7.364406135166014
2020-02-26,283.9382629394531,27.559999465942383,-0.0036781315759799593,19.881363177404914,7.678636288537469
2020-02-27,271.1861572265625,39.15999984741211,-0.044911543730933756,24.35413588773864,14.80586395967347
2020-02-28,270.0467224121094,40.11000061035156,-0.004201670269995295,24.320459102265954,15.789541508085609
2020-03-02,281.7415771484375,33.41999816894531,0.04330678273695532,29.36804475857714,4.051953410368174
2020-03-03,273.674560546875,36.81999969482422,-0.028632680640217845,30.276728814422494,6.5432708804017246
2020-03-04,285.17791748046875,31.989999771118164,0.042032978551630684,33.945487099992384,-1.95548732887422
2020-03-05,275.69818115234375,39.619998931884766,-0.03324148100904145,35.07507400200241,4.544924929882356
2020-03-06,271.1404724121094,41.939998626708984,-0.01653151544629128,34.87781884885444,7.062179777854546
2020-03-09,249.96604919433594,54.459999084472656,-0.07809392315873154,42.880673980494585,11.579325103978071
2020-03-10,262.900390625,47.29999923706055,0.051744392777949955,47.77322119291039,-0.4732219558498443
2020-03-11,250.08445739746094,53.900001525878906,-0.04874824718621151,49.66773291576481,4.232268610114097
2020-03-12,226.15707397460938,75.47000122070312,-0.09567721109842342,57.821596601788436,17.64840461891469
2020-03-13,245.49044799804688,57.83000183105469,0.08548648814588056,67.0228024197653,-9.192800588710611
2020-03-16,218.62791442871094,82.69000244140625,-0.10942394617956641,75.24570113031886,7.444301311087386
2020-03-17,230.4320831298828,75.91000366210938,0.05399204731937801,78.80506683566429,-2.8950631735549166
2020-03-18,218.7646484375,76.44999694824219,-0.050632856909107016,79.7956078702487,-3.3456109220065144
2020-03-19,219.22947692871094,72.0,0.00212478796062765,79.71884689198218,-7.7188468919821815
2020-03-20,209.78199768066406,66.04000091552734,-0.04309401901788512,80.19619817112316,-14.156197255595814
2020-03-23,204.4182586669922,61.59000015258789,-0.025568156815041432,80.21563508391948,-18.62563493133159
2020-03-24,222.939208984375,61.66999816894531,0.09060320950857137,88.22565212844947,-26.555653959504156
2020-03-25,226.27664184570312,63.95000076293945,0.014970147586564897,88.40965272030236,-24.459651957362908
2020-03-26,239.4888458251953,61.0,0.05838960606681409,91.48020670283857,-30.480206702838572
2020-03-27,232.35556030273438,65.54000091552734,-0.029785460353621507,90.82728979517543,-25.287288879648088
2020-03-30,239.9014434814453,57.08000183105469,0.03247558685008212,91.79017029393171,-34.71016846287702
2020-03-31,236.32568359375,53.540000915527344,-0.014905120351941026,90.21028963587567,-36.670288720348324
2020-04-01,225.68984985351562,57.060001373291016,-0.04500498455562563,90.88562196307468,-33.82562058978367
2020-04-02,230.897705078125,50.90999984741211,0.023075274444063654,89.8129834047872,-38.902983557375094
2020-04-03,227.56028747558594,46.79999923706055,-0.01445409603101011,89.39487523182179,-42.59487599476124
2020-04-06,242.8446502685547,45.2400016784668,0.06716621323748573,92.96856745308918,-47.72856577462238
2020-04-07,243.09225463867188,46.70000076293945,0.0010195998546533858,88.93168588817365,-42.23168512523419
2020-04-08,251.2523956298828,43.349998474121094,0.0335680830446039,87.81968580786027,-44.469687333739174
2020-04-09,255.07579040527344,41.66999816894531,0.015217346548300537,86.18915687766176,-44.519158708716446
2020-04-13,252.74700927734375,41.16999816894531,-0.009129761488652632,78.67182998711677,-37.50183181817145
2020-04-14,260.2012023925781,37.7599983215332,0.02949270551824723,73.8287492332595,-36.0687509117263
2020-04-15,254.67245483398438,40.84000015258789,-0.021247970830865937,62.18919418940302,-21.349194036815128
2020-04-16,255.90106201171875,40.11000061035156,0.004824264086727759,59.8990698290797,-19.789069218728137
2020-04-17,262.8142395019531,38.150001525878906,0.027015040249882993,56.65400973640118,-18.504008210522272
2020-04-20,258.1840515136719,43.83000183105469,-0.01761772115946114,57.38022628330653,-13.55022445225184
2020-04-21,250.34466552734375,45.40999984741211,-0.030363556309414452,56.09499280755153,-10.684992960139418
2020-04-22,255.90106201171875,41.97999954223633,0.022194986550524654,54.80792786788968,-12.827928325653353
2020-04-23,255.88267517089844,41.380001068115234,-7.185136581988605e-05,46.676319309484704,-5.29631824136947
2020-04-24,259.44940185546875,35.93000030517578,0.013938914317619178,46.65547196701976,-10.725471661843976
2020-04-27,263.1902160644531,33.290000915527344,0.014418280336095268,42.87982077353257,-9.589819858005228
2020-04-28,261.97991943359375,33.56999969482422,-0.0045985623970268286,41.17010153688791,-7.600101842063694
2020-04-29,268.838134765625,31.229999542236328,0.026178400798270607,40.716071311799155,-9.486071769562827
2020-04-30,266.33514404296875,34.150001525878906,-0.009310400568127597,40.40341402925031,-6.2534125033714005
2020-05-01,259.28436279296875,37.189998626708984,-0.026473341606252587,37.886482338654126,-0.6964837119451417
2020-05-04,259.9994812011719,35.970001220703125,0.002758046804288483,37.444487951049524,-1.474486730346399
2020-05-05,262.40167236328125,33.61000061035156,0.009239215213090013,36.711692292942885,-3.1016916825913228
2020-05-06,260.6229248046875,34.119998931884766,-0.006778720358653678,29.729225005080274,4.390773926804492
2020-05-07,263.7678527832031,31.440000534057617,0.012066966023316805,29.857400830817298,1.5825997032403194
2020-05-08,268.1322326660156,27.979999542236328,0.016546291887964415,28.278454900945434,-0.29845535870910567
2020-05-11,268.187255859375,27.56999969482422,0.0002052091716548965,27.954432571473113,-0.38443287664889425
2020-05-12,262.8418273925781,33.040000915527344,-0.019931702010478003,28.761281558804587,4.278719356722757
2020-05-13,258.1932373046875,35.279998779296875,-0.01768588406953786,27.707815254357236,7.572183524939639
2020-05-14,261.2831726074219,32.61000061035156,0.011967529959307166,26.909744406488933,5.700256203862629
2020-05-15,262.4842224121094,31.889999389648438,0.0045967361491436876,26.906166956161204,4.983832433487233
2020-05-18,270.4794006347656,29.299999237060547,0.03045965258095995,27.343122048575097,1.95687718848545
2020-05-19,267.7012634277344,30.530000686645508,-0.01027116002368933,26.808742190205674,3.721258496439834
2020-05-20,272.2490234375,27.989999771118164,0.01698819031159826,24.56104375820821,3.4289560129099534
2020-05-21,270.3693542480469,29.530000686645508,-0.0069042274815895865,23.922450053040986,5.6075506336045216
2020-05-22,270.8827819824219,28.15999984741211,0.001898986428410021,23.903096007605463,4.256903839806647
2020-05-26,274.2202453613281,28.010000228881836,0.012320692199339733,23.81469606983049,4.1953041590513465
2020-05-27,278.3004150390625,27.6200008392334,0.014879170107801931,23.84367365381232,3.776327185421078
2020-05-28,277.78692626953125,28.59000015258789,-0.0018450880479613518,23.755385231424416,4.834614921163475
2020-05-29,279.0247802734375,27.510000228881836,0.004456127653412967,22.21522249314757,5.2947777357342645
2020-06-01,280.15252685546875,28.229999542236328,0.004041743464240355,21.847301652134373,6.382697890101955
2020-06-02,282.47222900390625,26.84000015258789,0.008280140016849513,19.195879618997395,7.644120533590495
2020-06-03,286.23138427734375,25.65999984741211,0.01330805257102119,19.44530791699987,6.21469193041224
2020-06-04,285.4795227050781,25.809999465942383,-0.0026267614718905596,19.52742009556315,6.282579370379231
2020-06-05,292.7962646484375,24.520000457763672,0.025629655934790607,20.45875704015419,4.061243417609482
2020-06-08,296.3354187011719,25.809999465942383,0.012087428973808434,20.459568573936632,5.35043089200575
2020-06-09,294.1257629394531,27.56999969482422,-0.007456603639900972,20.536555666180316,7.033444028643903
2020-06-10,292.4845275878906,27.56999969482422,-0.005580046219549772,20.78510619941863,6.784893495405587
2020-06-11,275.6231384277344,40.790000915527344,-0.05764882436418606,28.849299889826685,11.940701025700658
2020-06-12,278.9238586425781,36.09000015258789,0.011975483022479194,28.063251641597297,8.026748510990593
2020-06-15,281.5277099609375,34.400001525878906,0.009335348116261466,27.981847731645527,6.41815379423338
2020-06-16,286.946533203125,33.66999816894531,0.01924792143174603,28.495859412546725,5.1741387563985874
2020-06-17,285.7546081542969,33.470001220703125,-0.004153822788945716,26.991672112198245,6.47832910850488
2020-06-18,285.8646545410156,32.939998626708984,0.0003851080037853283,26.59291580410961,6.347082822599376
2020-06-19,284.2309265136719,35.119998931884766,-0.0057150403220253,26.27806852624387,8.841930405640895
2020-06-22,286.0543518066406,31.770000457763672,0.006415295180347114,26.10197330502637,5.668027152737302
2020-06-23,287.3712463378906,31.3700008392334,0.004603651449218926,26.106754104118362,5.263246735115036
2020-06-24,280.0408020019531,33.84000015258789,-0.02550862144126409,27.63971874213178,6.20028141045611
2020-06-25,283.0429382324219,32.220001220703125,0.010720352923599297,27.416037125169083,4.803964095534042
2020-06-26,276.3202819824219,34.72999954223633,-0.02375136540053746,28.71681803441121,6.0131815078251165
2020-06-29,280.3816223144531,31.780000686645508,0.014697945090724973,29.1373343279377,2.6426663587078068
2020-06-30,283.9730224609375,30.43000030517578,0.01280897127578684,29.432392095945964,0.9976082092298171
2020-07-01,285.9623107910156,28.6200008392334,0.007005201806984163,29.394921299196863,-0.7749204599634645
2020-07-02,287.53704833984375,27.68000030517578,0.005506801034276698,29.097752803407523,-1.4177524982317422
2020-07-06,291.97589111328125,27.940000534057617,0.015437463794895745,29.53219004882778,-1.592189514770162
2020-07-07,288.9644470214844,29.43000030517578,-0.010314016271393056,28.394862110239128,1.0351381949366534
2020-07-08,291.17462158203125,28.079999923706055,0.007648603775752827,28.188372872352534,-0.10837294864647973
2020-07-09,289.5169372558594,29.260000228881836,-0.005693093433642105,28.14155790931887,1.1184423195629662
2020-07-10,292.47314453125,27.290000915527344,0.010210826708138665,28.320451366550834,-1.0304504510234906
2020-07-13,289.9405822753906,32.189998626708984,-0.008659127524061505,19.402558157209924,12.78744046949906
2020-07-14,293.6978759765625,29.520000457763672,0.012958840296468432,19.46604423377974,10.053956223983931
2020-07-15,296.39617919921875,27.760000228881836,0.009187343332614395,19.45959372552384,8.300406503357998
2020-07-16,295.42010498046875,28.0,-0.003293140354869273,18.565009273950427,9.434990726049573
2020-07-17,296.27655029296875,25.68000030517578,0.002899075919550631,18.457108454108152,7.222891851067629
2020-07-20,298.67083740234375,24.459999084472656,0.008081257551458165,18.57556040016831,5.884438684304346
2020-07-21,299.3063049316406,24.84000015258789,0.0021276517480708357,18.354266365710938,6.485733786876953
2020-07-22,301.010009765625,24.31999969482422,0.00569217823317647,18.336670745869768,5.983328948954451
2020-07-23,297.41839599609375,26.079999923706055,-0.011931874864652414,18.980307781364676,7.099692142341379
2020-07-24,295.5028991699219,25.84000015258789,-0.0064404113933727025,16.52607258340909,9.313927569178801
2020-07-27,297.657958984375,24.739999771118164,0.007292855063374182,16.356018273081634,8.38398149803653
2020-07-28,295.7699279785156,25.440000534057617,-0.006342954887890273,13.745464418882133,11.694536115175485
2020-07-29,299.4076232910156,24.100000381469727,0.012299070893928787,13.517618921734634,10.582381459735092
2020-07-30,298.3393249511719,24.760000228881836,-0.003568039878548479,13.233038676212303,11.526961552669533
2020-07-31,300.69683837890625,24.459999084472656,0.00790212094272258,13.276065419498398,11.183933664974258
2020-08-03,302.7873229980469,24.280000686645508,0.006952133685244943,13.327630365380708,10.9523703212648
2020-08-04,303.95684814453125,23.760000228881836,0.0038625300917631833,12.488344784411227,11.271655444470609
2020-08-05,305.8448486328125,22.989999771118164,0.0062114096122734,11.733399419934601,11.256600351183563
2020-08-06,307.8891296386719,22.649999618530273,0.006684045897773716,11.687152218423783,10.96284740010649
2020-08-07,308.1102294921875,22.209999084472656,0.0007181151662454255,11.312932214519298,10.897066869953358
2020-08-10,309.03118896484375,22.1299991607666,0.002989058409953227,11.004749007877603,11.125250152888999
2020-08-11,306.4801330566406,24.030000686645508,-0.008255011142235702,10.953197784894238,13.07680290175127
2020-08-12,310.7532043457031,22.280000686645508,0.013942408750758473,11.074264359773139,11.205736326872369
2020-08-13,310.19146728515625,22.1299991607666,-0.001807662970779722,10.918437471266532,11.21156168950007
2020-08-14,310.20068359375,22.049999237060547,2.9711676708732426e-05,10.767771050970659,11.282228186089888
2020-08-17,311.18609619140625,21.350000381469727,0.0031766938300714642,10.769985899988464,10.580014481481262
2020-08-18,311.85833740234375,21.510000228881836,0.002160254648793769,10.567254645162352,10.942745583719484
2020-08-19,310.5598449707031,22.540000915527344,-0.0041637252428669,10.786202837713375,11.753798077813968
2020-08-20,311.52679443359375,22.719999313354492,0.0031135688613634915,10.705074347807454,12.014924965547038
2020-08-21,312.6319580078125,22.540000915527344,0.003547571489727286,9.504702835828427,13.035298079698917
2020-08-24,315.7998352050781,22.3700008392334,0.01013292824397194,9.295040316449263,13.074960522784135
2020-08-25,316.9049072265625,22.030000686645508,0.003499279918137921,9.175910224118988,12.85409046252652
2020-08-26,320.0821533203125,23.270000457763672,0.010025865871109874,8.82011143291396,14.449889024849712
2020-08-27,320.7821350097656,24.469999313354492,0.002186881343405167,8.268313006715514,16.201686306638976
2020-08-28,322.85406494140625,22.959999084472656,0.00645899414435136,7.941718333216739,15.018280751255917
2020-08-31,321.6844787597656,26.40999984741211,-0.003622646603049229,8.187546264241226,18.222453583170882
2020-09-01,324.71429443359375,26.1200008392334,0.009418594535581581,8.371322678901661,17.748678160331735
2020-09-02,329.41107177734375,26.56999969482422,0.014464338109730246,9.216364812335568,17.35363488248865
2020-09-03,318.07452392578125,33.599998474121094,-0.03441459265590541,16.08888062707,17.511117847051093
2020-09-04,315.4775695800781,30.75,-0.008164609707343562,16.354733114207974,14.395266885792026
2020-09-08,306.85784912109375,31.459999084472656,-0.027322768051173396,19.113262214056416,12.34673687041624
2020-09-09,312.91741943359375,28.809999465942383,0.01974715761664858,20.301812892090343,8.50818657385204
2020-09-10,307.4840087890625,29.709999084472656,-0.01736372060835145,21.03842577343351,8.671573311039147
2020-09-11,307.640625,26.8700008392334,0.0005093474992545755,20.442242775617377,6.427758063616022
2020-09-14,311.69256591796875,25.850000381469727,0.013171020303214931,20.964091668100767,4.885908713368959
2020-09-15,313.26739501953125,25.59000015258789,0.005052507739234935,21.027623570714006,4.562376581873885
2020-09-16,312.02410888671875,26.040000915527344,-0.003968769659973614,21.060947122121096,4.979053793406248
2020-09-17,309.27972412109375,26.459999084472656,-0.00879542537727862,21.274161721527694,5.185837362944962
2020-09-18,305.71917724609375,25.829999923706055,-0.011512383765597045,21.59186838025886,4.238131543447196
2020-09-21,302.31658935546875,27.780000686645508,-0.011129782309619474,21.840625867339142,5.939374819306366
2020-09-22,305.39556884765625,26.860000610351562,0.010184619701987918,22.146531682350872,4.71346892800069
2020-09-23,298.3131408691406,28.579999923706055,-0.02319099784335321,23.023021757463738,5.556978166242317
2020-09-24,299.10833740234375,28.510000228881836,0.00266564366184574,22.9969549916331,5.513045237248736
2020-09-25,303.9439392089844,26.3799991607666,0.016166723564565944,23.51589626937551,2.8641028913910915
2020-09-28,308.9923095703125,26.190000534057617,0.016609544426075873,24.38170058301082,1.8082999510467985
2020-09-29,307.3095703125,26.270000457763672,-0.005445893653963529,24.229979992176883,2.040020465586789
2020-09-30,309.6394958496094,26.3700008392334,0.00758168883168886,24.458931501327843,1.9110693379055554
2020-10-01,311.6273498535156,26.700000762939453,0.00641989807679999,24.308743860206388,2.3912569027330655
2020-10-02,308.668701171875,27.6299991607666,-0.009494188116130897,23.692411883972316,3.937587276794286
2020-10-05,314.1422119140625,27.959999084472656,0.017732639303586817,21.786169585069302,6.173829499403354
2020-10-06,309.676513671875,29.479999542236328,-0.014215530650841468,22.15207886829638,7.32792067393995
2020-10-07,315.06689453125,28.059999465942383,0.017406489098771294,20.77817825499891,7.281821210943473
2020-10-08,317.8591613769531,26.360000610351562,0.008862457129484858,19.886147304417218,6.473853305934345
2020-10-09,320.69775390625,25.0,0.00893034675168769,18.919006375226452,6.080993624773548
2020-10-12,325.8569641113281,25.06999969482422,0.016087453504854743,19.51692560178784,5.553074093036379
2020-10-13,323.73040771484375,26.06999969482422,-0.0065260424993029975,19.392376347889247,6.677623346934972
2020-10-14,321.69622802734375,26.399999618530273,-0.006283560762360585,19.55541202054219,6.844587597988085
2020-10-15,321.2987060546875,26.969999313354492,-0.0012357060419820876,19.484762819317545,7.485236494036947
2020-10-16,321.1045227050781,27.40999984741211,-0.0006043701575826343,19.144789485392664,8.265210362019445
2020-10-19,316.2226257324219,29.18000030517578,-0.015203451298442361,19.508815823090426,9.671184482085355
2020-10-20,317.4893493652344,29.350000381469727,0.004005796959906327,18.95306444435522,10.396935937114506
2020-10-21,316.8883361816406,28.649999618530273,-0.00189301841083922,18.789298574318224,9.86070104421205
2020-10-22,318.6265869140625,28.110000610351562,0.005485373028767837,16.459756480300875,11.650244130050687
2020-10-23,319.7083435058594,27.549999237060547,0.0033950606641894865,16.458751486239805,11.091247750820742
2020-10-26,313.8002014160156,32.459999084472656,-0.01847978699916375,17.37718618365376,15.082812900818897
2020-10-27,312.7184143066406,33.349998474121094,-0.0034473754462025497,16.56094611525837,16.789052358862723
2020-10-28,302.0299987792969,40.279998779296875,-0.03417904107451464,20.427381640212186,19.85261713908469
2020-10-29,305.0996398925781,37.59000015258789,0.010163364982576972,20.578999725954798,17.011000426633093
2020-10-30,301.9190673828125,38.02000045776367,-0.010424700962890276,20.679702757893683,17.34029769986999
2020-11-02,305.30316162109375,37.130001068115234,0.011208613843492143,20.9041437466497,16.225857321465533
2020-11-03,310.6934814453125,35.54999923706055,0.017655630539812783,20.895724407364373,14.654274829696174
2020-11-04,317.6372985839844,29.56999969482422,0.022349413661239437,21.683190530284104,7.886809164540114
2020-11-05,323.8320617675781,27.579999923706055,0.019502631495765144,21.89055929568696,5.689440628019096
2020-11-06,323.75811767578125,24.860000610351562,-0.000228340860979781,21.72589987141663,3.134100738934933
2020-11-09,327.8262634277344,25.75,0.012565386101073939,21.92934706532576,3.8206529346742393
2020-11-10,327.3455810546875,24.799999237060547,-0.001466271701421662,21.25431714465448,3.545682092406068
2020-11-11,329.7773132324219,23.450000762939453,0.0074286390850288875,21.239107084228735,2.2108936787107183
2020-11-12,326.578125,25.350000381469727,-0.009701056149266196,21.418350275686095,3.931650105783632
2020-11-13,331.09942626953125,23.100000381469727,0.013844470659298613,21.869648400962642,1.2303519805070842
2020-11-16,335.2323913574219,22.450000762939453,0.012482549832406598,22.176985891778646,0.27301487116080736
2020-11-17,333.4294738769531,22.709999084472656,-0.005378112398889523,21.458015710750207,1.2519833737224495
2020-11-18,329.4166259765625,23.84000015258789,-0.012035072525926394,22.03852533876587,1.801474813822022
2020-11-19,330.8035888671875,23.110000610351562,0.0042103609267241104,22.009314226162115,1.1006863841894479
2020-11-20,328.53826904296875,23.700000762939453,-0.006847930011812053,22.187102099299615,1.512898663639838
2020-11-23,330.5076904296875,22.65999984741211,0.005994496143343353,22.232517490054565,0.4274823573575439
2020-11-24,335.83343505859375,21.639999389648438,0.016113829672109503,21.498186850390315,0.14181253925812243
2020-11-25,335.31561279296875,21.25,-0.0015419020608673506,21.432594146992482,-0.1825941469924821
2020-11-27,336.24951171875,20.84000015258789,0.002785134035371728,16.526639314722345,4.313360837865545
2020-11-30,334.7608337402344,20.56999969482422,-0.004427301532442973,16.74323527236574,3.826764422458478
2020-12-01,338.4221496582031,20.770000457763672,0.010937109568826875,15.964267777164002,4.80573268059967
2020-12-02,339.1342468261719,21.170000076293945,0.002104168325530509,15.865123851804555,5.304876224489391
2020-12-03,339.0417785644531,21.280000686645508,-0.0002726597581462764,15.276966840830342,6.003033845815166
2020-12-04,341.9634704589844,20.790000915527344,0.008617498135191637,13.901249834678369,6.888751080848975
2020-12-07,341.26080322265625,21.299999237060547,-0.002054802038899073,12.743031765347801,8.556967471712746
2020-12-08,342.25933837890625,20.68000030517578,0.0029260177167154122,12.703788725557768,7.976211579618013
2020-12-09,339.1897277832031,22.270000457763672,-0.00896866864244572,12.782387478611756,9.487612979151915
2020-12-10,339.07879638671875,22.520000457763672,-0.0003270482193236113,12.753398083239508,9.766602374524163
2020-12-11,338.6811218261719,23.309999465942383,-0.0011728086945705929,12.614663568743689,10.695335897198694
2020-12-14,337.16485595703125,24.719999313354492,-0.004476971910819527,12.162353676256618,12.557645637097874
2020-12-15,341.7230529785156,22.889999389648438,0.01351919377405486,12.121370451644669,10.768628938003769
2020-12-16,342.25933837890625,22.5,0.0015693568101895483,11.450150803421637,11.049849196578363
2020-12-17,344.1733093261719,21.93000030517578,0.00559216574288679,11.30836779508822,10.621632510087561
2020-12-18,342.7991027832031,21.56999969482422,-0.003992774877456973,10.398933316122893,11.171066378701326
2020-12-21,341.5733337402344,25.15999984741211,-0.003575765026852973,10.531647819124025,14.628352028288084
2020-12-22,340.9976806640625,24.229999542236328,-0.0016852986439792605,10.158319198318052,14.071680343918276
2020-12-23,341.3040771484375,23.309999465942383,0.0008985295260024451,10.04553787644288,13.264461589499502
2020-12-24,342.6319274902344,21.530000686645508,0.0038905200104579762,8.601386781554716,12.928613905090792
2020-12-28,345.57537841796875,21.700000762939453,0.008590708254467172,8.938316001624665,12.761684761314788
2020-12-29,344.9161682128906,23.079999923706055,-0.0019075728372084377,8.997703867702041,14.082296056004013
2020-12-30,345.4082336425781,22.770000457763672,0.0014266232639572607,8.759483869288038,14.010516588475634
2020-12-31,347.1632080078125,22.75,0.005080870096022094,8.180871679928012,14.569128320071988
2021-01-04,342.4369812011719,26.969999313354492,-0.013613847025328418,9.648920399129551,17.32107891422494
2021-01-05,344.79547119140625,25.34000015258789,0.006887369413085764,9.89429028428718,15.44570986830071
2021-01-06,346.8568115234375,25.06999969482422,0.0059784437565508775,9.671978912912934,15.398020781911285
2021-01-07,352.0101623535156,22.3700008392334,0.014857285942991849,10.777401021906423,11.592599817326976
2021-01-08,354.01580810546875,21.559999465942383,0.005697692755639583,10.866019333196776,10.693980132745606
2021-01-11,351.6295166015625,24.079999923706055,-0.0067406354441531535,10.616698221952365,13.46330170175369
2021-01-12,351.7038269042969,23.329999923706055,0.000211331242759627,10.60513590988712,12.724864013818936
2021-01-13,352.65087890625,22.209999084472656,0.0026927543276655808,10.55469809695571,11.655300987516947
2021-01-14,351.4158630371094,23.25,-0.0035020921342122646,10.485102368315694,12.764897631684306
2021-01-15,348.8531188964844,24.34000015258789,-0.007292625092323646,10.073163402357222,14.266836750230668
2021-01-19,351.5923156738281,23.239999771118164,0.007852005984663624,10.349004363562681,12.890995407555483
2021-01-20,356.4579162597656,21.579999923706055,0.013838756904036797,11.14351144553199,10.436488478174065
2021-01-21,356.7829895019531,21.31999969482422,0.0009119540550492911,10.956036182082347,10.363963512741872
2021-01-22,355.5201416015625,21.90999984741211,-0.0035395406663122353,10.953750090193926,10.956249757218183
2021-01-25,356.9221496582031,23.190000534057617,0.003943540442813642,10.893039002185635,12.296961531871982
2021-01-26,356.3651123046875,23.020000457763672,-0.0015606690535990841,10.963094595444527,12.056905862319145
2021-01-27,347.6553039550781,37.209999084472656,-0.024440687510854375,14.268495195194872,22.941503889277783
2021-01-28,350.6451721191406,30.209999084472656,0.008600093627361582,14.269146873017341,15.940852211455315
2021-01-29,343.6254577636719,33.09000015258789,-0.02001942394656331,15.969430816541525,17.120569336046366
2021-02-01,349.34527587890625,30.239999771118164,0.016645501623945957,16.993718624985483,13.24628114613268
2021-02-02,354.2851257324219,25.559999465942383,0.014140308155270231,17.574901983361364,7.985097482581018
2021-02-03,354.5637512207031,22.90999984741211,0.0007864442169431829,16.75216322493327,6.15783662247884
2021-02-04,358.5935363769531,21.770000457763672,0.01136547417037459,16.996526760056625,4.773473697707047
2021-02-05,360.0050048828125,20.8700008392334,0.0039361236683743694,16.94981736152541,3.9201834777079867
2021-02-08,362.6048278808594,21.239999771118164,0.007221630151761804,16.4079716473838,4.832028123734364
2021-02-09,362.36346435546875,21.6299991607666,-0.0006656379254551537,16.34906401003876,5.280935150727842
2021-02-10,362.20556640625,21.989999771118164,-0.0004357446728234793,16.109234737908377,5.880765033209787
2021-02-11,362.79058837890625,21.25,0.0016151656046061724,16.102847579210152,5.147152420789848
2021-02-12,364.58270263671875,19.969999313354492,0.0049398036090748665,16.142088268164397,3.8279110451900955
2021-02-16,364.2669372558594,21.459999084472656,-0.0008661008286342531,16.062012397206097,5.39798668726656
2021-02-17,364.35052490234375,21.5,0.00022946811235202702,15.735842173842718,5.764157826157282
2021-02-18,362.79986572265625,22.489999771118164,-0.0042559542904545555,15.739008651676043,6.750991119442121
2021-02-19,362.15911865234375,22.049999237060547,-0.0017661171650000806,15.118972286430116,6.9310269506304305
2021-02-22,359.37347412109375,23.450000762939453,-0.007691769688461414,15.402012696418835,8.047988066520618
2021-02-23,359.8099060058594,23.110000610351562,0.0012144243139620148,15.337108340168173,7.772892270183389
2021-02-24,363.7748107910156,21.34000015258789,0.011019443097521897,15.721594690985906,5.618405461601984
2021-02-25,355.0093994140625,28.889999389648438,-0.02409570733579114,17.955006567130447,10.93499282251799
2021-02-26,353.1800842285156,27.950000762939453,-0.005152864089137177,15.77383796483419,12.176162798105263
2021-03-01,361.74127197265625,23.350000381469727,0.024240290227127703,17.57604178821717,5.773958593252555
2021-03-02,358.9185485839844,24.100000381469727,-0.007803155479823798,16.138325147038667,7.961675234431059
2021-03-03,354.1644592285156,26.670000076293945,-0.013245593949448242,16.07124548405879,10.598754592235156
2021-03-04,349.7817077636719,28.56999969482422,-0.012374904795333763,15.901425509657772,12.668574185166447
2021-03-05,356.2165222167969,24.65999984741211,0.01839665800211776,17.206110735245428,7.4538891121666815
2021-03-08,354.44293212890625,25.469999313354492,-0.004978966379361793,16.805876770079973,8.66412254327452
2021-03-09,359.5035705566406,24.030000686645508,0.014277724194804664,17.516696814495685,6.513303872149823
2021-03-10,361.74127197265625,22.559999465942383,0.006224420560137611,17.46817382847511,5.091825637467274
2021-03-11,365.4089660644531,21.90999984741211,0.010138998162405155,17.818133997812193,4.091865849599916
2021-03-12,365.9012145996094,20.690000534057617,0.0013471167400675998,17.81756272812623,2.872437805931387
2021-03-15,368.08319091796875,20.030000686645508,0.005963293455439889,17.91392196650258,2.1160787201429265
2021-03-16,367.6189880371094,19.790000915527344,-0.001261135776675082,17.85991150434258,1.9300894111847633
2021-03-17,368.8725280761719,19.229999542236328,0.003409889259953003,17.881463698623516,1.3485358436128116
2021-03-18,363.5054931640625,21.579999923706055,-0.014549836335334465,18.64288647739619,2.9371134463098656
2021-03-19,362.8329772949219,20.950000762939453,-0.0018500844740662048,18.592975857000788,2.3570249059386654
2021-03-22,365.7301940917969,18.8799991607666,0.007984987523667275,18.777590555980492,0.10240860478610969
2021-03-23,362.8515625,20.299999237060547,-0.007870915878152362,18.787578547660118,1.5124206894004288
2021-03-24,361.0069580078125,21.200000762939453,-0.005083633868015913,18.884900469534447,2.3151002934050062
2021-03-25,363.0378112792969,19.809999465942383,0.005625523903171947,18.58652645796763,1.2234730079747536
2021-03-26,368.8882751464844,18.860000610351562,0.01611530172730835,17.19422722702445,1.6657733833271138
2021-03-29,368.7019348144531,20.739999771118164,-0.0005051402947335859,17.029164881328686,3.710834889789478
2021-03-30,367.7237854003906,19.610000610351562,-0.0026529543832058966,15.05880746954998,4.551193140801583
2021-03-31,369.2142639160156,19.399999618530273,0.004053255663084565,14.760073163291674,4.6399264552386
2021-04-01,373.2014465332031,17.329999923706055,0.010799102328544974,14.091275012482896,3.2387249112231586
2021-04-05,378.5580749511719,17.90999984741211,0.014353182356950489,13.560015082701016,4.349984764711094
2021-04-06,378.3344421386719,18.1200008392334,-0.0005907490218742817,12.542938001470851,5.577062837762547
2021-04-07,378.7723388671875,17.15999984741211,0.0011574328946639678,12.23341682563552,4.92658302177659
2021-04-08,380.57025146484375,16.950000762939453,0.004746683992377543,11.573140784116742,5.376859978822711
2021-04-09,383.3370666503906,16.690000534057617,0.007270182508741119,11.618385997070174,5.071614536987443
2021-04-12,383.4768371582031,16.90999984741211,0.0003646151650134044,11.329214793910172,5.580785053501938
2021-04-13,384.61334228515625,16.649999618530273,0.0029636865041844374,11.32547200535786,5.324527613172414
2021-04-14,383.2998046875,16.989999771118164,-0.0034152158889027007,11.419477254065189,5.570522517052975
2021-04-15,387.41741943359375,16.56999969482422,0.010742543293103868,11.74585713037396,4.824142564450259
2021-04-16,388.7123718261719,16.25,0.0033425249553087344,11.745242322666071,4.504757677333929
2021-04-19,386.80255126953125,17.290000915527344,-0.004913197250883128,10.37459550589505,6.915405409632294
2021-04-20,383.9705505371094,18.68000030517578,-0.007321566838499161,10.85763433332042,7.822365971855362
2021-04-21,387.6037902832031,17.5,0.009462287514007128,10.95944119605642,6.540558803943579
2021-04-22,384.063720703125,18.709999084472656,-0.00913321713776738,11.121717420595498,7.588281663877158
2021-04-23,388.2278137207031,17.329999923706055,0.0108421930870084,11.079721672911505,6.250278250794549
2021-04-26,389.03839111328125,17.639999389648438,0.0020878910885073765,11.061597036426999,6.578402353221438
2021-04-27,388.9545593261719,17.559999465942383,-0.00021548461289255805,10.085365692012733,7.47463377392965
2021-04-28,388.8427429199219,17.280000686645508,-0.0002874793560556643,10.07735096840807,7.2026497182374385
2021-04-29,391.32073974609375,17.610000610351562,0.006372748035784248,9.974123965818208,7.635876644533354
2021-04-30,388.7495422363281,18.610000610351562,-0.0065705628365977375,10.496028689876594,8.113971920474969
2021-05-03,389.5880432128906,18.309999465942383,0.002156918235167282,10.050332479460103,8.25966698648228
2021-05-04,387.1845397949219,19.479999542236328,-0.006169345953606076,9.381470436784497,10.098529105451831
2021-05-05,387.3056640625,19.149999618530273,0.00031283342987364904,9.36628103177253,9.783718586757743
2021-05-06,390.3985900878906,18.389999389648438,0.007985749531645103,9.662509378773969,8.727490010874469
2021-05-07,393.2398376464844,16.690000534057617,0.007277812038086751,9.80970655370662,6.880293980350997
2021-05-10,389.3458251953125,19.65999984741211,-0.00990238546144584,10.343540925483502,9.316458921928607
2021-05-11,385.8710632324219,21.84000015258789,-0.008924615953304627,10.875282531428574,10.964717621159316
2021-05-12,377.6730651855469,27.59000015258789,-0.021245433586547735,13.13261956044147,14.457380592146421
2021-05-13,382.2098388671875,23.1299991607666,0.012012436416168004,13.81999303511496,9.310006125651642
2021-05-14,388.078857421875,18.809999465942383,0.01535548789660246,14.35789202031586,4.452107445626522
2021-05-17,387.09136962890625,19.719999313354492,-0.0025445544741317105,14.336234697148601,5.383764616205891
2021-05-18,383.75628662109375,21.34000015258789,-0.008615751394844495,14.546737387022668,6.793262765565222
2021-05-19,382.75018310546875,22.18000030517578,-0.002621725169595468,14.352185088992236,7.827815216183545
2021-05-20,386.8677978515625,20.670000076293945,0.010757969369694864,14.467652870689346,6.2023472056046
2021-05-21,386.551025390625,20.149999618530273,-0.0008188132036232032,14.091803200662964,6.058196417867309
2021-05-24,390.4916687011719,18.399999618530273,0.01019436775924909,14.032661831532195,4.367337786998078
2021-05-25,389.6252746582031,18.84000015258789,-0.0022187260636071793,14.043371951149354,4.796628201438537
2021-05-26,390.3985900878906,17.360000610351562,0.00198476710825779,14.057640245645894,3.3023603647056685
2021-05-27,390.6034240722656,16.739999771118164,0.0005246791089303926,14.056805794853775,2.6831939762643895
2021-05-28,391.3021545410156,16.760000228881836,0.0017888488059458751,13.89408364276655,2.8659165861152864
2021-06-01,390.9574279785156,17.899999618530273,-0.0008809728198515554,13.69161267329112,4.208386945239154
2021-06-02,391.5722961425781,17.479999542236328,0.0015727240872278614,13.683150576148773,3.7968489660875555
2021-06-03,390.1190185546875,18.040000915527344,-0.0037113902137791976,13.5632020925668,4.476798822960543
2021-06-04,393.68695068359375,16.420000076293945,0.00914575285799879,13.897526831829873,2.522473244464072
2021-06-07,393.30499267578125,16.420000076293945,-0.0009702074380399939,13.659531865673594,2.760468210620351
2021-06-08,393.38885498046875,17.06999969482422,0.00021322461257589076,13.427847600387144,3.6421520944370744
2021-06-09,392.80194091796875,17.889999389648438,-0.00149194379827855,12.9498010376038,4.9401983520446375
2021-06-10,394.6279296875,16.100000381469727,0.004648624610316121,12.55908760321714,3.5409127782525864
2021-06-11,395.2799987792969,15.649999618530273,0.0016523642721213427,9.576785544308782,6.073214074221491
2021-06-14,396.16497802734375,16.389999389648438,0.002238866754654678,8.887292513569852,7.5027068760785856
2021-06-15,395.4383239746094,17.020000457763672,-0.0018342208247499325,7.44266385789511,9.577336599868563
2021-06-16,393.23052978515625,18.149999618530273,-0.005583156855567872,7.69044612033417,10.459553498196104
2021-06-17,393.10009765625,17.75,-0.0003316938005233361,6.9140336252571,10.835966374742899
2021-06-18,387.7969055175781,20.700000762939453,-0.013490691481102823,8.50440657631684,12.195594186622612
2021-06-21,393.3486633300781,17.889999389648438,0.014316147791561873,9.105971359274287,8.78402803037415
2021-06-22,395.45159912109375,16.65999984741211,0.005346238558972649,9.217032664367055,7.442967183045054
2021-06-23,394.9749755859375,16.31999969482422,-0.001205263896303821,8.62695129593829,7.693048398885928
2021-06-24,397.3115539550781,15.970000267028809,0.005915763057328771,8.756316863730952,7.213683403297857
2021-06-25,398.7227783203125,15.619999885559082,0.0035519338694940394,8.796497736520676,6.823502149038406
2021-06-28,399.5266418457031,15.760000228881836,0.0020160963182918046,8.80109139466224,6.958908834219596
2021-06-29,399.7415466308594,16.020000457763672,0.0005378985095048083,8.799258267911354,7.220742189852318
2021-06-30,400.0780334472656,15.829999923706055,0.0008417609308870588,8.772282227372145,7.05771769633391
2021-07-01,402.2931213378906,15.479999542236328,0.005536639618873185,8.904908472202552,6.575091070033777
2021-07-02,405.3679504394531,15.069999694824219,0.007643255473363864,8.967914089057022,6.102085605767197
2021-07-06,404.6296691894531,16.440000534057617,-0.0018212620144233416,8.641369447169174,7.798631086888443
2021-07-07,406.0596618652344,16.200000762939453,0.0035340776632761806,8.631788168528837,7.568212594410616
2021-07-08,402.7511291503906,19.0,-0.00814789801982796,9.256442188529181,9.743557811470819
2021-07-09,407.05035400390625,16.18000030517578,0.010674643824301278,9.766526548810326,6.413473756365455
2021-07-12,408.5084533691406,16.170000076293945,0.0035821105445357215,9.73310901835826,6.436891057935686
2021-07-13,407.1158447265625,17.1200008392334,-0.0034090081394710925,9.890609154353001,7.229391684880397
2021-07-14,407.7232666015625,16.329999923706055,0.0014920123666717355,9.886242682380718,6.443757241325336
2021-07-15,406.33074951171875,17.010000228881836,-0.0034153486050737536,9.966042103512509,7.043958125369327
2021-07-16,403.14361572265625,18.450000762939453,-0.007843693328384416,10.191365713464439,8.258635049475014
2021-07-19,397.1900634765625,22.5,-0.014767819739428867,11.595935920804475,10.904064079195525
2021-07-20,402.8819274902344,19.729999542236328,0.014330328316503271,11.363543959457473,8.366455582778855
2021-07-21,406.1437683105469,17.90999984741211,0.008096269893842711,10.687490305079928,7.2225095423321815
2021-07-22,406.9942932128906,17.690000534057617,0.0020941473653079967,10.600852318935392,7.089148215122226
2021-07-23,411.1814880371094,17.200000762939453,0.010288092226464096,10.986654417817759,6.213346345121694
2021-07-26,412.1907653808594,17.579999923706055,0.0024545787519960616,10.89385155507689,6.686148368629164
2021-07-27,410.3122253417969,19.360000610351562,-0.004557452997101308,11.087631749551878,8.272368860799684
2021-07-28,410.14410400390625,18.309999465942383,-0.00040974001627802625,11.102166919407853,7.207832546534529
2021-07-29,411.8450012207031,17.700000762939453,0.0041470722124064,11.142380237534807,6.557620525404646
2021-07-30,409.844970703125,18.239999771118164,-0.0048562699842175094,11.354064675285704,6.88593509583246
2021-08-02,408.9849853515625,19.459999084472656,-0.0020983186644626395,11.292266662435399,8.167732422037258
2021-08-03,412.31231689453125,18.040000915527344,0.008135583608548824,11.331026145955853,6.7089747695714905
2021-08-04,410.2841796875,17.969999313354492,-0.004918934322182822,11.472397891539662,6.49760142181483
2021-08-05,412.8824768066406,17.280000686645508,0.0063329205652522536,11.60020524540006,5.679795441245448
2021-08-06,413.56475830078125,16.149999618530273,0.0016524835333715515,11.13303385316587,5.016965765364404
2021-08-09,413.2283020019531,16.719999313354492,-0.000813551667725565,10.61137102565514,6.108628287699352
2021-08-10,413.7424011230469,16.790000915527344,0.0012441043331328228,10.563235848754271,6.226765066773073
2021-08-11,414.7703552246094,16.170000076293945,0.0024845268427220457,10.476406883745982,5.693593192547963
2021-08-12,416.01348876953125,15.59000015258789,0.0029971610296224416,10.499924679985332,5.0900754726025585
2021-08-13,416.7705993652344,15.449999809265137,0.0018199183827969367,10.379734860083104,5.070264949182032
2021-08-16,417.7518615722656,16.1200008392334,0.002354442008447366,9.843914327543278,6.276086511690121
2021-08-17,415.0133972167969,17.90999984741211,-0.006555241537792744,8.419288312040132,9.490711535371977
2021-08-18,410.47113037109375,21.56999969482422,-0.010944867987792484,8.34760358130878,13.222396113515439
2021-08-19,411.10662841796875,21.670000076293945,0.0015482161834390329,7.9345308599033535,13.735469216390591
2021-08-20,414.3779296875,18.559999465942383,0.007957306069522607,8.32488758418038,10.235111881762002
2021-08-23,418.0229797363281,17.149999618530273,0.008796438679967933,8.125908226726702,9.024091391803571
2021-08-24,418.6865539550781,17.219999313354492,0.0015874108623610272,8.109176583527079,9.110822729827413
2021-08-25,419.56500244140625,16.790000915527344,0.0020981053201492017,7.88418795031645,8.905812965210893
2021-08-26,417.0883483886719,18.84000015258789,-0.005902909056577643,8.236238950362369,10.603761202225522
2021-08-27,420.8175354003906,16.389999389648438,0.00894100021284605,8.638382925840396,7.751616463808041
2021-08-30,422.6681213378906,16.190000534057617,0.00439759701491349,8.434786709668792,7.755213824388825
2021-08-31,422.04193115234375,16.479999542236328,-0.0014815174221437521,8.404453632910206,8.075545909326122
2021-09-01,422.2661437988281,16.110000610351562,0.0005312568015982677,8.054764792401334,8.055235817950228
2021-09-02,423.56524658203125,16.40999984741211,0.003076502348769994,7.7669041295008565,8.643095717911253
2021-09-03,423.4624938964844,16.40999984741211,-0.0002425899820064359,7.5864363919249005,8.823563455487209
2021-09-07,421.94842529296875,18.139999389648438,-0.0035754491255741705,7.7626892616768295,10.377310127971608
2021-09-08,421.4343566894531,17.959999084472656,-0.0012183209432733433,7.775646434662538,10.18435264981012
2021-09-09,419.6305236816406,18.799999237060547,-0.004280222955675428,7.981915940294263,10.818083296766284
2021-09-10,416.322021484375,20.950000762939453,-0.00788432206560763,8.480031842841656,12.469968920097797
2021-09-13,417.3874206542969,19.3700008392334,0.0025590747424872884,8.463109559694477,10.906891279538922
2021-09-14,415.1349792480469,19.459999084472656,-0.005396524415419823,8.652978953034443,10.807020131438213
2021-09-15,418.6024475097656,18.18000030517578,0.00835262850651497,9.111085953149436,9.068914352026345
2021-09-16,417.9388427734375,18.690000534057617,-0.0015852863266229145,8.810505489400597,9.87949504465702
2021-09-17,413.8677062988281,20.809999465942383,-0.009740986139487151,8.623951978945946,12.186047486996436
2021-09-20,406.96673583984375,25.709999084472656,-0.016674339055586018,10.439217986096079,15.270781098376577
2021-09-21,406.58233642578125,24.360000610351562,-0.0009445475028057038,9.98005409676589,14.379946513585672
2021-09-22,410.5484313964844,20.8700008392334,0.009754715380821954,10.101961560048679,10.76803927918472
2021-09-23,415.5366516113281,18.6299991607666,0.01215013828667244,11.040744690848918,7.589254469917684
2021-09-24,416.2210998535156,17.75,0.0016471428922897324,11.029314366482163,6.720685633517837
2021-09-27,415.03033447265625,18.760000228881836,-0.0028608962430747287,10.886025075887614,7.8739751529942215
2021-09-28,406.6666564941406,23.25,-0.020151967901677947,12.367742909357302,10.882257090642698
2021-09-29,407.3511962890625,22.559999465942383,0.0016832946197833376,12.236985768209015,10.323013697733368
2021-09-30,402.3723449707031,23.139999389648438,-0.012222503244660454,12.76407685301507,10.375922536633368
2021-10-01,407.1542663574219,21.100000381469727,0.011884319204559013,13.649721605709455,7.450278775760271
2021-10-04,401.9035949707031,22.959999084472656,-0.012896024481564461,14.0609184693614,8.899080615111256
2021-10-05,406.0853576660156,21.299999237060547,0.010404889997605915,14.739781205215321,6.560218031845226
2021-10-06,407.7730712890625,21.0,0.004156056334429392,14.875199393124428,6.1248006068755725
2021-10-07,411.2985534667969,19.540000915527344,0.008645696408027925,15.292362803980069,4.247638111547275
2021-10-08,410.5484313964844,18.770000457763672,-0.001823789711852375,15.251906626316975,3.5180938314466967
2021-10-11,407.57623291015625,20.0,-0.007239580665838075,15.216818669496973,4.783181330503027
2021-10-12,406.57293701171875,19.850000381469727,-0.002461615318620991,15.169565710883775,4.680434670585951
2021-10-13,408.03558349609375,18.639999389648438,0.003597500844806145,15.176438534383788,3.4635608552646495
2021-10-14,414.8990173339844,16.860000610351562,0.016820674753618148,16.075204551922127,0.7847960584294356
2021-10-15,418.0588073730469,16.299999237060547,0.007615805068342585,16.3022444809616,-0.0022452439010542946
2021-10-18,419.29656982421875,16.309999465942383,0.002960737650641976,15.929190036472955,0.3808094294694282
2021-10-19,422.53131103515625,15.699999809265137,0.0077146856037806355,14.782633274187514,0.9173665350776226
2021-10-20,424.19091796875,15.489999771118164,0.003927772665007767,14.763741138435279,0.7262586326828853
2021-10-21,425.2973327636719,15.010000228881836,0.002608294397767885,14.499767211403682,0.5102330174781535
2021-10-22,424.85662841796875,15.430000305175781,-0.0010362264508910757,14.016288066683428,1.4137122384923533
2021-10-25,427.13507080078125,15.239999771118164,0.005362850030836697,14.093652355439223,1.1463474156789406
2021-10-26,427.51947021484375,15.979999542236328,0.0008999481436675616,14.0147216727191,1.9652778695172284
2021-10-27,425.62542724609375,16.979999542236328,-0.004430308092864599,11.852797327560976,5.127202214675352
2021-10-28,429.7322998046875,16.530000686645508,0.009649030099461609,12.127183178435915,4.402817508209592
2021-10-29,430.6043395996094,16.260000228881836,0.0020292628581053407,10.875977270514522,5.384022958367314
2021-11-01,431.3450012207031,16.40999984741211,0.0017200514555484325,10.420438070566442,5.989561776845667
2021-11-02,433.0889892578125,16.030000686645508,0.004043139556906716,8.725443263239056,7.304557423406452
2021-11-03,435.7331237792969,15.100000381469727,0.006105291492207288,8.423550628461053,6.676449753008674
2021-11-04,437.7864685058594,15.4399995803833,0.004712390714648906,8.432254279451314,7.007745300931987
2021-11-05,439.305419921875,16.479999542236328,0.0034696170971197926,8.21443429506876,8.265565247167569
2021-11-08,439.6804504394531,17.219999313354492,0.0008536897123756493,8.06090500797517,9.159094305379321
2021-11-09,438.2272033691406,17.780000686645508,-0.003305234674091162,7.510256682406056,10.269744004239453
2021-11-10,434.70172119140625,18.729999542236328,-0.008044872957749027,8.275838925374892,10.454160616861436
2021-11-11,434.84234619140625,17.65999984741211,0.00032349768391659595,8.333711968338111,9.326287879073998
2021-11-12,438.1239929199219,16.290000915527344,0.007546750580430306,6.898073439882603,9.39192747564474
2021-11-15,438.2740173339844,16.489999771118164,0.00034242455671651406,6.689487937267923,9.80051183385024
2021-11-16,440.00860595703125,16.3700008392334,0.00395777197470748,6.711533847452686,9.658466991780713
2021-11-17,438.9397277832031,17.110000610351562,-0.0024292210637637535,6.600713378763416,10.509287231588146
2021-11-18,440.4306640625,17.59000015258789,0.003396676547886557,6.581923421728904,11.008076730858987
2021-11-19,439.64300537109375,17.90999984741211,-0.0017883829525876527,6.68913448753983,11.22086535987228
2021-11-22,438.4052734375,19.170000076293945,-0.002815311328674519,6.804520467212812,12.365479609081135
2021-11-23,438.98663330078125,19.3799991607666,0.0013260786274829073,6.658243967640061,12.72175519312654
2021-11-24,440.1585998535156,18.579999923706055,0.0026697089702305554,6.672636198155776,11.90736372555028
2021-11-26,430.3416748046875,28.6200008392334,-0.022303154026969363,10.445170801959772,18.174830037273626
2021-11-29,435.62054443359375,22.959999084472656,0.012266693973578269,10.76702799443375,12.192971090038906
2021-11-30,427.14447021484375,27.190000534057617,-0.019457471248907288,12.80516652984169,14.384834004215927
2021-12-01,422.4000549316406,31.1200008392334,-0.011107284804171225,13.304755674343788,17.81524516488961
2021-12-02,428.8696594238281,27.950000762939453,0.01531629652187072,14.369765207349616,13.580235555589837
2021-12-03,425.1379089355469,30.670000076293945,-0.008701362771371457,14.436943246567319,16.233056829726628
2021-12-06,430.1729736328125,27.18000030517578,0.01184336797881036,15.000990838453005,12.179009466722777
2021-12-07,439.071044921875,21.889999389648438,0.02068486826105853,16.70577857491682,5.184220814731617
2021-12-08,440.2337341308594,19.899999618530273,0.0026480662353658424,16.728509901426424,3.1714897171038494
2021-12-09,437.2614440917969,21.579999923706055,-0.0067516180806330706,16.859327403787024,4.720672519919031
2021-12-10,441.3775634765625,18.690000534057617,0.00941340573330196,16.901009241551165,1.7889912925064522
2021-12-13,437.4676818847656,20.309999465942383,-0.008858360540577204,17.228388267098833,3.08161119884355
2021-12-14,434.4577941894531,21.889999389648438,-0.006880251547599636,17.193122218683648,4.69687717096479
2021-12-15,441.246337890625,19.290000915527344,0.015625323775896094,18.063102560155922,1.2268983553714214
2021-12-16,437.35516357421875,20.56999969482422,-0.008818598552019719,18.285415552600867,2.284584142223352
2021-12-17,432.7004699707031,21.56999969482422,-0.010642823021628112,18.628333557646222,2.9416661371779966
2021-12-20,428.0993957519531,22.8700008392334,-0.010633393162391314,18.879860675695532,3.990140163537866
2021-12-21,435.7020263671875,21.010000228881836,0.017759031408769888,19.99541925254534,1.0145809763364966
2021-12-22,440.0584411621094,18.6299991607666,0.00999861036049099,20.28718547052825,-1.6571863097616486
2021-12-23,442.7965393066406,17.959999084472656,0.006222123900862853,20.39032786422743,-2.430328779754774
2021-12-27,449.06304931640625,17.68000030517578,0.014152120564397741,20.92590884455607,-3.245908539380288
2021-12-28,448.6960754394531,17.540000915527344,-0.0008171990047093347,19.155083657972572,-1.615082742445228
2021-12-29,449.2700500488281,16.950000762939453,0.001279205771552272,18.792116622580203,-1.8421158596407494
2021-12-30,448.0280456542969,17.329999923706055,-0.002764494081891833,17.270405819709655,0.05959410399639964
2021-12-31,446.8988952636719,17.219999313354492,-0.0025202672055406605,16.674357643232945,0.5456416701215474
2022-01-03,449.4864807128906,16.600000381469727,0.005790091397948283,16.085239676754014,0.5147607047157123
2022-01-04,449.3359375,16.90999984741211,-0.0003349226714268738,15.61945236187339,1.2905474855387187
2022-01-05,440.7076721191406,19.729999542236328,-0.01920225973659051,16.969973391360917,2.7600261508754116
2022-01-06,440.2937316894531,19.610000610351562,-0.0009392630441332761,15.425706304826544,4.184294305525018
2022-01-07,438.5529479980469,18.760000228881836,-0.003953687200421108,15.461953951140735,3.2980462777411006
2022-01-10,438.0072326660156,19.399999618530273,-0.0012443544947591256,15.281742731248068,4.118256887282206
2022-01-11,441.99676513671875,18.40999984741211,0.009108371216657973,15.258730524435496,3.1512693229766136
2022-01-12,443.1916809082031,17.6200008392334,0.0027034491329698263,14.924403783759335,2.695597055474064
2022-01-13,437.0851135253906,20.309999465942383,-0.013778614639829656,15.542149677278172,4.767849788664211
2022-01-14,437.2639465332031,19.190000534057617,0.0004091491617503884,14.515625159103287,4.67437537495433
2022-01-18,429.5201110839844,22.790000915527344,-0.01770975062228397,15.461905666444931,7.328095249082413
2022-01-19,425.0602722167969,23.850000381469727,-0.010383306280891347,15.441369714577219,8.408630666892508
2022-01-20,420.3556213378906,25.59000015258789,-0.011068197115600364,15.476941759779795,10.113058392808096
2022-01-21,412.1037292480469,28.850000381469727,-0.019630740427783455,15.238309868238591,13.611690513231135
2022-01-24,413.85382080078125,29.899999618530273,0.004246725832662834,14.761741963447344,15.13825765508293
2022-01-25,408.8011779785156,31.15999984741211,-0.012208762051511557,14.7107760418147,16.44922380559741
2022-01-26,407.7754821777344,31.959999084472656,-0.0025090333786541574,13.211012369524372,18.748986714948284
2022-01-27,405.761962890625,30.489999771118164,-0.0049378135153103075,13.141284447840931,17.348715323277233
2022-01-28,415.83917236328125,27.65999984741211,0.024835273865659424,16.584372275196664,11.075627572215446
2022-01-31,423.3289489746094,24.829999923706055,0.018011233931528148,18.202586277715476,6.627413645990579
2022-02-01,426.1893310546875,21.959999084472656,0.00675687804249292,18.491300260660932,3.4686988238117245
2022-02-02,430.3293762207031,22.09000015258789,0.009714098557489281,18.75284963423149,3.337150518356399
2022-02-03,420.21453857421875,24.350000381469727,-0.023504873720953667,20.157796134649807,4.192204246819919
2022-02-04,422.1904296875,23.219999313354492,0.004702100788767094,19.44123914967969,3.7787601636748036
2022-02-07,420.83551025390625,22.860000610351562,-0.003209261362453586,19.44197010667514,3.418030503676423
2022-02-08,424.298095703125,21.440000534057617,0.008227883258068225,19.749458122702045,1.6905424113555725
2022-02-09,430.50811767578125,19.959999084472656,0.014635988319403825,20.526095119999944,-0.5660960355272877
2022-02-10,422.7736511230469,23.90999984741211,-0.017965901768568382,21.0255534800404,2.8844463673717087
2022-02-11,414.4372253417969,27.360000610351562,-0.019718413763736953,21.8093611202786,5.550639490072964
2022-02-14,413.0823669433594,28.329999923706055,-0.003269152275884757,21.46204001249543,6.867959911210626
2022-02-15,419.7439880371094,25.700000762939453,0.01612661693367179,22.409326407404244,3.2906743555352094
2022-02-16,420.21453857421875,24.290000915527344,0.0011210417552609542,21.66728957593338,2.6227113395939625
2022-02-17,411.238037109375,28.110000610351562,-0.021361710842516035,22.583667662075214,5.526332948276348
2022-02-18,408.5753173828125,27.75,-0.006474886771853483,22.393108602152314,5.356891397847686
2022-02-22,404.1906433105469,28.809999465942383,-0.010731617613007782,21.673757249293747,7.136242216648636
2022-02-23,397.02081298828125,31.020000457763672,-0.017738734037830994,22.35187214541,8.668128312353673
2022-02-24,402.9956359863281,30.31999969482422,0.015049143023701417,22.755734224859935,7.564265469964283
2022-02-25,411.88726806640625,27.59000015258789,0.02206384210170409,24.04901943920368,3.5409807133842115
2022-02-28,410.83349609375,30.149999618530273,-0.0025583989949559127,23.994204454171275,6.155795164358999
2022-03-01,404.5763854980469,33.31999969482422,-0.01523028344863897,22.905780664405746,10.414219030418472
2022-03-02,412.0190124511719,30.739999771118164,0.01839609828923372,22.946818791897932,7.793180979220232
2022-03-03,409.96783447265625,30.479999542236328,-0.0049783575915898215,22.794388026086494,7.685611516149834
2022-03-04,406.63702392578125,31.979999542236328,-0.008124565555635455,22.499886640324426,9.480112901911902
2022-03-07,394.6496887207031,36.45000076293945,-0.029479202580594444,23.281000814033597,13.168999948905856
2022-03-08,391.6576232910156,35.130001068115234,-0.007581573013237586,23.16540055498945,11.964600513125784
2022-03-09,402.1582336425781,32.45000076293945,0.026810688027282925,25.430832964349225,7.019167798590228
2022-03-10,400.34228515625,30.229999542236328,-0.004515507415775222,25.164456781722905,5.065542760513424
2022-03-11,395.2519226074219,30.75,-0.012715025960451376,24.574730914977525,6.1752690850224745
2022-03-14,392.3632507324219,31.770000457763672,-0.007308432191660996,24.081018713533663,7.688981744230009
2022-03-15,400.9915771484375,29.829999923706055,0.021990658910866934,24.850452223537697,4.979547700168357
2022-03-16,409.8831481933594,26.670000076293945,0.022173959633148277,26.145392305981424,0.5246077703125209
2022-03-17,415.01123046875,25.670000076293945,0.012511083458770278,25.88893951056035,-0.21893943426640305
2022-03-18,419.55670166015625,23.8700008392334,0.010952646236277008,26.1846933468521,-2.3146925076187017
2022-03-21,419.4340515136719,23.530000686645508,-0.00029233270735296024,25.003960675639565,-1.4739599889940571
2022-03-22,424.3420104980469,22.940000534057617,0.01170138420250555,25.106557293741133,-2.166556759683516
2022-03-23,418.8771057128906,23.56999969482422,-0.012878538183721533,25.253496872070524,-1.6834971772463057
2022-03-24,425.1914367675781,21.670000076293945,0.01507442390278424,24.60086861806553,-2.9308685417715843
2022-03-25,427.26788330078125,20.809999465942383,0.004883556802057987,24.242941947807708,-3.432942481865325
2022-03-28,430.3070983886719,19.6299991607666,0.007113137230001287,23.28821816413069,-3.6582190033640885
2022-03-29,435.6303405761719,18.899999618530273,0.012370797989234683,23.478300132422174,-4.5783005138919
2022-03-30,432.9404296875,19.329999923706055,-0.006174755608422844,22.796939825849215,-3.46693990214316
2022-03-31,426.27685546875,20.559999465942383,-0.015391434391008096,22.987225645058345,-2.427226179115962
2022-04-01,427.4849853515625,19.6299991607666,0.0028341437432346517,22.85929243323742,-3.2292932724708194
2022-04-04,431.1471252441406,18.56999969482422,0.008566709985302401,22.64953708147283,-4.07953738664861
2022-04-05,425.701171875,21.030000686645508,-0.012631310868782442,20.239654424949205,0.7903462616963033
2022-04-06,421.4444580078125,22.100000381469727,-0.009999300327125704,20.425782352684642,1.6742180287850843
2022-04-07,423.56805419921875,21.549999237060547,0.00503885186068076,18.6175150571941,2.932484179866446
2022-04-08,422.4354248046875,21.15999984741211,-0.00267401987308169,18.540373061288225,2.6196267861238844
2022-04-11,415.2150573730469,24.3700008392334,-0.017092239446961477,19.051684493291273,5.318316345942126
2022-04-12,413.6766357421875,24.260000228881836,-0.0037051200421115427,18.859830249916854,5.400169978964982
2022-04-13,418.4146423339844,21.81999969482422,0.011453406314079873,17.818494105165183,4.001505589659036
2022-04-14,413.2046813964844,22.700000762939453,-0.012451669732297166,16.914556747834123,5.78544401510533
2022-04-18,413.37457275390625,22.170000076293945,0.000411155451694567,16.33584561974124,5.834154456552707
2022-04-19,420.04754638671875,21.3700008392334,0.016142680446833202,16.870005634236733,4.499995204996665
2022-04-20,419.7359924316406,20.31999969482422,-0.000741711165219594,16.872072429127847,3.4479272656963715
2022-04-21,413.4595642089844,22.68000030517578,-0.014953276192244735,17.08558518389888,5.594415121276903
2022-04-22,402.1145324707031,28.209999084472656,-0.027439277550601937,18.981050390076202,9.228948694396454
2022-04-25,404.4458312988281,27.020000457763672,0.005797599041747814,18.192988037731997,8.827012420031675
2022-04-26,392.73272705078125,33.52000045776367,-0.0289608727340116,20.175040079516833,13.344960378246839
2022-04-27,393.8370056152344,31.600000381469727,0.002811781367816346,19.931998645241094,11.668001736228632
2022-04-28,403.78515625,29.989999771118164,0.025259562948446224,21.698433749796617,8.291566021321547
2022-04-29,388.8629455566406,33.400001525878906,-0.03695581787092839,24.599168387814245,8.800833138064661
2022-05-02,391.2037048339844,32.34000015258789,0.006019496853815864,24.576019064825257,7.763981087762634
2022-05-03,392.9969787597656,29.25,0.0045839901402320304,24.644398887979012,4.605601112020988
2022-05-04,404.9648742675781,25.420000076293945,0.03045289443593502,27.082926677970427,-1.6629266016764817
2022-05-05,390.5712585449219,31.200000762939453,-0.03554287454853622,29.206365521977872,1.9936352409615807
2022-05-06,388.2400207519531,30.190000534057617,-0.005968789924926443,29.13412746810657,1.0558730659510474
2022-05-09,375.8096618652344,34.75,-0.03201720127317975,30.52226962335608,4.227730376643919
2022-05-10,376.67791748046875,32.9900016784668,0.002310360012898638,30.629137177999873,2.360864500466924
2022-05-11,370.6940612792969,32.560001373291016,-0.01588586939525638,30.57324718916116,1.986754184129854
2022-05-12,370.3070068359375,31.770000457763672,-0.0010441344596231472,30.60361576158101,1.1663846961826607
2022-05-13,379.1602783203125,28.8700008392334,0.023907923212204807,31.734706379677856,-2.864705540444458
2022-05-16,377.6217956542969,27.469999313354492,-0.004057605065675984,31.60226035577441,-4.132261042419916
2022-05-17,385.3896789550781,26.100000381469727,0.020570537480025575,32.715939680481554,-6.615939299011828
2022-05-18,369.85394287109375,30.959999084472656,-0.040311759583461115,34.330964920926085,-3.370965836453429
2022-05-19,367.5887756347656,29.350000381469727,-0.006124491248475361,34.28129405557614,-4.9312936741064135
2022-05-20,367.7492370605469,29.43000030517578,0.00043652428043849945,34.19344416462024,-4.7634438594444575
2022-05-23,374.62982177734375,28.479999542236328,0.018709990459243375,34.172592764607465,-5.692593222371137
2022-05-24,371.7699279785156,29.450000762939453,-0.007633919225276897,34.04632467703338,-4.596323914093929
2022-05-25,375.0545654296875,28.3700008392334,0.008835134861584937,33.02675517064241,-4.656754331409012
2022-05-26,382.5486755371094,27.5,0.01998138617199907,33.86573536562001,-6.3657353656200115
2022-05-27,391.9399108886719,25.719999313354492,0.02454912525413122,33.79671165493478,-8.07671234158029
2022-05-31,389.7407531738281,26.190000534057617,-0.005610956306688619,31.26788037183396,-5.077879837776344
2022-06-01,386.58831787109375,25.690000534057617,-0.008088544184981283,31.32422247919246,-5.634221945134843
2022-06-02,393.9503173828125,24.719999313354492,0.0190435126241284,32.005913989978744,-7.285914676624252
2022-06-03,387.48492431640625,24.790000915527344,-0.016411696554425315,30.52785846966971,-5.737857554142366
2022-06-06,388.664794921875,25.06999969482422,0.003044945832538559,27.99454844023557,-2.92454874541135
2022-06-07,392.3929443359375,24.020000457763672,0.009592197345303477,28.101172839182336,-4.081172381418664
2022-06-08,388.1267395019531,23.959999084472656,-0.010872277128234908,25.869365663225203,-1.9093665787525467
2022-06-09,378.8960266113281,26.09000015258789,-0.023782728555290733,27.32534989538788,-1.2353497427999898
2022-06-10,367.9096984863281,27.75,-0.02899562770097297,28.65609823827009,-0.90609823827009
2022-06-13,353.9407958984375,34.02000045776367,-0.03796829125560475,31.505651374745806,2.5143490830178656
2022-06-14,352.87420654296875,32.689998626708984,-0.0030134682631351994,30.067855002423805,2.6221436242851794
2022-06-15,357.9049377441406,29.6200008392334,0.014256443536796892,30.668648717802956,-1.0486478785695574
2022-06-16,346.0597229003906,32.95000076293945,-0.033095980509265654,31.239638787687777,1.7103619752516757
2022-06-17,346.8057861328125,31.1299991607666,0.0021558799913754534,28.524542761967332,2.6054563987992694
2022-06-21,355.5361022949219,30.190000534057617,0.025173502032535433,30.096515876518044,0.09348465753957313
2022-06-22,354.8914794921875,28.950000762939453,-0.0018131008315989128,30.08917529885184,-1.1391745359123853
2022-06-23,358.3703918457031,29.049999237060547,0.009802749726461668,29.486739245492156,-0.43674000843160954
2022-06-24,369.7643737792969,27.229999542236328,0.031793870790808754,31.61476018294545,-4.384760640709121
2022-06-27,368.3519592285156,26.950000762939453,-0.003819769158248554,31.469331993286215,-4.519331230346761
2022-06-28,360.82550048828125,28.360000610351562,-0.020432791387883342,31.240836263868495,-2.8808356535169324
2022-06-29,360.5316467285156,28.15999984741211,-0.0008143929943088546,29.659616562323393,-1.4996167149112836
2022-06-30,357.6025085449219,28.709999084472656,-0.008124496726356512,29.69168869897566,-0.9816896145030043
2022-07-01,361.3847351074219,26.700000762939453,0.01057662200941989,30.063382160658854,-3.363381397719401
2022-07-05,362.06719970703125,27.540000915527344,0.0018884710207986988,29.046198235789657,-1.506197320262313
2022-07-06,363.2900390625,26.729999542236328,0.003377382310405963,28.77557365938989,-2.0455741171535635
2022-07-07,368.7311706542969,26.079999923706055,0.014977376219392546,29.377207840221065,-3.29720791651501
2022-07-08,368.4277648925781,24.639999389648438,-0.0008228373022556301,29.06407025315388,-4.424070863505442
2022-07-11,364.2190856933594,26.170000076293945,-0.011423349704509533,29.083889669308764,-2.9138895930148188
2022-07-12,360.9960632324219,27.290000915527344,-0.008849131161816737,28.176307330683038,-0.8863064151556941
2022-07-13,359.1002502441406,26.81999969482422,-0.005251616794116232,26.47514046216609,0.344859232658127
2022-07-14,358.22821044921875,26.399999618530273,-0.0024284020808367224,22.8384597461488,3.5615398723814735
2022-07-15,365.0721435546875,24.229999542236328,0.019104952948530984,23.659241684327032,0.570757857909296
2022-07-18,362.0577392578125,25.299999237060547,-0.008257009881728838,23.441167668992353,1.8588315680681937
2022-07-19,371.84033203125,24.5,0.027019427325296164,21.72284875744196,2.777151242558041
2022-07-20,374.21014404296875,23.8799991607666,0.0063731978690240165,21.738700481537155,2.141298679229447
2022-07-21,378.0207214355469,23.110000610351562,0.01018298796341699,20.45682115253839,2.6531794578131738
2022-07-22,374.5134582519531,23.030000686645508,-0.009277965425479318,20.83813734769631,2.1918633389491973
2022-07-25,374.9684753417969,23.360000610351562,0.0012149552434446154,20.678319936976198,2.6816806733753644
2022-07-26,370.53216552734375,24.690000534057617,-0.011831154100112706,18.194844419379752,6.495156114677865
2022-07-27,380.153564453125,23.239999771118164,0.02596643374290597,20.190043226457668,3.049956544660496
2022-07-28,384.921630859375,22.329999923706055,0.012542474547382332,18.846892182563607,3.4831077411424474
2022-07-29,390.533203125,21.329999923706055,0.014578479918357923,19.190139011419895,2.13986091228616
2022-08-01,389.3768005371094,22.84000015258789,-0.0029610864803228942,18.863647818950543,3.9763523336373474
2022-08-02,386.8078918457031,23.93000030517578,-0.006597487800666824,19.061083296424446,4.868917008751335
2022-08-03,392.8651123046875,21.950000762939453,0.01565950588567766,19.52296266332737,2.4270380996120835
2022-08-04,392.5997314453125,21.440000534057617,-0.0006755012116453907,19.588743893554643,1.8512566405029744
2022-08-05,391.9361877441406,21.149999618530273,-0.001690127751053483,19.235308049674043,1.914691568856231
2022-08-08,391.4812316894531,21.290000915527344,-0.0011607911412979677,19.244080501219464,2.0459204143078793
2022-08-09,389.9266357421875,21.770000457763672,-0.003971061244894658,18.70776269562198,3.0622377621416916
2022-08-10,398.1166687011719,19.739999771118164,0.021004035652489872,19.1151192411254,0.6248805299927653
2022-08-11,398.1166687011719,20.200000762939453,0.0,18.854020088498185,1.3459806744412681
2022-08-12,404.8563537597656,19.530000686645508,0.01692891955662512,19.08533782553236,0.444662861113148
2022-08-15,406.524658203125,19.950000762939453,0.004120731780213882,18.476381023428676,1.4736197395107773
2022-08-16,407.3208923339844,19.690000534057617,0.0019586367389836656,17.86786596411042,1.822134569947199
2022-08-17,404.4297180175781,19.899999618530273,-0.007098026079240816,16.598666057555036,3.3013335609752374
2022-08-18,405.60516357421875,19.559999465942383,0.0029064272586158957,16.581235244212664,2.978764221729719
2022-08-19,400.1546630859375,20.600000381469727,-0.013437946500116205,17.448885935250573,3.151114446219154
2022-08-22,391.8224182128906,23.799999237060547,-0.020822560978771887,18.854937074184527,4.94506216287602
2022-08-23,390.87451171875,24.110000610351562,-0.002419224756112892,18.92127387669344,5.188726733658122
2022-08-24,392.1258239746094,22.81999969482422,0.0032013145353404493,18.236122850676058,4.583876844148161
2022-08-25,397.66162109375,21.780000686645508,0.014117400029994176,16.736819515887586,5.043181170757922
2022-08-26,384.2012023925781,25.559999465942383,-0.03384892578808485,20.43187834353971,5.128121122402671
2022-08-29,381.6607360839844,26.209999084472656,-0.006612333050425745,19.835440197678967,6.3745588867936895
2022-08-30,377.47088623046875,26.209999084472656,-0.010977943124318768,20.126615940738454,6.083383143734203
2022-08-31,374.59869384765625,25.8700008392334,-0.007609043472186716,20.16254396655461,5.70745687267879
2022-09-01,375.7741394042969,25.559999465942383,0.0031378794852889857,19.270663085231586,6.289336380710797
2022-09-02,371.8118896484375,25.469999313354492,-0.010544232134070186,19.48433400698008,5.985665306374411
2022-09-06,370.4089660644531,26.90999984741211,-0.003773207966294212,19.486583240605544,7.4234166068065655
2022-09-07,377.0633850097656,24.639999389648438,0.017965059042751585,20.751581171673237,3.8884182179752003
2022-09-08,379.52789306640625,23.610000610351562,0.006536057741530099,20.925393850706065,2.684606759645497
2022-09-09,385.4239807128906,22.790000915527344,0.01553532099800825,20.269602711350487,2.520398204176857
2022-09-12,389.56640625,23.8700008392334,0.010747710947947242,20.704648018142205,3.1653528210911936
2022-09-13,372.6271057128906,27.270000457763672,-0.04348244680584379,24.38065267406436,2.8893477836993107
2022-09-14,374.0489501953125,26.15999984741211,0.003815730151196739,24.368348396968358,1.7916514504437515
2022-09-15,369.8022766113281,26.270000457763672,-0.011353256256345423,24.405302976213378,1.8646974815502944
2022-09-16,366.98114013671875,26.299999237060547,-0.007628769894173604,24.41317628596987,1.886822951090675
2022-09-19,369.8269958496094,25.760000228881836,0.007754773751671218,24.655136081357433,1.1048641475244025
2022-09-20,365.5819091796875,27.15999984741211,-0.011478574353853133,24.57255224425271,2.5874476031594007
2022-09-21,359.2047424316406,27.989999771118164,-0.017443879436912835,24.31066829521887,3.6793314758992928
2022-09-22,356.1875915527344,27.350000381469727,-0.008399529634496528,24.34937606465927,3.0006243168104554
2022-09-23,350.21966552734375,29.920000076293945,-0.016755008222983148,24.555016568472034,5.364983507821911
2022-09-26,346.7550354003906,32.2599983215332,-0.009892734383536883,23.556954885014672,8.70304343651853
2022-09-27,345.8699035644531,32.599998474121094,-0.0025526142249541195,21.35298081210453,11.247017662016564
2022-09-28,352.6753234863281,30.18000030517578,0.01967624199660034,22.968931007371005,7.211069297804777
2022-09-29,345.3083190917969,31.84000015258789,-0.020888913694628974,23.614666308912753,8.225333843675138
2022-09-30,339.9686584472656,31.6200008392334,-0.015463457870274366,23.915490781886913,7.704510057346486
2022-10-03,348.9442443847656,30.100000381469727,0.026401215860585747,26.108719828991745,3.9912805524779813
2022-10-04,359.7568664550781,29.06999969482422,0.030986675505642935,28.526929817179468,0.5430698776447507
2022-10-05,358.919189453125,28.549999237060547,-0.0023284531306025924,28.51626307437609,0.03373616268445545
2022-10-06,355.216796875,30.520000457763672,-0.010315393233129244,27.776492489608728,2.743507968154944
2022-10-07,345.3083190917969,31.360000610351562,-0.02789417018106244,28.87422793975179,2.485772670599772
2022-10-10,342.6717834472656,32.45000076293945,-0.007635308791475559,27.9668484879118,4.483152275027653
2022-10-11,340.5016174316406,33.630001068115234,-0.006333074739312328,27.34044281922473,6.289558248890504
2022-10-12,339.3785095214844,33.56999969482422,-0.0032983922914308073,23.75335768316206,9.816642011662157
2022-10-13,348.3350830078125,31.940000534057617,0.02639110384142085,25.918081738484428,6.021918795573189
2022-10-14,340.39697265625,32.02000045776367,-0.02278871907767177,26.660141315649753,5.359859142113919
2022-10-17,349.14410400390625,31.3700008392334,0.025696854115355272,28.494128463780278,2.8758723754531204
2022-10-18,353.24639892578125,30.5,0.011749575246526645,28.703119398345223,1.7968806016547774
2022-10-19,350.7431640625,30.760000228881836,-0.007086370507650042,28.560859188690735,2.199141040191101
2022-10-20,347.8020935058594,29.979999542236328,-0.00838525410609725,28.105141513419234,1.8748580288170942
2022-10-21,356.2541809082031,29.690000534057617,0.024301427622664296,29.333072254365728,0.3569282796918891
2022-10-24,360.613525390625,29.850000381469727,0.012236612834433336,28.941895193645433,0.9081051878242938
2022-10-25,366.3719482421875,28.459999084472656,0.01596840508221331,29.039772848477824,-0.5797737640051679
2022-10-26,363.6115417480469,27.280000686645508,-0.007534437359041135,29.205902978267012,-1.9259022916215045
2022-10-27,361.6699523925781,27.389999389648438,-0.00533973521889497,28.63718239623967,-1.2471830065912322
2022-10-28,370.2743835449219,25.75,0.023790837738723702,28.446422269649606,-2.696422269649606
2022-10-31,367.5998229980469,25.8799991607666,-0.007223185469298121,27.892763028228963,-2.012763867462361
2022-11-01,365.9912109375,25.809999465942383,-0.004375987037826823,26.776090971837807,-0.9660915058954238
2022-11-02,356.8061828613281,25.860000610351562,-0.025096307784670757,26.27746889948665,-0.41746828913508693
2022-11-03,353.13226318359375,25.299999237060547,-0.010296681655772355,26.50045490500027,-1.2004556679397247
2022-11-04,358.2148742675781,24.549999237060547,0.014392938889704165,26.745071319780955,-2.195072082720408
2022-11-07,361.6414489746094,24.350000381469727,0.009565696326924833,24.805591897600802,-0.45559151613107574
2022-11-08,363.59259033203125,25.540000915527344,0.00539523708621914,24.556174559416675,0.9838263561106686
2022-11-09,356.10186767578125,26.09000015258789,-0.020601967299194723,25.705641501093172,0.3843586514947184
2022-11-10,375.6711120605469,23.530000686645508,0.05495406275875747,31.406776242638045,-7.876775555992538
2022-11-11,379.30706787109375,22.520000457763672,0.009678561097242078,30.49517936795752,-7.975178910193847
2022-11-14,376.0804138183594,23.729999542236328,-0.008506706903312788,29.277320301159737,-5.547320758923409
2022-11-15,379.2879943847656,24.540000915527344,0.008528975316314913,28.330818734728712,-3.7908178192013686
2022-11-16,376.39453125,24.110000610351562,-0.007628670502632273,28.46656989019225,-4.356569279840688
2022-11-17,375.2427673339844,23.93000030517578,-0.0030599911008022396,28.317420725934827,-4.387420420759046
2022-11-18,376.9465637207031,23.1200008392334,0.004540517592980686,27.99349957141989,-4.873498732186491
2022-11-21,375.57598876953125,22.360000610351562,-0.003635992692554102,27.097327800639448,-4.7373271902878855
2022-11-22,380.63006591796875,21.290000915527344,0.01345686971362503,27.154931223034833,-5.864930307507489
2022-11-23,383.0286865234375,20.350000381469727,0.006301710821723816,26.76403114256443,-6.414030761094704
2022-11-25,382.9429931640625,20.5,-0.00022372569572481904,26.54611441915439,-6.046114419154389
2022-11-28,376.8323669433594,22.209999084472656,-0.0159570127402362,27.19317316927366,-4.9831740848010035
2022-11-29,376.1851501464844,21.889999389648438,-0.001717519124285527,26.040122027569986,-4.150122637921548
2022-11-30,388.0351867675781,20.579999923706055,0.031500543326814956,27.90971563751898,-7.329715713812924
2022-12-01,387.7496643066406,19.84000015258789,-0.00073581590194427,27.82137461209146,-7.98137445950357
2022-12-02,387.3023376464844,19.059999465942383,-0.001153648091368753,25.959870552528113,-6.89987108658573
2022-12-05,380.3350524902344,20.75,-0.017989266986065733,26.623376161753708,-5.873376161753708
2022-12-06,374.8525390625,22.170000076293945,-0.014414957001301243,27.028862970501322,-4.858862894207377
2022-12-07,374.2148742675781,22.68000030517578,-0.001701108378555083,26.928848902086532,-4.248848596910751
2022-12-08,377.14642333984375,22.290000915527344,0.007833865711520227,26.983484937908177,-4.693484022380833
2022-12-09,374.32904052734375,22.829999923706055,-0.007470262577463971,25.969330842465144,-3.1393309187590894
2022-12-12,379.72589111328125,25.0,0.014417397534358,18.32513910515218,6.674860894847821
2022-12-13,382.600341796875,22.549999237060547,0.007569804300587624,18.207316332474356,4.342682904586191
2022-12-14,380.1541748046875,21.139999389648438,-0.006393530598271635,18.09032322277824,3.0496761668701993
2022-12-15,370.8549499511719,22.829999923706055,-0.02446171966490518,19.79234201431863,3.0376579093874234
2022-12-16,366.4765625,22.6200008392334,-0.01180619930177107,20.020318302624514,2.599682536608885
2022-12-19,363.3689880371094,22.420000076293945,-0.00847959946385557,20.171379999060616,2.24862007723333
2022-12-20,363.8662414550781,21.479999542236328,0.0013684530995747846,20.082349897561606,1.397649644674722
2022-12-21,369.306884765625,20.06999969482422,0.014952316787592235,20.86257793442397,-0.7925782395997523
2022-12-22,364.0382995605469,21.969999313354492,-0.014266144018467819,20.698746299935532,1.27125301341896
2022-12-23,366.1324157714844,20.8700008392334,0.005752461247801266,20.671715102494247,0.19828573673915173
2022-12-27,364.6885070800781,21.649999618530273,-0.0039436789238226355,20.67011932347257,0.9798802950577041
2022-12-28,360.1562194824219,22.139999389648438,-0.012427832272380979,20.409594047437732,1.7304053422107053
2022-12-29,366.63916015625,21.440000534057617,0.018000357409195145,21.563421595375626,-0.1234210613180089
2022-12-30,365.6734313964844,21.670000076293945,-0.0026340033054681466,18.001883234798324,3.668116841495621
2023-01-03,364.1339416503906,22.899999618530273,-0.004210012579296651,17.9928617340512,4.907137884479074
2023-01-04,366.9450988769531,22.010000228881836,0.007720118629483741,18.36183106161715,3.6481691672646868
2023-01-05,362.7571105957031,22.459999084472656,-0.011413119548584927,17.795625107795825,4.664373976676831
2023-01-06,371.0758056640625,21.1299991607666,0.022931859432607116,19.20969283555843,1.9203063252081698
2023-01-09,370.865478515625,21.969999313354492,-0.000566803723732745,19.204122690993593,2.7658766223608993
2023-01-10,373.46624755859375,20.579999923706055,0.007012701892282314,19.162045672671706,1.4179542510343488
2023-01-11,378.1899108886719,21.09000015258789,0.012648166630739643,19.490929121766346,1.5990710308215448
2023-01-12,379.5667419433594,18.829999923706055,0.003640581134098042,18.873292713058603,-0.043292789352548766
2023-01-13,381.0392761230469,18.350000381469727,0.003879513184290584,18.730718842042254,-0.38071846057252756
2023-01-17,380.3412780761719,19.360000610351562,-0.0018318270336247222,18.604699216266628,0.7553013940849347
2023-01-18,374.33642578125,20.34000015258789,-0.015788063618273007,17.36378563234961,2.9762145202382797
2023-01-19,371.611328125,20.520000457763672,-0.007279808932733833,17.027050071611146,3.4929503861525255
2023-01-20,378.53411865234375,19.850000381469727,0.018629115969831522,17.756066671595025,2.093933709874701
2023-01-23,383.0760192871094,19.809999465942383,0.011998655896424015,18.086569975527294,1.7234294904150893
2023-01-24,382.664794921875,19.200000762939453,-0.0010734797912947958,17.541751063055596,1.6582496998838572
2023-01-25,382.8082275390625,19.079999923706055,0.00037482574590330664,16.563181563689973,2.5168183600160816
2023-01-26,387.0154113769531,18.729999542236328,0.01099031717509602,16.792621955038932,1.9373775871973962
2023-01-27,387.9046936035156,18.510000228881836,0.0022977953859733002,16.61988353405687,1.8901166948249646
2023-01-30,383.0377197265625,19.940000534057617,-0.012546829046435226,16.63384264275896,3.306157891298657
2023-01-31,388.669677734375,19.399999618530273,0.014703403131767212,16.294711543917977,3.1052880746122966
2023-02-01,392.8003234863281,17.8700008392334,0.010627651161344565,16.381495536538523,1.4885053026948754
2023-02-02,398.5184020996094,18.729999542236328,0.014557214623781345,16.562767231134796,2.1672323111015324
2023-02-03,394.28240966796875,18.329999923706055,-0.010629352143647908,17.296868021578554,1.0331319021275007
2023-02-06,391.87286376953125,19.43000030517578,-0.006111218353531456,16.812234424153463,2.6177658810223186
2023-02-07,396.9979553222656,18.65999984741211,0.013078454842304632,15.704729864310268,2.955269983101841
2023-02-08,392.6568603515625,19.6299991607666,-0.010934804354796324,16.41813660556393,3.2118625552026714
2023-02-09,389.2528991699219,20.709999084472656,-0.00866904802985724,16.802163834736415,3.907835249736241
2023-02-10,390.1612854003906,20.530000686645508,0.0023336659339106003,16.35455773628819,4.1754429503573185
2023-02-13,394.74139404296875,20.34000015258789,0.011739013618119243,16.722369722604714,3.6176304299831763
2023-02-14,394.5597229003906,18.90999984741211,-0.0004602282540410174,16.725908382618606,2.1840914647935037
2023-02-15,395.8410339355469,18.229999542236328,0.00324744509078978,16.682704162899515,1.5472953793368127
2023-02-16,390.3907470703125,20.170000076293945,-0.013768877902945786,16.424763712149186,3.745236364144759
2023-02-17,389.4154968261719,20.020000457763672,-0.002498138727568211,16.163887293824356,3.856113163939316
2023-02-21,381.60345458984375,22.8700008392334,-0.02006094338822695,16.778026220590082,6.091974618643317
2023-02-22,381.07757568359375,22.290000915527344,-0.0013780769013614913,16.248198823091286,6.041802092436058
2023-02-23,383.1046142578125,21.139999389648438,0.005319228166555279,16.355408471804502,4.784590917843936
2023-02-24,379.0121765136719,21.670000076293945,-0.010682298233522736,16.775565747496138,4.894434328797807
2023-02-27,380.302978515625,20.950000762939453,0.003405700613174245,16.32518412941023,4.624816633529225
2023-02-28,378.8974304199219,20.700000762939453,-0.003695864021862727,16.314723066670346,4.385277696269107
2023-03-01,377.4439697265625,20.579999923706055,-0.003836026788961222,15.81384511754623,4.766154806159825
2023-03-02,380.3795471191406,19.59000015258789,0.007777518328627053,15.133801624368798,4.456198528219092
2023-03-03,386.4800109863281,18.489999771118164,0.01603783356226751,15.759875202034015,2.7301245690841487
2023-03-06,386.7477111816406,18.610000610351562,0.0006926624604188802,14.766384222193102,3.843616388158461
2023-03-07,380.8193664550781,19.59000015258789,-0.01532871315113793,15.21983026288016,4.37016988970773
2023-03-08,381.44085693359375,19.110000610351562,0.001631982334041604,15.167508663977994,3.9424919463735684
2023-03-09,374.40338134765625,22.610000610351562,-0.018449716274527628,15.348330370045767,7.261670240305795
2023-03-10,369.0009460449219,24.799999237060547,-0.014429451153161188,15.628561485426168,9.171437751634379
2023-03-13,368.4750061035156,26.520000457763672,-0.0014253078401110786,15.492984751161162,11.02701570660251
2023-03-14,374.56591796875,23.729999542236328,0.016530054316691523,16.784987196465956,6.9450123457703725
2023-03-15,372.22332763671875,26.139999389648438,-0.006254147053034065,16.087293682912758,10.05270570673568
2023-03-16,378.7539978027344,22.989999771118164,0.01754503192338719,17.551816320279585,5.438183450838579
2023-03-17,374.3253479003906,25.510000228881836,-0.011692681603456823,17.762928955203435,7.747071273678401
2023-03-20,377.92474365234375,24.149999618530273,0.009615687989451782,17.75707850379952,6.392921114730754
2023-03-21,382.8870544433594,21.3799991607666,0.013130420472231563,18.456223000352292,2.9237761604143095
2023-03-22,376.3601989746094,22.260000228881836,-0.0170464250305844,18.084401613080423,4.1755986158014124
2023-03-23,377.37762451171875,22.610000610351562,0.002703329257135456,18.117421504072635,4.492579106278928
2023-03-24,379.85400390625,21.739999771118164,0.006562072665901697,18.171910433982102,3.568089337136062
2023-03-27,380.56427001953125,20.600000381469727,0.0018698397436309744,17.788233126989635,2.811767254480092
2023-03-28,379.7100524902344,19.969999313354492,-0.0022446078010766035,17.769788525583486,2.200210787771006
2023-03-29,385.22906494140625,19.1200008392334,0.014534807321999521,18.40478326154382,0.7152175776895788
2023-03-30,387.48468017578125,19.020000457763672,0.005855257143481785,18.399829044211515,0.620171413552157
2023-03-31,392.9460754394531,18.700000762939453,0.014094480486801064,18.805043848237187,-0.10504308529773354
2023-04-03,394.4434509277344,18.549999237060547,0.0038106386139793447,18.086800246282504,0.46319899077804294
2023-04-04,392.2550964355469,19.0,-0.005547954940158029,18.230247433202386,0.7697525667976137
2023-04-05,391.22796630859375,19.079999923706055,-0.0026185258937021505,17.328350304349904,1.7516496193561508
2023-04-06,392.7541809082031,18.399999618530273,0.0039010876804381756,17.35095379349433,1.0490458250359431
2023-04-10,393.1572265625,18.969999313354492,0.001026203345219301,15.776816843483079,3.193182469871413
2023-04-11,393.26287841796875,19.100000381469727,0.0002687267289793738,14.580182630819847,4.51981775064988
2023-04-12,391.6599426269531,19.09000015258789,-0.004075990587934397,14.711638489705933,4.378361662881957
2023-04-13,396.8621826171875,17.799999237060547,0.01328254290020503,14.373064841887235,3.426934395173312
2023-04-14,395.8928527832031,17.06999969482422,-0.002442484762826047,14.129234002642146,2.9407656921820724
2023-04-17,397.3133239746094,16.950000762939453,0.0035880192870876293,13.106305924261438,3.843694838678015
2023-04-18,397.57257080078125,16.829999923706055,0.0006524997037060665,12.103387391584667,4.726612532121388
2023-04-19,397.50531005859375,16.459999084472656,-0.00016917852771392017,11.892185345027286,4.56781373944537
2023-04-20,395.3360900878906,17.170000076293945,-0.005457084259788525,11.523261738843958,5.646738337449987
2023-04-21,395.6432800292969,16.770000457763672,0.0007770349055102876,9.347789637924892,7.42221081983878
2023-04-24,396.0559997558594,16.889999389648438,0.0010431612197026041,9.358655088690087,7.5313443009583505
2023-04-25,389.76910400390625,18.760000228881836,-0.01587375461002627,11.13561357691216,7.624386651969676
2023-04-26,388.1181640625,18.84000015258789,-0.004235687037394631,11.292622133364711,7.54737801922318
2023-04-27,395.8448181152344,17.030000686645508,0.019907993926020273,12.98151848321746,4.048482203428048
2023-04-28,399.223388671875,15.779999732971191,0.008535088504447952,12.40608095820969,3.373918774761501
2023-05-01,398.8203125,16.079999923706055,-0.0010096506951057238,12.34621036605012,3.7337895576559355
2023-05-02,394.337890625,17.780000686645508,-0.011239201551450528,12.182736295186123,5.597264391459385
2023-05-03,391.631103515625,18.34000015258789,-0.006864131430750708,12.343847791530552,5.996152361057339
2023-05-04,388.8572692871094,20.09000015258789,-0.007082773057643377,12.436977267431944,7.653022885155947
2023-05-05,396.0559997558594,17.190000534057617,0.01851252641347667,14.013124794797555,3.176875739260062
2023-05-08,396.16156005859375,16.979999542236328,0.0002665287302792141,13.962405939087649,3.017593603148679
2023-05-09,394.4242248535156,17.709999084472656,-0.004385420950031471,14.059683609634796,3.6503154748378606
2023-05-10,396.2671203613281,16.940000534057617,0.004672368966426754,14.145269608124208,2.7947309259334094
2023-05-11,395.5760498046875,16.93000030517578,-0.0017439512922760025,14.075182803156604,2.854817502019177
2023-05-12,395.0577697753906,17.030000686645508,-0.001310190618347029,13.292834349674548,3.73716633697096
2023-05-15,396.4206848144531,17.1200008392334,0.0034499132616412354,13.323359000821183,3.7966418384122154
2023-05-16,393.7716369628906,17.989999771118164,-0.0066824158098672815,13.458606135800075,4.531393635318089
2023-05-17,398.551513671875,16.8700008392334,0.01213870238560344,14.141780152602834,2.7282206866305643
2023-05-18,402.3908386230469,16.049999237060547,0.009633196260628862,14.51620298857271,1.5337962484878371
2023-05-19,401.8053894042969,16.809999465942383,-0.0014549268088541734,14.370513804895054,2.4394856610473283
2023-05-22,401.9685363769531,17.209999084472656,0.0004060348043068984,14.371202581401773,2.838796503070883
2023-05-23,397.4573059082031,18.530000686645508,-0.01122284472663182,14.960523765945592,3.569476920699916
2023-05-24,394.57781982421875,20.030000686645508,-0.007244768283739655,14.063336573097619,5.966664113547889
2023-05-25,397.99481201171875,19.139999389648438,0.008659868892332279,14.210888982366177,4.929110407282261
2023-05-26,403.14910888671875,17.950000762939453,0.012950663474598834,13.229516378194884,4.720484384744569
2023-05-30,403.3027038574219,17.459999084472656,0.00038098799505537073,12.93515641750609,4.524842666966567
2023-05-31,401.0663146972656,17.940000534057617,-0.005545187619041769,13.09695594580806,4.8430445882495565
2023-06-01,404.8768615722656,15.649999618530273,0.009501039442507908,12.760889833832106,2.8891097846981673
2023-06-02,410.7317810058594,14.600000381469727,0.014460987992391594,13.175958467685334,1.424041913784393
2023-06-05,409.94476318359375,14.729999542236328,-0.0019161356843102606,12.829229761323802,1.9007697809125261
2023-06-06,410.8374328613281,13.960000038146973,0.0021775364827250066,11.440980216693386,2.519019821453586
2023-06-07,409.41680908203125,13.9399995803833,-0.003457873274601009,11.574654782157486,2.3653447982258147
2023-06-08,411.8931884765625,13.649999618530273,0.006048553307040905,11.459298210977007,2.1907014075532665
2023-06-09,412.6322326660156,13.829999923706055,0.00179426174097852,11.420901299328913,2.409098624377142
2023-06-12,416.37567138671875,15.010000228881836,0.009072094771939598,11.592992734552682,3.4170074943291535
2023-06-13,419.1207275390625,14.609999656677246,0.006592739059900987,11.591666600989303,3.0183330556879433
2023-06-14,419.6198425292969,13.880000114440918,0.0011908621011540443,11.60321924088699,2.2767808735539283
2023-06-15,424.8221435546875,14.5,0.012397652584857033,11.533815383806068,2.9661846161939316
2023-06-16,423.3751525878906,13.539999961853027,-0.0034061100362829944,11.34711252067427,2.1928874411787582
2023-06-20,421.1785583496094,13.880000114440918,-0.005188292758454338,11.401344485914468,2.4786556285264503
2023-06-21,419.0205383300781,13.199999809265137,-0.005123765150788939,11.618301419409633,1.5816983898555037
2023-06-22,420.5331726074219,12.90999984741211,0.0036099287241910805,11.615053636514547,1.294946210897562
2023-06-23,417.3539123535156,13.4399995803833,-0.007560070075314007,11.142279793053328,2.2977197873299726
2023-06-26,415.6486511230469,14.25,-0.0040858877321948706,10.849346439459431,3.4006535605405688
2023-06-27,420.20556640625,13.739999771118164,0.010963382825592616,11.04170663127784,2.698293139840324
2023-06-28,420.4175109863281,13.430000305175781,0.0005043830853805886,10.396270611962848,3.0337296932129334
2023-06-29,422.07452392578125,13.539999961853027,0.003941350909874464,10.398722284548583,3.141277677304444
2023-06-30,427.0552673339844,13.59000015258789,0.011800625543272325,10.508612099280553,3.0813880533073377
2023-07-03,427.5466613769531,13.569999694824219,0.001150656789778992,10.254270930789703,3.3157287640345157
2023-07-05,426.91082763671875,14.180000305175781,-0.0014871680629819917,9.384720742335679,4.795279562840102
2023-07-06,423.56781005859375,15.4399995803833,-0.007830716303522167,9.894248776441119,5.545750803942182
2023-07-07,422.4984436035156,14.829999923706055,-0.0025246641262238745,9.99185207509393,4.838147848612124
2023-07-10,423.56781005859375,15.069999694824219,0.0025310541879335346,9.842832722687618,5.227166972136601
2023-07-11,426.2653503417969,14.84000015258789,0.006368614939907591,9.861511630623905,4.978488521963985
2023-07-12,429.6950378417969,13.539999961853027,0.008045897930127222,10.107525255823067,3.4324747060299607
2023-07-13,433.10546875,13.609999656677246,0.007936863607577394,10.013960833113158,3.596038823564088
2023-07-14,432.83575439453125,13.34000015258789,-0.0006227452085681984,9.89888320340793,3.4411169491799605
2023-07-17,434.338623046875,13.479999542236328,0.0034721453509449773,9.919891299103504,3.5601082431328237
2023-07-18,437.56597900390625,13.300000190734863,0.007430506489133792,9.376906746201787,3.9230934445330767
2023-07-19,438.5390930175781,13.760000228881836,0.0022239252144033994,9.212804145295278,4.547196083586558
2023-07-20,435.6295471191406,13.989999771118164,-0.006634632909045757,9.361352391779988,4.628647379338176
2023-07-21,435.6295471191406,13.600000381469727,0.0,9.059375607943444,4.540624773526282
2023-07-24,437.57562255859375,13.90999984741211,0.0044672714519085055,9.08497545679654,4.825024390615569
2023-07-25,438.770263671875,13.859999656677246,0.002730136350594492,8.407651903079994,5.452347753597252
2023-07-26,438.83770751953125,13.1899995803833,0.00015371107214923185,8.118934370047631,5.07106521033567
2023-07-27,435.9282531738281,14.40999984741211,-0.006629909635952669,8.123126125878647,6.286873721533462
2023-07-28,440.19610595703125,13.329999923706055,0.009790264228414891,8.566609147801433,4.763390775904622
2023-07-31,441.03424072265625,13.630000114440918,0.001904003134700183,8.543630610937997,5.086369503502921
2023-08-01,439.7721862792969,13.930000305175781,-0.002861579276229098,7.935967975240976,5.9940323299348055
2023-08-02,433.65460205078125,16.09000015258789,-0.013910802955215518,9.549151118736807,6.540849033851083
2023-08-03,432.4118347167969,15.920000076293945,-0.0028657999433356895,9.60061311317008,6.319386963123865
2023-08-04,430.4561462402344,17.100000381469727,-0.004522745030425379,9.296999885037202,7.803000496432524
2023-08-07,434.21337890625,15.770000457763672,0.008728491157189211,9.60443483660773,6.165565621155942
2023-08-08,432.3251037597656,15.989999771118164,-0.004348726313410212,9.78910286536361,6.200896905754554
2023-08-09,429.4349060058594,15.960000038146973,-0.00668524156652317,9.929337326930064,6.030662711216909
2023-08-10,429.58905029296875,15.850000381469727,0.00035894680416892477,9.52975534341772,6.320245038052006
2023-08-11,429.33856201171875,14.84000015258789,-0.0005830881422120848,9.082840017764529,5.757160134823362
2023-08-14,431.70855712890625,14.819999694824219,0.005520107735216273,9.310304141019143,5.509695553805075
2023-08-15,426.6796569824219,16.459999084472656,-0.011648831285460903,10.023863796165006,6.43613528830765
2023-08-16,423.548583984375,16.780000686645508,-0.007338228919069101,9.793700079171995,6.986300607473513
2023-08-17,420.3211669921875,17.889999389648438,-0.007619945182738563,9.91109962936655,7.978899760281887
2023-08-18,420.52349853515625,17.299999237060547,0.0004813736705591154,9.797710533367898,7.502288703692649
2023-08-21,423.25958251953125,17.1299991607666,0.0065063759668742005,10.18815184804133,6.9418473127252724
2023-08-22,422.11309814453125,16.969999313354492,-0.002708702702429844,9.972766354987476,6.997232958367016
2023-08-23,426.8144836425781,15.979999542236328,0.011137738958380217,10.830959711332785,5.1490398309035434
2023-08-24,420.899169921875,17.200000762939453,-0.013859215062759445,11.651874603093763,5.54812615984569
2023-08-25,423.8664855957031,15.680000305175781,0.007049944228635363,11.921550482815498,3.7584498223602836
2023-08-28,426.5543518066406,15.079999923706055,0.0063413039300805885,11.571714004444045,3.5082859192620095
2023-08-29,432.7201232910156,14.449999809265137,0.014454831976887128,12.78620017935202,1.6637996299131164
2023-08-30,434.5024108886719,13.880000114440918,0.0041187998933380765,12.87786448655765,1.002135627883268
2023-08-31,433.8665466308594,13.569999694824219,-0.0014634309082703911,11.937299442044417,1.6327002527798022
2023-09-01,434.6758117675781,13.09000015258789,0.0018652397678571297,11.90413964722107,1.1858605053668203
2023-09-05,432.79718017578125,14.010000228881836,-0.004321914265616789,11.894139137923613,2.115861090958223
2023-09-06,429.8876953125,14.449999809265137,-0.006722513446366651,11.715062903837671,2.7349369054274657
2023-09-07,428.5678405761719,14.399999618530273,-0.0030702314830590716,11.669746491436339,2.7302531270939348
2023-09-08,429.2132873535156,13.84000015258789,0.0015060550891452529,11.45598784760462,2.384012304983271
2023-09-11,432.03607177734375,13.800000190734863,0.00657664733828045,11.680792296775074,2.119207893959789
2023-09-12,429.6661682128906,14.229999542236328,-0.005485429850113244,11.849525374897377,2.380474167338951
2023-09-13,430.1671447753906,13.479999542236328,0.0011659669752071,11.691806650539663,1.7881928916966654
2023-09-14,433.87615966796875,12.819999694824219,0.008622264479344999,11.280096589048846,1.5399031057753731
2023-09-15,428.64874267578125,13.789999961853027,-0.012048177517261727,11.814678550253072,1.9753214115999551
2023-09-18,428.90008544921875,14.0,0.0005863606921334696,11.431372516456186,2.568627483543814
2023-09-19,428.0106201171875,14.109999656677246,-0.0020738287592076965,11.479788147155775,2.6302115095214713
2023-09-20,424.0757751464844,15.140000343322754,-0.009193334898152217,11.791801509736409,3.348198833586345
2023-09-21,417.0664978027344,17.540000915527344,-0.016528360624534222,13.107583399604787,4.432417515922557
2023-09-22,416.1286926269531,17.200000762939453,-0.002248574701449235,12.406394751299107,4.793606011640346
2023-09-25,417.8786315917969,16.899999618530273,0.00420528311517443,11.633890184107292,5.266109434422981
2023-09-26,411.73944091796875,18.940000534057617,-0.014691324728528299,12.316888013205062,6.623112520852555
2023-09-27,411.90380859375,18.219999313354492,0.00039920313539743013,12.017564238683429,6.2024350746710635
2023-09-28,414.29168701171875,17.34000015258789,0.005797174894111912,10.877113561240666,6.462886591347225
2023-09-29,413.2863464355469,17.520000457763672,-0.0024266491645618116,10.643364343180462,6.87663611458321
2023-10-02,413.1219482421875,17.610000610351562,-0.00039778278372182285,10.661055838212636,6.948944772138926
2023-10-03,407.5919494628906,19.780000686645508,-0.01338587504930866,11.20392093542293,8.576079751222577
2023-10-04,410.5599365234375,18.579999923706055,0.007281760752286592,11.744027562357202,6.835972361348853
2023-10-05,410.4052734375,18.489999771118164,-0.0003767125629625667,11.66078972043368,6.829210050684484
2023-10-06,415.2779235839844,17.450000762939453,0.01187277664751174,12.626081910435499,4.8239188525039545
2023-10-09,417.9366455078125,17.700000762939453,0.006402271281079619,12.882743461476643,4.81725730146281
2023-10-10,420.1119384765625,17.030000686645508,0.005204839039914644,12.786331081730776,4.243669604914732
2023-10-11,421.8328552246094,16.09000015258789,0.0040963290743114555,12.821989290740031,3.268010861847859
2023-10-12,419.2610778808594,16.690000534057617,-0.006096673864771973,12.924907401634265,3.7650931324233525
2023-10-13,417.1728515625,19.31999969482422,-0.004980730214486528,12.474804008489075,6.845195686335144
2023-10-16,421.5621337890625,17.209999084472656,0.010521495370858114,12.596732481350385,4.6132666031222715
2023-10-17,421.5427551269531,17.8799991607666,-4.596869727169217e-05,12.590097795579766,5.289901365186836
2023-10-18,415.92572021484375,19.219999313354492,-0.013324947099180307,13.316569203119593,5.903430110234899
2023-10-19,412.2712097167969,21.399999618530273,-0.008786449888598336,13.28700663967893,8.112992978851343
2023-10-20,407.20513916015625,21.709999084472656,-0.012288198732384625,12.745227821192232,8.964771263280424
2023-10-23,406.4993896484375,20.3700008392334,-0.0017331547268149006,12.740666046672953,7.629334792560446
2023-10-24,409.56414794921875,18.969999313354492,0.0075393921339754755,12.965420558661089,6.004578754693403
2023-10-25,403.6860046386719,20.190000534057617,-0.014352192055823498,12.920503791746752,7.269496742310865
2023-10-26,398.85205078125,20.68000030517578,-0.011974539126637818,13.462342430854285,7.217657874321496
2023-10-27,397.0441589355469,21.270000457763672,-0.004532737996863601,13.23063432891763,8.039366128846043
2023-10-30,401.7911376953125,19.75,0.011955795477490483,14.081498164276555,5.668501835723445
2023-10-31,404.31439208984375,18.139999389648438,0.006280015057088528,14.323621123762006,3.8163782658864314
2023-11-01,408.6263427734375,16.8700008392334,0.01066484589209371,14.121993488206721,2.7480073510266774
2023-11-02,416.4574279785156,15.65999984741211,0.019164415959888492,15.417674336559417,0.24232551085269272
2023-11-03,420.25689697265625,14.90999984741211,0.00912330706306097,15.681165329279912,-0.7711654818678024
2023-11-06,421.2236633300781,14.890000343322754,0.002300417588351422,15.201743819151215,-0.31174347582846096
2023-11-07,422.4225158691406,14.8100004196167,0.0028461186856993947,15.083737595376675,-0.273737175759976
2023-11-08,422.7319030761719,14.449999809265137,0.000732411733296745,14.989159165280185,-0.5391593560150483
2023-11-09,419.4351501464844,15.289999961853027,-0.007798684948302714,15.178592284452751,0.11140767740027613
2023-11-10,425.98028564453125,14.170000076293945,0.015604642328524543,15.962725688545865,-1.7927256122519193
2023-11-13,425.5743103027344,14.760000228881836,-0.0009530378646105397,15.839267687746759,-1.0792674588649227
2023-11-14,433.8307800292969,14.15999984741211,0.0194007709739088,16.782566777017117,-2.622566929605007
2023-11-15,434.7491455078125,14.180000305175781,0.0021168748756221767,16.775483017609208,-2.5954827124334265
2023-11-16,435.28094482421875,14.319999694824219,0.001223232574235622,15.8864641119541,-1.5664644171298807
2023-11-17,435.8223876953125,13.800000190734863,0.0012438928869547006,15.38319551005852,-1.5831953193236572
2023-11-20,439.1771240234375,13.40999984741211,0.0076974850830067165,14.460991580753763,-1.0509917333416539
2023-11-21,438.2200012207031,13.350000381469727,-0.002179354867042904,14.482711228681719,-1.1327108472119924
2023-11-22,439.91192626953125,12.850000381469727,0.003860903299975238,14.413297684567855,-1.5632973030981283
2023-11-24,440.1826171875,12.460000038146973,0.0006153298008175767,12.941573959895964,-0.48157392174899094
2023-11-27,439.38983154296875,12.6899995803833,-0.0018010380546071847,11.77012976947385,0.9198698109094501
2023-11-28,439.8248291015625,12.6899995803833,0.0009900036991439265,11.376367112197386,1.313632468185915
2023-11-29,439.5154724121094,12.979999542236328,-0.0007033634051197835,11.232635801425493,1.747363740810835
2023-11-30,441.2460632324219,12.920000076293945,0.003937496923179573,11.210057705865859,1.7099423704280863
2023-12-01,443.8564147949219,12.630000114440918,0.005915863686980938,10.983101237485238,1.6468988769556798
2023-12-04,441.5264892578125,13.079999923706055,-0.005249277602951574,9.932904969545838,3.1470949541602167
2023-12-05,441.4394226074219,12.850000381469727,-0.00019719462480494165,9.708197994463307,3.14180238700642
2023-12-06,439.6605529785156,12.970000267028809,-0.004029702690346748,9.957705965146465,3.012294301882344
2023-12-07,443.0152893066406,13.0600004196167,0.007630287287313076,10.141473542349278,2.9185268772674213
2023-12-08,444.919921875,12.350000381469727,0.0042992479364318825,10.147784314720116,2.2022160667496102
2023-12-11,446.65045166015625,12.630000114440918,0.003889530902242866,9.44245768894986,3.187542425491058
2023-12-12,448.6903381347656,12.069999694824219,0.004567075812925481,8.292247083102119,3.7777526117221
2023-12-13,454.8779296875,12.1899995803833,0.013790338295352145,9.058479069732131,3.1315205106511694
2023-12-14,456.33782958984375,12.479999542236328,0.003209432260973255,6.883111683634967,5.596887858601361
2023-12-15,455.5863952636719,12.279999732971191,-0.0016466623572436445,7.026004433478465,5.253995299492726
2023-12-18,458.149169921875,12.5600004196167,0.005625222098039062,7.110618499395622,5.449381920221077
2023-12-19,460.9350891113281,12.529999732971191,0.006080812478451492,7.203982321982642,5.326017410988549
2023-12-20,454.54779052734375,13.670000076293945,-0.013857262627366751,8.966719848984345,4.7032802273096
2023-12-21,458.8577575683594,13.649999618530273,0.009481878761340878,9.244104001519817,4.405895617010456
2023-12-22,459.7799072265625,13.029999732971191,0.002009663437074538,9.224669023252313,3.805330709718879
2023-12-26,461.7213439941406,12.989999771118164,0.004222535037011754,9.235071746199827,3.754928024918337
2023-12-27,462.55615234375,12.430000305175781,0.0018080349987459332,9.117324846683776,3.3126754584920057
2023-12-28,462.73089599609375,12.470000267028809,0.0003777782469400748,9.132262601299445,3.337737665729364
2023-12-29,461.3913269042969,12.449999809265137,-0.00289492035951755,9.25788881319501,3.1921109960701273
2024-01-02,458.8092346191406,13.199999809265137,-0.005596317344066182,9.631110536677115,3.568889272588022
2024-01-03,455.0622863769531,14.039999961853027,-0.008166680091558853,10.110717261005421,3.9292827008476063
2024-01-04,453.596435546875,14.130000114440918,-0.003221209214564258,9.970976594678987,4.159023519761931
2024-01-05,454.2177734375,13.350000381469727,0.0013698032919413627,9.956017020247657,3.3939833612220696
2024-01-08,460.7021789550781,13.079999923706055,0.01427598367299554,10.695127450578585,2.3848724731274693
2024-01-09,460.003173828125,12.760000228881836,-0.0015172603015217723,10.584187591442792,2.1758126374390443
2024-01-10,462.6047058105469,12.6899995803833,0.005655465289015282,10.634609030096314,2.0553905502869867
2024-01-11,462.40087890625,12.4399995803833,-0.000440607070651744,10.637258116601709,1.802741463781592
2024-01-12,462.72119140625,12.699999809265137,0.0006927160276115618,10.589001209762307,2.11099859950283
2024-01-16,461.0224609375,13.84000015258789,-0.0036711749975992802,9.725416997730397,4.114583154857494
2024-01-17,458.4597473144531,14.789999961853027,-0.0055587608851758175,9.908061880787304,4.881938081065723
2024-01-18,462.5367431640625,14.130000114440918,0.008892810925040795,10.319392450287138,3.81060766415378
2024-01-19,468.3028259277344,13.300000190734863,0.012466215601009356,10.97839723029741,2.3216029604374526
2024-01-22,469.29296875,13.1899995803833,0.0021143216898256156,10.835206788021214,2.354792792362087
2024-01-23,470.6616516113281,12.550000190734863,0.002916478516551635,9.427513070959586,3.1224871197752773
2024-01-24,471.1761779785156,13.140000343322754,0.0010931979808126435,8.990176277708919,4.149824065613835
2024-01-25,473.73883056640625,13.449999809265137,0.005438841579141762,9.103134545013027,4.346865264252109
2024-01-26,473.13702392578125,13.260000228881836,-0.001270334204830692,9.090500302971419,4.169499925910417
2024-01-29,476.8839416503906,13.600000381469727,0.007919307801194542,9.385481294512637,4.21451908695709
2024-01-30,476.5151062011719,13.3100004196167,-0.0007734281174205382,9.41080380739366,3.8991966122230384
2024-01-31,468.7395935058594,14.350000381469727,-0.016317452676998467,11.16972187023652,3.1802785112332064
2024-02-01,474.8746032714844,13.880000114440918,0.013088311400663244,11.689780892168624,2.190219222272294
2024-02-02,479.873779296875,13.850000381469727,0.010527360256687768,11.500702478230085,2.3492979032396413
2024-02-05,478.12652587890625,13.670000076293945,-0.003641068742136433,11.528165064727594,2.141835011566352
2024-02-06,479.5146179199219,13.0600004196167,0.0029031897748488245,11.520851602384566,1.5391488172321335
2024-02-07,483.5139465332031,12.829999923706055,0.008340368497273154,10.931925099527627,1.898074824178428
2024-02-08,483.7275085449219,12.789999961853027,0.0004416873871995186,10.865999527938298,1.9240004339147294
2024-02-09,486.523193359375,12.930000305175781,0.005779462124994028,10.870735660791745,2.0592646443840366
2024-02-12,486.30963134765625,13.930000305175781,-0.00043895545913064105,10.870680803202186,3.0593195019735955
2024-02-13,479.6116638183594,15.850000381469727,-0.013773051359759259,12.231135480670085,3.6188649007996414
2024-02-14,483.97027587890625,14.380000114440918,0.009087794124618354,12.318558775583993,2.061441338856925
2024-02-15,487.3094482421875,14.010000228881836,0.006899540177787156,12.064804612614804,1.945195616267032
2024-02-16,484.8826904296875,14.239999771118164,-0.004979911268401915,12.158768692276704,2.0812310788414603
2024-02-20,482.2131652832031,15.420000076293945,-0.00550550720653431,11.851116860363407,3.568883215930539
2024-02-21,482.6500244140625,15.34000015258789,0.0009059460883917847,11.84960760120039,3.490392551387501
2024-02-22,492.6387023925781,14.539999961853027,0.02069548839377333,13.612510550670287,0.9274894111827408
2024-02-23,492.97845458984375,13.75,0.0006896579493562704,13.617400890101896,0.13259910989810386
2024-02-26,491.1728820800781,13.739999771118164,-0.0036625789483393234,13.708591428510019,0.03140834260814529
2024-02-27,492.08538818359375,13.430000305175781,0.0018578104305173593,13.66428125589685,-0.23428095072106814
2024-02-28,491.4350280761719,13.84000015258789,-0.00132164076202812,13.526222174439345,0.31377797814854524
2024-02-29,493.2016906738281,13.399999618530273,0.0035949057285806774,13.519706629095255,-0.11970701056498179
2024-03-01,497.83203125,13.109999656677246,0.009388330704717784,12.06339605590187,1.0466036007753754
2024-03-04,497.2981262207031,13.489999771118164,-0.0010724601789007249,11.542434646701516,1.9475651244166485
2024-03-05,492.32806396484375,14.460000038146973,-0.009994130268758838,11.867034387738272,2.5929656504087006
2024-03-06,494.82281494140625,14.5,0.0050672532385653835,11.798263165843895,2.7017368341561045
2024-03-07,499.734619140625,14.4399995803833,0.009926389913529787,12.13732543796809,2.30267414241521
2024-03-08,496.7351379394531,14.739999771118164,-0.006002148112792316,12.209457460509537,2.5305423106086273
2024-03-11,496.3080139160156,15.220000267028809,-0.0008598627131740644,12.22947618423845,2.9905240827903583
2024-03-12,501.64697265625,13.84000015258789,0.010757349449404208,12.57829726787764,1.2617028847102514
2024-03-13,500.8606262207031,13.75,-0.0015675295145969326,12.60613329249504,1.1438667075049604
2024-03-14,499.8705139160156,14.399999618530273,-0.001976821999681855,11.419500156391415,2.9804994621388587
2024-03-15,496.4381103515625,14.40999984741211,-0.0068665853834095625,11.50824662398947,2.9017532234226397
2024-03-18,499.38848876953125,14.329999923706055,0.005943094126837689,11.453587405187099,2.876412518518956
2024-03-19,502.1636657714844,13.819999694824219,0.005557150523815668,11.319081021053574,2.500918673770645
2024-03-20,506.808349609375,13.039999961853027,0.009249342703349317,11.290722772836933,1.7492771890160945
2024-03-21,508.4831848144531,12.920000076293945,0.003304671689740246,11.281417614911387,1.6385824613825584
2024-03-22,507.51922607421875,13.0600004196167,-0.001895753427099356,9.218655226070469,3.84134519354623
2024-03-25,506.1170349121094,13.1899995803833,-0.002762833583577984,9.330684194622261,3.8593153857610396
2024-03-26,505.1822204589844,13.239999771118164,-0.001847032185524733,9.230417210746708,4.009582560371456
2024-03-27,509.4277648925781,12.779999732971191,0.008403986248242123,9.548320363319638,3.2316793696515536
2024-03-28,509.3304138183594,13.010000228881836,-0.0001910988778541789,9.511681761258542,3.498318467623294
2024-04-01,508.4442443847656,13.649999618530273,-0.0017398714263895387,9.558715118504441,4.091284500025832
2024-04-02,505.21148681640625,14.609999656677246,-0.006358135831139422,9.470649412275947,5.1393502444012995
2024-04-03,505.7664794921875,14.329999923706055,0.0010985353466099745,9.448773533138976,4.881226390567079
2024-04-04,499.5931091308594,16.350000381469727,-0.012205969773889436,9.792583777132581,6.557416604337146
2024-04-05,504.8121643066406,16.030000686645508,0.010446611613320389,10.259915635121338,5.77008505152417
2024-04-08,505.0945739746094,15.1899995803833,0.0005594351482329785,9.729245866213148,5.460753714170153
2024-04-09,505.6789245605469,14.979999542236328,0.0011569132119935155,9.435630044671452,5.544369497564876
2024-04-10,500.615478515625,15.800000190734863,-0.01001316408296471,10.152248414428625,5.647751776306238
2024-04-11,504.39349365234375,14.90999984741211,0.007546740560081977,9.795426676856932,5.114573170555177
2024-04-12,497.43133544921875,17.309999465942383,-0.013803029362475683,10.93646312147509,6.3735363444672934
2024-04-15,491.199462890625,19.229999542236328,-0.012528106121352134,11.722305250784139,7.507694291452189
2024-04-16,490.3035888671875,18.399999618530273,-0.0018238497618979777,11.522304097539806,6.877695520990468
2024-04-17,487.40191650390625,18.209999084472656,-0.005918113652778612,11.409991750604629,6.800007333868027
2024-04-18,486.3989562988281,18.0,-0.002057768283457495,11.149480318986216,6.850519681013784
2024-04-19,482.15350341796875,18.709999084472656,-0.008728334684688588,10.696831348355156,8.0131677361175
2024-04-22,486.59368896484375,16.940000534057617,0.009209070379865958,11.270301798524578,5.669698735533039
2024-04-23,492.3678894042969,15.6899995803833,0.01186657486605891,12.261696418557296,3.4283031618260047
2024-04-24,492.13421630859375,15.970000267028809,-0.0004745904449330318,12.255595168655068,3.7144050983737404
2024-04-25,490.2646484375,15.369999885559082,-0.003798898367841641,12.28509199491903,3.0849078906400518
2024-04-26,494.9093933105469,15.029999732971191,0.009473954297642972,12.397730856259374,2.6322688767118176
2024-04-29,496.6621398925781,14.670000076293945,0.0035415504448335078,12.50850704646997,2.1614930298239745
2024-04-30,488.79437255859375,15.649999618530273,-0.01584128666559137,13.503818616017238,2.1461810025130355
2024-05-01,487.2071533203125,15.390000343322754,-0.003247212585474224,13.415397743771825,1.9746025995509289
2024-05-02,491.76422119140625,14.680000305175781,0.009353450252192363,13.926808523024322,0.7531917821514593
2024-05-03,497.8598327636719,13.489999771118164,0.012395394600887455,14.105569373627164,-0.6155696025089998
2024-05-06,503.0011291503906,13.489999771118164,0.01032679490968147,14.09430832204484,-0.6043085509266763
2024-05-07,503.55609130859375,13.229999542236328,0.0011033020127420023,14.098936067229367,-0.868936524993039
2024-05-08,503.6048278808594,13.0,9.678479340591295e-05,14.091736315280286,-1.0917363152802864
2024-05-09,506.5064697265625,12.6899995803833,0.005761743504153927,13.757262493866316,-1.067262913483015
2024-05-10,507.1589660644531,12.550000190734863,0.0012882290294196075,13.527585842861786,-0.9775856521269226
2024-05-13,507.22705078125,13.600000381469727,0.00013424729000699465,12.521588557801078,1.0784118236686489
2024-05-14,509.5542907714844,13.420000076293945,0.0045881622177876835,11.56604914657265,1.8539509297212948
2024-05-15,515.8641357421875,12.449999809265137,0.012383067094086764,12.046321930202712,0.4036778790624247
2024-05-16,514.8026733398438,12.420000076293945,-0.002057639461244154,11.779692200287357,0.6403078760065881
2024-05-17,515.5428466796875,11.989999771118164,0.0014377806840857321,11.665951565454439,0.3240482056637255
2024-05-20,516.13671875,12.149999618530273,0.0011519354291060768,10.913467977470313,1.23653164105996
2024-05-21,517.402587890625,11.859999656677246,0.002452584934648172,10.699137672490764,1.1608619841864822
2024-05-22,515.912841796875,12.289999961853027,-0.0028792783967770408,10.364761864039274,1.9252380978137538
2024-05-23,512.1445922851562,12.770000457763672,-0.007304042866221883,10.849397589512675,1.920602868250997
2024-05-24,515.5330810546875,11.930000305175781,0.0066162736472761274,10.756927706484918,1.1730725986908634
2024-05-28,515.8932495117188,12.920000076293945,0.0006986330659797257,10.456988577540088,2.4630114987538576
2024-05-29,512.2807006835938,14.279999732971191,-0.007002512305683828,10.890081800727131,3.3899179322440602
2024-05-30,508.8824157714844,14.470000267028809,-0.006633638369695882,9.40930019705168,5.060700069977129
2024-05-31,513.5173950195312,12.920000076293945,0.009108153680295716,9.524397139454024,3.3956029368399214
2024-06-03,513.93603515625,13.109999656677246,0.0008152404198553675,9.207030044714895,3.9029696119623516
2024-06-04,514.5105590820312,13.15999984741211,0.0011178899444297397,8.415702151892711,4.744297695519398
2024-06-05,520.6255493164062,12.630000114440918,0.011885062660881296,8.6342171005279,3.9957830139130177
2024-06-06,520.615966796875,12.579999923706055,-1.8405780399799454e-05,8.651978672854927,3.9280212508511276
2024-06-07,519.9830322265625,12.220000267028809,-0.0012157417572239426,8.692600004646135,3.527400262382674
2024-06-10,521.589599609375,12.739999771118164,0.0030896534756781335,8.577582890849856,4.162416880268308
2024-06-11,522.8458251953125,12.850000381469727,0.0024084559716648357,8.584318722662955,4.265681658806772
2024-06-12,527.139892578125,12.039999961853027,0.00821287495450207,8.877613125209248,3.1623868366437797
2024-06-13,528.2012939453125,11.9399995803833,0.002013509852188289,8.822191377691285,3.117808202692016
2024-06-14,528.522705078125,12.65999984741211,0.0006085012219712027,7.927871301900772,4.732128545511338
2024-06-17,532.7291259765625,12.75,0.007958827233005561,8.17015477040341,4.5798452295965895
2024-06-18,534.0826416015625,12.300000190734863,0.002540720150261855,8.175580649430007,4.1244195413048566
2024-06-20,532.6317749023438,13.279999732971191,-0.002716558424119553,8.316654320733548,4.9633454122376435
2024-06-21,531.9176025390625,13.199999809265137,-0.0013408369476496373,8.366277035803895,4.833722773461242
2024-06-24,530.1886596679688,13.329999923706055,-0.003250396044125581,8.390764177052683,4.939235746653372
2024-06-25,532.2302856445312,12.84000015258789,0.003850753763464221,7.81737685074093,5.022623301846961
2024-06-26,532.8945922851562,12.550000190734863,0.0012481564062454265,7.6233235687293455,4.926676622005518
2024-06-27,533.7346801757812,12.239999771118164,0.001576461654494432,7.616460674779946,4.623539096338218
2024-06-28,531.6343383789062,12.4399995803833,-0.003935179546855183,7.243333416928009,5.1966661634552915
2024-07-01,532.7285766601562,12.220000267028809,0.002058253581938674,6.565727691994685,5.654272575034123
2024-07-02,536.3135986328125,12.029999732971191,0.006729546958287536,6.296160303781526,5.733839429189666
2024-07-03,538.7070922851562,12.09000015258789,0.004462862135969248,6.330685222961971,5.75931492962592
2024-07-05,541.8134155273438,12.479999542236328,0.0057662564437581665,6.42980502827333,6.050194513962998
2024-07-08,542.4386596679688,12.369999885559082,0.001153984236467176,5.450567915825858,6.919431969733224
2024-07-09,542.9662475585938,12.510000228881836,0.000972622214920893,5.415899361043332,7.094100867838504
2024-07-10,548.3390502929688,12.850000381469727,0.009895279418441483,5.925946341363019,6.924054040106707
2024-07-11,543.61083984375,12.920000076293945,-0.008622786297442286,7.067614380178129,5.8523856961158165
2024-07-12,547.0397338867188,12.460000038146973,0.0063076263231880425,7.224684378151018,5.235315659995955
2024-07-15,548.5440063476562,13.119999885559082,0.002749841314541479,6.888620145593473,6.231379739965609
2024-07-16,551.7969970703125,13.1899995803833,0.005930227447594305,7.028514378903086,6.161485201480215
2024-07-17,544.0602416992188,14.479999542236328,-0.014021017533931812,8.975188689530771,5.504810852705557
2024-07-18,539.879150390625,15.930000305175781,-0.007684978589016733,9.167822146568772,6.762178158607009
2024-07-19,536.2940673828125,16.520000457763672,-0.006640528727991368,9.475873950061475,7.044126507702197
2024-07-22,541.8232421875,14.90999984741211,0.010309968244979206,10.026745473977329,4.883254373434781
2024-07-23,540.9732666015625,14.720000267028809,-0.0015687322354536182,10.033282762016075,4.686717505012734
2024-07-24,528.7135009765625,18.040000915527344,-0.02266242415640396,12.876861607688145,5.163139307839199
2024-07-25,525.958740234375,18.459999084472656,-0.0052103090560375875,12.90899749533336,5.551001589139297
2024-07-26,531.8493041992188,16.389999389648438,0.01119966931668226,13.527450210085364,2.8625491795630733
2024-07-29,532.1619262695312,16.600000381469727,0.0005878019729350648,13.51672324612948,3.0832771353402464
2024-07-30,529.4656982421875,17.690000534057617,-0.00506655567459402,13.562713146484581,4.127287387573036
2024-07-31,538.0719604492188,16.360000610351562,0.016254617127424487,14.69919170163373,1.6608089087178328
2024-08-01,530.452392578125,18.59000015258789,-0.014160871465467961,15.353391412086504,3.236608740501387
2024-08-02,520.5762329101562,23.389999389648438,-0.018618371424376612,16.459490624532844,6.930508765115594
2024-08-05,505.41510009765625,38.56999969482422,-0.029123751439333545,18.77294536379399,19.79705433103023
2024-08-06,510.07489013671875,27.709999084472656,0.009219728571944419,19.21351692525178,8.496482159220875
2024-08-07,506.6654052734375,27.850000381469727,-0.006684282894943938,19.204407163143166,8.64559321832656
2024-08-08,518.3781127929688,23.790000915527344,0.023117243446313607,20.820310795506323,2.9696901200210206
2024-08-09,520.6640625,20.3700008392334,0.004409811391755669,20.833959737127504,-0.4639588978941056
2024-08-12,520.9376220703125,20.709999084472656,0.0005254051316678776,20.639900587279975,0.07009849719268146
2024-08-13,529.5047607421875,18.1200008392334,0.016445613272904724,21.581288974782648,-3.4612881355492497
2024-08-14,531.1752319335938,16.190000534057617,0.0031547803065354874,21.480571246460837,-5.29057071240322
2024-08-15,540.27978515625,15.229999542236328,0.017140394874048726,21.94036035357956,-6.710360811343232
2024-08-16,541.4910888671875,14.800000190734863,0.002241993397156694,21.784910565373938,-6.984910374639075
2024-08-19,546.6685180664062,14.649999618530273,0.009561430105987645,21.86373930854239,-7.213739690012115
2024-08-20,545.7794799804688,15.880000114440918,-0.0016262836738469844,21.613113723059186,-5.733113608618268
2024-08-21,547.6551513671875,16.270000457763672,0.003436683597532575,21.624190979025908,-5.354190521262236
2024-08-22,543.3568115234375,17.549999237060547,-0.007848624874648658,20.169900127547795,-2.619900890487248
2024-08-23,549.1303100585938,15.859999656677246,0.010625611776115873,20.263833423230892,-4.403833766553646
2024-08-26,547.8211669921875,16.149999618530273,-0.0023840298785666736,20.043172654301713,-3.89317303577144
2024-08-27,548.5734252929688,15.430000305175781,0.0013731822465194998,20.040583799283823,-4.610583494108042
2024-08-28,545.3888549804688,17.110000610351562,-0.005805185168784366,20.072795206841278,-2.962794596489715
2024-08-29,545.4375,15.649999618530273,8.919327757994644e-05,19.342244481842016,-3.6922448633117426
2024-08-30,550.6444091796875,15.0,0.00954629848458799,18.779596237168207,-3.7795962371682066
2024-09-03,539.312744140625,20.719999313354492,-0.020578915993978097,19.05900782554085,1.660991487813643
2024-09-04,538.208740234375,21.31999969482422,-0.002047056959518345,15.509149686392536,5.810850008431682
2024-09-05,536.8997192382812,19.899999618530273,-0.0024321808589056193,15.449613207274973,4.4503864112553
2024-09-06,527.8637084960938,22.3799991607666,-0.016829978520024547,16.56789888917454,5.812100271592062
2024-09-09,533.7738037109375,19.450000762939453,0.011196252213818259,15.10386997072575,4.346130792213703
2024-09-10,536.0987548828125,19.079999923706055,0.004355686164647432,15.102539624309783,3.977460299396272
2024-09-11,541.5985107421875,17.690000534057617,0.010258848410452215,15.402071236031503,2.287929298026114
2024-09-12,546.1605224609375,17.06999969482422,0.008423235345493163,14.681223070846453,2.3887766239777655
2024-09-13,549.012939453125,16.559999465942383,0.00522267149470057,14.727696822454112,1.832302643488271
2024-09-16,549.8237915039062,17.139999389648438,0.0014769270312444682,13.603874853002193,3.536124536646245
2024-09-17,550.0484619140625,17.610000610351562,0.00040862256895390914,13.595387953108146,4.014612657243417
2024-09-18,548.4171142578125,18.229999542236328,-0.0029658253212330177,13.264651596533403,4.965347945702925
2024-09-19,557.7755737304688,16.329999923706055,0.017064492025055333,14.4685465184282,1.8614534052778549
2024-09-20,556.8113403320312,16.149999618530273,-0.001728712126973564,14.472978834234526,1.6770207842957472
2024-09-23,558.2027587890625,15.890000343322754,0.0024989046670664816,14.131053470579975,1.7589468727427793
2024-09-24,559.7998657226562,15.390000343322754,0.00286115915488927,13.737459876645698,1.6525404666770562
2024-09-25,558.5653686523438,15.40999984741211,-0.0022052471711812016,13.732127134189975,1.6778727132221345
2024-09-26,560.77978515625,15.369999885559082,0.003964471534010361,13.7712092296284,1.5987906559306815
2024-09-27,559.9664916992188,16.959999084472656,-0.0014502902539623719,13.577963369382678,3.3820357150899785
2024-09-30,562.2103881835938,16.729999542236328,0.004007197783506555,13.602050087979912,3.1279494542564166
2024-10-01,557.1738891601562,19.260000228881836,-0.00895838840635721,13.72896728753094,5.531032941350896
2024-10-02,557.4090576171875,18.899999618530273,0.0004220737216988901,11.372777768750126,7.5272218497801475
2024-10-03,556.3899536132812,20.489999771118164,-0.0018282874847113106,11.364194008959442,9.125805762158722
2024-10-04,561.4461059570312,19.209999084472656,0.00908742566416687,11.547360731406215,7.662638353066441
2024-10-07,556.370361328125,22.639999389648438,-0.00904048416232972,10.166298313345052,12.473701076303385
2024-10-08,561.63232421875,21.420000076293945,0.00945766211928345,9.995909622351046,11.424090453942899
2024-10-09,565.5224609375,20.860000610351562,0.006926482951566726,10.097004792895662,10.7629958174559
2024-10-10,564.53271484375,20.93000030517578,-0.0017501446222122352,9.796797899458296,11.133202405717485
2024-10-11,567.9132080078125,20.459999084472656,0.005988126241714964,9.630374787548309,10.829624296924347
2024-10-14,572.557861328125,19.700000762939453,0.008178456240884868,9.812394385572933,9.88760637736652
2024-10-15,568.109375,20.639999389648438,-0.0077694965497567825,10.383037243229424,10.256962146419013
2024-10-16,570.5784912109375,19.579999923706055,0.004346198671580703,10.416632803821425,9.16336711988463
2024-10-17,570.6275634765625,19.110000610351562,8.60044084747269e-05,10.294857541414828,8.815143068936734
2024-10-18,572.8224487304688,18.030000686645508,0.003846440996529976,8.74521752070183,9.284783165943677
2024-10-21,571.8817749023438,18.3700008392334,-0.001642173469649788,8.741513204034659,9.62848763519874
2024-10-22,571.5780029296875,18.200000762939453,-0.00053117967032279,8.751594239255772,9.448406523683682
2024-10-23,566.3552856445312,19.239999771118164,-0.009137365781024864,9.416478769714363,9.823521001403801
2024-10-24,567.5802001953125,19.079999923706055,0.0021628023642212835,9.375679472098785,9.70432045160727
2024-10-25,567.3840942382812,20.329999923706055,-0.00034551232929502795,9.309834978771264,11.020164944934791
2024-10-28,569.1381225585938,19.799999237060547,0.0030914301936280086,9.318335809882644,10.481663427177903
2024-10-29,570.0592041015625,19.34000015258789,0.0016183796278272933,9.250928017016529,10.089072135571362
2024-10-30,568.3345947265625,20.350000381469727,-0.0030253162524023214,8.683216034900806,11.666784346568921
2024-10-31,557.1934204101562,23.15999984741211,-0.0196031957578906,11.235201138956622,11.924798708455487
2024-11-01,559.5452880859375,21.8799991607666,0.004220917888890341,11.305990050876751,10.57400910988985
2024-11-04,558.3399658203125,21.979999542236328,-0.0021541102950720648,10.866384338660566,11.113615203575762
2024-11-05,565.0912475585938,20.489999771118164,0.012091704251122826,11.171860381786972,9.318139389331192
2024-11-06,579.1425170898438,16.270000457763672,0.024865487816271736,13.676690562219648,2.5933098955440244
2024-11-07,583.6206665039062,15.199999809265137,0.007732378960130459,13.719773733435398,1.480226075829739
2024-11-08,586.148681640625,14.9399995803833,0.004331606609927707,13.697932543511529,1.242067036871772
2024-11-11,586.7072143554688,14.970000267028809,0.0009528857307679051,13.615979206030618,1.3540210609981909
2024-11-12,584.8846435546875,14.710000038146973,-0.00310644007127725,13.488164070273701,1.2218359678732718
2024-11-13,585.1688232421875,14.020000457763672,0.0004858730531422939,13.105833656387707,0.9141668013759645
2024-11-14,581.4061279296875,14.3100004196167,-0.006430102156933848,13.334624674357162,0.9753757452595373
2024-11-15,573.9591064453125,16.139999389648438,-0.012808639480448747,14.15995561328414,1.9800437763642975
2024-11-18,576.310791015625,15.579999923706055,0.0040973033512390344,14.168102921251382,1.4118970024546726
2024-11-19,578.41748046875,16.350000381469727,0.0036554745910837294,14.19415743459431,2.155842946875417
2024-11-20,578.6134033203125,17.15999984741211,0.00033872221739161823,14.18878036557005,2.971219481842059
2024-11-21,581.7196044921875,16.8700008392334,0.005368353297815709,13.816708404562887,3.053292434670512
2024-11-22,583.5225830078125,15.239999771118164,0.003099394453447868,13.827784997420261,1.4122147736979027
2024-11-25,585.501953125,14.600000381469727,0.0033921054211556445,13.83045066923799,0.7695497122317363
2024-11-26,588.5592041015625,14.100000381469727,0.005221589715021402,13.88027012153967,0.21973025993005635
2024-11-27,586.7758178710938,14.100000381469727,-0.0030300880829671195,13.974078898722603,0.125921482747124
2024-11-29,590.4208984375,13.510000228881836,0.006212049739253267,13.970691790542725,-0.4606915616608891
2024-12-02,591.4791259765625,13.34000015258789,0.0017923273750353186,11.59407036021498,1.7459297923729107
2024-12-03,591.7535400390625,13.300000190734863,0.00046394547237316175,11.61205873904141,1.6879414516934528
2024-12-04,595.4281005859375,13.449999809265137,0.0062096131214228745,11.533264549794186,1.9167352594709506
2024-12-05,594.4481811523438,13.539999961853027,-0.0016457393136626308,11.158286613205556,2.3817133486474713
2024-12-06,595.5750122070312,12.770000457763672,0.0018955917276137768,7.615887543168689,5.154112914594982
2024-12-09,592.5079956054688,14.1899995803833,-0.005149673070058869,7.56158822960454,6.6284113507787605
2024-12-10,590.6658935546875,14.180000305175781,-0.003108991042220177,7.554431510717436,6.625568794458346
2024-12-11,595.232177734375,13.579999923706055,0.007730739542463061,7.972873156697659,5.6071267670083955
2024-12-12,592.1651000976562,13.920000076293945,-0.005152741655185644,8.125985500094872,5.794014576199073
2024-12-13,592.0474243164062,13.8100004196167,-0.0001987212370850866,8.13067490701414,5.67932551260256
2024-12-16,594.5755004882812,14.6899995803833,0.004270056870518513,7.808583231423951,6.88141634895935
2024-12-17,592.1259155273438,15.869999885559082,-0.004119888826441431,6.294923882682915,9.575076002876166
2024-12-18,574.4784545898438,27.6200008392334,-0.029803561159425507,12.461339455752455,15.158661383480943
2024-12-19,574.3020629882812,24.09000015258789,-0.00030704650479618234,12.385365323547179,11.704634829040712
2024-12-20,581.2000122070312,18.360000610351562,0.012011012432826318,13.101763064059114,5.258237546292449
2024-12-23,584.6803588867188,16.780000686645508,0.005988208201289202,13.13402251989465,3.645978166750858
2024-12-24,591.1790771484375,14.270000457763672,0.011114993282984376,13.635177720348398,0.6348227374152735
2024-12-26,591.2184448242188,14.729999542236328,6.659179477574995e-05,13.59972830083198,1.1302712414043476
2024-12-27,584.9950561523438,15.949999809265137,-0.010526377731204462,13.998833802450882,1.9511660068142547
2024-12-30,578.3192749023438,17.399999618530273,-0.011411688320766777,14.500541462329661,2.8994581562006125
2024-12-31,576.2152709960938,17.350000381469727,-0.00363813553785719,14.313394399268967,3.0366059822007596
2025-01-02,574.799560546875,17.93000030517578,-0.002456912408398071,14.28010733392939,3.6498929712463912
2025-01-03,581.9864501953125,16.1299991607666,0.012503297047756545,15.057701183265685,1.0722979775009165
2025-01-06,585.339111328125,16.040000915527344,0.005760720256781537,15.032344401484604,1.0076565140427398
2025-01-07,578.7223510742188,17.81999969482422,-0.011304148528351265,15.46919788149918,2.350801813325038
2025-01-08,579.56787109375,17.700000762939453,0.0014610115160782478,15.458862013869961,2.241138749069492
2025-01-10,570.7192993164062,19.540000915527344,-0.015267533310024395,16.161725312099012,3.3782756034283317
2025-01-13,571.604248046875,19.190000534057617,0.0015505849049237685,16.192308014992154,2.9976925190654633
2025-01-14,572.3906860351562,18.709999084472656,0.001375843498309326,15.881973447374643,2.8280256370980137
2025-01-15,582.802490234375,16.1200008392334,0.018190030783588274,17.262122169225783,-1.142121329992385
2025-01-16,581.6817016601562,16.600000381469727,-0.0019231018964384061,17.26612262983825,-0.6661222483685236
2025-01-17,587.5218505859375,15.970000267028809,0.01004011112798131,17.591566879126066,-1.6215666120972578
2025-01-21,592.8995361328125,15.0600004196167,0.009153166884792174,17.84733824019,-2.787337820573299
2025-01-22,596.232666015625,15.100000381469727,0.0056217447976985024,14.211423906187537,0.8885764752821892
2025-01-23,599.4869384765625,15.020000457763672,0.005458057980426423,14.243518179830877,0.7764822779327947
2025-01-24,597.73681640625,14.850000381469727,-0.0029193664748725645,13.866450028709714,0.9835503527600125
2025-01-27,589.2816162109375,17.899999618530273,-0.014145356222404648,14.748107923664062,3.1518916948662117
2025-01-28,594.3449096679688,16.40999984741211,0.008592315317060173,14.541934675555318,1.8680651718567916
2025-01-29,591.6804809570312,16.559999465942383,-0.004482967158625062,14.636009625393207,1.9239898405491758
2025-01-30,594.8561401367188,15.84000015258789,0.0053671859760371365,14.214579816857603,1.625420335730288
2025-01-31,591.6903076171875,16.43000030517578,-0.005322013686878346,13.700780025366525,2.7292202798092564
2025-02-03,587.70849609375,18.6200008392334,-0.0067295534034903515,13.876904160072828,4.743096679160571
2025-02-04,591.6510009765625,17.209999084472656,0.006708265932884538,13.954096382177259,3.2559027022953977
2025-02-05,594.0499267578125,15.770000457763672,0.004054629802519472,13.40417845756012,2.3658220002035524
2025-02-06,596.1146240234375,15.5,0.0034756291897781733,13.32530452699267,2.174695473007329
2025-02-07,590.6580810546875,16.540000915527344,-0.009153513013858694,13.095922994463749,3.4440779210635952
2025-02-10,594.6693115234375,15.8100004196167,0.006791120950360163,13.248581246081581,2.5614191735351177
2025-02-11,595.1216430664062,16.020000457763672,0.0007606438304508245,11.815311438343928,4.204689019419744
2025-02-12,593.2044677734375,15.890000343322754,-0.003221484742329972,11.954132819049708,3.9358675242730463
2025-02-13,599.46728515625,15.100000381469727,0.010557603192571374,12.330791087380021,2.7692092940897055
2025-02-14,599.4376831054688,14.770000457763672,-4.93805942612946e-05,10.891344885477858,3.8786555722858136
2025-02-18,601.1976318359375,15.350000381469727,0.002935999487638341,10.836524381958377,4.51347599951135
2025-02-19,602.6133422851562,15.270000457763672,0.0023548170755354203,10.400101627232344,4.869898830531328
2025-02-20,600.1062622070312,15.65999984741211,-0.004160346116164559,10.141312297975283,5.518687549436827
2025-02-21,589.842041015625,18.209999084472656,-0.01710400613660845,11.663340480651131,6.546658603821525
2025-02-24,587.157958984375,18.979999542236328,-0.004550509873166075,11.535126093904692,7.444873448331636
2025-02-25,584.2379150390625,19.43000030517578,-0.004973182941032439,11.600751176674247,7.829249128501534
2025-02-26,584.5328979492188,19.100000381469727,0.0005049020314549235,10.584406531866875,8.515593849602851
2025-02-27,575.2025756835938,21.1299991607666,-0.015962013940292508,11.356082340940524,9.773916819826077
2025-02-28,584.1788940429688,19.6299991607666,0.01560549055036331,12.745736392471319,6.884262768295283
2025-03-03,573.944091796875,22.780000686645508,-0.017519979496795957,13.821396262713915,8.958604423931593
2025-03-04,567.1504516601562,23.510000228881836,-0.011836762907428078,14.217078389364108,9.292921839517728
2025-03-05,573.2460327148438,21.93000030517578,0.010747731993943743,14.75965094430448,7.170349360871301
2025-03-06,563.0703125,24.8700008392334,-0.017751052138385348,15.53176933316026,9.338231506073138
2025-03-07,566.2262573242188,23.3700008392334,0.005604885844907148,15.620831765126553,7.749169074106845
2025-03-10,551.14453125,27.860000610351562,-0.026635511651277977,17.591951178993234,10.268049431358328
2025-03-11,546.5628051757812,26.920000076293945,-0.008313111741900747,17.56132224078599,9.358677835507955
2025-03-12,549.4632568359375,24.229999542236328,0.0053067124815113775,17.45756280236183,6.772436739874497
2025-03-13,542.138671875,24.65999984741211,-0.013330436330021067,17.684858919128747,6.975140928283363
2025-03-14,553.3369750976562,21.770000457763672,0.0206557912275962,19.699885251633393,2.0701152061302786
2025-03-17,557.6039428710938,20.510000228881836,0.00771133679017999,19.472173208980458,1.0378270199013784
2025-03-18,551.5770263671875,21.700000762939453,-0.010808597358321625,19.5973216756208,2.102679087318652
2025-03-19,557.584228515625,19.899999618530273,0.010890957855881567,20.132463408323858,-0.2324637897935844
2025-03-20,555.9718627929688,19.799999237060547,-0.0028916989401738258,20.021849383604184,-0.22185014654363755
2025-03-21,556.1552734375,19.280000686645508,0.0003298919546212975,20.070695028683694,-0.7906943420381864
2025-03-24,566.1151733398438,17.479999542236328,0.01790848775160092,20.7425112195738,-3.2625116773374714
2025-03-25,567.4759521484375,17.149999618530273,0.002403713718828193,20.76922436794595,-3.6192247494156753
2025-03-26,560.7013549804688,18.329999923706055,-0.011938122033753884,21.052474610107737,-2.722474686401682
2025-03-27,559.2123413085938,18.690000534057617,-0.0026556270261320902,21.035970734710475,-2.3459702006528573
2025-03-28,547.9506225585938,21.649999618530273,-0.020138537578850313,21.43072817697316,0.21927144155711176
2025-03-31,551.6289672851562,22.280000686645508,0.006712912760983514,20.707875764915716,1.5721249217297917
2025-04-01,553.1869506835938,21.770000457763672,0.0028243320979046693,20.05549763509499,1.7145028226686811
2025-04-02,556.687744140625,21.510000228881836,0.006328409324741324,19.882382110034442,1.6276181188473942
2025-04-03,529.2537231445312,30.020000457763672,-0.0492808064931346,25.55120958186059,4.468790875903082
2025-04-04,498.2696838378906,45.310001373291016,-0.05854288397358964,31.57989585120959,13.730105522081427
2025-04-07,497.3821716308594,46.97999954223633,-0.0017811884523963872,31.352159488337982,15.627840053898346
2025-04-08,489.5917663574219,52.33000183105469,-0.015662815673295305,30.663442575814326,21.66655925524036
2025-04-09,541.0084228515625,33.619998931884766,0.10501944686832076,48.985161029877666,-15.3651620979929
2025-04-10,517.3018798828125,40.720001220703125,-0.04381917539064717,51.214249224940424,-10.4942480042373
2025-04-11,526.531982421875,37.560001373291016,0.01784277787885369,51.512333408613344,-13.952332035322328
2025-04-14,531.6401977539062,30.889999389648438,0.009701624027727895,51.072665791621,-20.18266640197256
2025-04-15,530.151123046875,30.1200008392334,-0.0028009069165995104,50.965529012624145,-20.845528173390747
2025-04-16,518.3668823242188,32.63999938964844,-0.022228078391931083,51.368349312756,-18.728349923107565
2025-04-17,519.1064453125,29.649999618530273,0.0014267172797870487,51.162493392239924,-21.51249377370965
2025-04-21,506.7503662109375,33.81999969482422,-0.023802592345244733,51.67149255820905,-17.851492863384834
2025-04-22,519.9348754882812,30.56999969482422,0.02601775974219156,52.693324807507565,-22.123325112683347
2025-04-23,527.9915161132812,28.450000762939453,0.015495480308824972,52.58098937865564,-24.130988615716184
2025-04-24,539.1051635742188,26.469999313354492,0.021048912949868326,53.20662675266162,-26.736627439307128
2025-04-25,543.0003051757812,24.84000015258789,0.0072251980963009554,53.16590859465986,-28.32590844207197
2025-04-28,543.2073974609375,25.149999618530273,0.0003813852095151393,53.16442485184911,-28.01442523331884
2025-04-29,546.6293334960938,24.170000076293945,0.006299501905075555,52.7435543896326,-28.573554313338654
2025-04-30,546.84619140625,24.700000762939453,0.0003967183919115769,52.693663370639264,-27.99366260769981
2025-05-01,550.7216186523438,24.600000381469727,0.007086868861841733,52.74210228303251,-28.142101901562782
2025-05-02,558.8966674804688,22.68000030517578,0.014844248983960195,52.946796522590134,-30.266796217414353
2025-05-05,555.6918334960938,23.639999389648438,-0.005734215590911473,49.82324377236819,-26.18324438271975
2025-05-06,551.0471801757812,24.760000228881836,-0.008358325676825262,44.82223861612079,-20.062238387238956
2025-05-07,553.3645629882812,23.549999237060547,0.004205416334334133,44.75315593923118,-21.20315670217063
2025-05-08,557.2202758789062,22.479999542236328,0.006967762571935099,44.08923699990698,-21.609237457670652
2025-05-09,556.51025390625,21.899999618530273,-0.0012742213508586397,25.722241274600417,-3.822241656070144
2025-05-12,574.9015502929688,18.389999389648438,0.03304754271395138,22.211123186140846,-3.821123796492408
2025-05-13,578.6981201171875,18.219999313354492,0.006603860821533747,21.73693628215921,-3.5169369688047176
2025-05-14,579.437744140625,18.6200008392334,0.0012780826440004223,21.68351342576142,-3.06351258652802
2025-05-15,582.2678833007812,17.829999923706055,0.004884285134641564,21.533938376762592,-3.703938453056537
2025-05-16,585.9560546875,17.239999771118164,0.006334148752651592,19.203557546482607,-1.9635577753644426
2025-05-19,586.596923828125,18.139999389648438,0.001093715365680037,19.213724461442016,-1.0737250717935787
2025-05-20,584.6246337890625,18.09000015258789,-0.0033622577257844677,16.31785438451861,1.7721457680692794
2025-05-21,574.7733764648438,20.8700008392334,-0.016850568304607516,16.734838231060976,4.135162608172422
2025-05-22,575.0001831054688,20.280000686645508,0.0003946018551170827,16.336027882911452,3.943972803734056
2025-05-23,571.0753173828125,22.290000915527344,-0.0068258512570531504,15.530212712009467,6.759788203517877
2025-05-27,582.9483642578125,18.959999084472656,0.02079068471986001,16.686046189557683,2.2739528949149737
2025-05-28,579.5757446289062,19.309999465942383,-0.005785451740996206,16.96284857560849,2.347150890333893
2025-05-29,581.8635864257812,19.18000030517578,0.003947442276660329,16.92725973300772,2.2527405721680616
2025-05-30,581.2127075195312,18.56999969482422,-0.0011186108246576953,16.96508804292315,1.6049116519010695
2025-06-02,584.4867553710938,18.360000610351562,0.005633131914020373,16.92796886836006,1.4320317419915014
2025-06-03,587.8197631835938,17.690000534057617,0.00570245224869792,16.402689331108693,1.2873112029489242
2025-06-04,587.6619262695312,17.610000610351562,-0.00026851243178294126,16.166396939772195,1.4436036705793676
2025-06-05,584.8219604492188,18.479999542236328,-0.004832652403296889,15.906121193794204,2.5738783484421237
2025-06-06,590.8274536132812,16.770000457763672,0.010268925536670137,16.10700734778526,0.6629931099784123
2025-06-09,591.3599243164062,17.15999984741211,0.0009012287764704752,16.063946986698564,1.0960528607135451
2025-06-10,594.7128295898438,16.950000762939453,0.005669821601985259,16.0175048818389,0.9324958811005537
2025-06-11,593.0166625976562,17.260000228881836,-0.002852077351950366,11.88799097011529,5.372009258766546
2025-06-12,595.37353515625,18.020000457763672,0.003974378305442006,11.780297907457639,6.239702550306033
2025-06-13,588.7171630859375,20.81999969482422,-0.0111801611547373,12.558657004730442,8.261342690093777
2025-06-16,594.318359375,19.110000610351562,0.009514239842613348,12.848081868531203,6.2619187418203595
2025-06-17,589.2398071289062,21.600000381469727,-0.00854517139843114,13.102144172337415,8.497856209132312
2025-06-18,589.1510620117188,20.139999389648438,-0.00015060950756184965,13.099719070460075,7.040280319188362
2025-06-20,587.7673950195312,20.6200008392334,-0.002348577608368929,13.06927468329619,7.550726155937209
2025-06-23,593.5730590820312,19.829999923706055,0.009877485739587577,11.878522385502903,7.951477538203152
2025-06-24,600.13037109375,17.479999542236328,0.011047186039507384,12.312078903077879,5.167920639158449
2025-06-25,600.4666748046875,16.760000228881836,0.0005603844216792719,11.898757527137018,4.861242701744818
2025-06-26,605.1646118164062,16.59000015258789,0.007823809728070064,10.0859282192386,6.504071933349291
2025-06-27,608.1712646484375,16.31999969482422,0.0049683222933454285,9.748948386905214,6.571051307919005
2025-06-30,611.0791015625,16.729999542236328,0.004781279687299023,9.770807277241959,6.959192264994369
2025-07-01,610.8812866210938,16.829999923706055,-0.0003237141327537829,9.739043042971614,7.09095688073444
2025-07-02,613.650634765625,16.639999389648438,0.004533365492089381,9.700294007037186,6.939705382611251
2025-07-03,618.4869995117188,16.3799991607666,0.007881299997254843,9.824056991218674,6.555942169547928
2025-07-07,613.8780517578125,17.790000915527344,-0.007451971921066947,10.373648137186603,7.416352778340741
2025-07-08,613.5418090820312,16.809999465942383,-0.0005477352950125081,10.115784798921268,6.6942146670211145
2025-07-09,617.2210083007812,15.9399995803833,0.005996656078344209,9.795159555103632,6.144840025279668
2025-07-10,618.9617309570312,15.779999732971191,0.002820258275139098,9.788088341445102,5.99191139152609
2025-07-11,616.7858276367188,16.399999618530273,-0.0035154084840562927,9.893566888381281,6.506432730148992
2025-07-14,617.9628295898438,17.200000762939453,0.0019082830706971254,9.750631724015276,7.449369038924177
2025-07-15,615.3220825195312,17.3799991607666,-0.004273310535627517,9.954742977840521,7.425256182926081
2025-07-16,617.3792724609375,17.15999984741211,0.0033432733845384366,8.81325128825004,8.34674855916207
2025-07-17,621.1573486328125,16.520000457763672,0.006119538410830128,8.536300650947181,7.983699806816491
2025-07-18,620.7024536132812,16.40999984741211,-0.0007323346017438226,7.693942903308579,8.716056944103531
2025-07-21,621.87939453125,16.649999618530273,0.001896143492131186,7.637853623991895,9.012145994538379
2025-07-22,621.9684448242188,16.5,0.0001431954391026835,7.482084275703417,9.017915724296582
2025-07-23,627.2598266601562,15.369999885559082,0.008507476351847565,7.330171130647534,8.039828754911548
2025-07-24,627.4674072265625,15.390000343322754,0.0003309323466664793,6.6943501038666415,8.695650239456112
2025-07-25,630.1181030273438,14.930000305175781,0.004224435835635587,6.7062894531195045,8.223710852056277
2025-07-28,629.9598388671875,15.029999732971191,-0.0002511658677887274,6.447599877213654,8.582399855757536
2025-07-29,628.29833984375,15.979999542236328,-0.0026374681700745972,6.532553717057725,9.447445825178603
2025-07-30,627.5070190429688,15.479999542236328,-0.0012594666428340506,6.492224230020616,8.987775312215712
2025-07-31,625.153076171875,16.719999313354492,-0.0037512614196472116,6.70350967065501,10.016489642699483
2025-08-01,614.9066162109375,20.3799991607666,-0.016390321589204504,8.91157472687066,11.468424433895942
2025-08-04,624.2530517578125,17.520000457763672,0.015199764160073403,10.00855205316585,7.511448404597822
2025-08-05,621.088134765625,17.850000381469727,-0.005069926343612585,9.80316737589456,8.046833005575166
2025-08-06,625.845458984375,16.770000457763672,0.007659660445043404,10.092802543932233,6.677197913831439
2025-08-07,625.3212280273438,16.56999969482422,-0.000837636431655131,9.940028468103554,6.629971226720665
2025-08-08,630.1972045898438,15.149999618530273,0.007797554830949682,10.223108829025715,4.926890789504558
2025-08-11,628.9510498046875,16.25,-0.0019774044951013092,10.153497201351145,6.096502798648855
2025-08-12,635.6468505859375,14.729999542236328,0.010645980769615315,10.694168321432668,4.03583122080366
2025-08-13,637.8228149414062,14.489999771118164,0.0034232284065640606,10.513604928879175,3.9763948422389888
2025-08-14,637.882080078125,14.829999923706055,9.29178689290655e-05,10.51115428714966,4.318845636556395
2025-08-15,636.388671875,15.09000015258789,-0.0023411979263346927,10.459014782152897,4.630985370434994
2025-08-18,636.2501220703125,14.989999771118164,-0.00021771255650937515,10.448704703810536,4.541295067307628
2025-08-19,632.7984008789062,15.569999694824219,-0.00542510102815319,10.692150110235414,4.877849584588805
2025-08-20,631.116943359375,15.6899995803833,-0.002657177257710863,10.759296727262022,4.930702853121279
2025-08-21,628.5851440429688,16.600000381469727,-0.004011616774111215,10.487786889302443,6.1122134921672835
2025-08-22,638.2381591796875,14.220000267028809,0.015356734450693521,11.74225129373819,2.477748973290618
2025-08-25,635.4292602539062,14.789999961853027,-0.0044010200352035955,11.808677765181212,2.9813221966718153
2025-08-26,638.0897827148438,14.619999885559082,0.004186968758527643,11.876493318522332,2.74350656703675
2025-08-27,639.543701171875,14.850000381469727,0.002278548405594716,11.827684845984662,3.022315535485065
2025-08-28,641.80859375,14.430000305175781,0.003541419568318549,11.835618098654203,2.594382206521578
2025-08-29,637.98095703125,15.359999656677246,-0.0059638290232071345,11.973899851186356,3.3860998054908897
2025-09-02,633.25341796875,17.170000076293945,-0.007410157012364249,10.663443564377175,6.50655651191677
2025-09-03,636.6853637695312,16.350000381469727,0.005419545640653167,9.551513135937084,6.798487245532643
2025-09-04,642.0064086914062,15.300000190734863,0.00835741674721624,9.616368255276686,5.683631935458177
2025-09-05,640.1469116210938,15.180000305175781,-0.0028963839692857096,9.471863902074142,5.708136403101639
2025-09-08,641.7196044921875,15.109999656677246,0.0024567686612921857,9.45597502987512,5.654024626802126
2025-09-09,643.203125,15.039999961853027,0.002311789288386157,9.163822086561952,5.876177875291075
2025-09-10,645.0625,15.350000381469727,0.002890805295761023,9.120327693609411,6.229672687860315
2025-09-11,650.4231567382812,14.710000038146973,0.008310290457562264,8.848020022046233,5.861980016100739
2025-09-12,650.2054443359375,14.760000228881836,-0.00033472424849623206,8.819928375190361,5.9400718536914745
2025-09-15,653.6671752929688,15.6899995803833,0.0053240571686796745,8.94262472164253,6.747374858740772
2025-09-16,652.76708984375,16.360000610351562,-0.0013769781981408658,8.900930494646305,7.4590701157052575
2025-09-17,651.9561157226562,15.720000267028809,-0.0012423636756685452,8.928900197532421,6.7911000694963874
2025-09-18,655.00244140625,15.699999809265137,0.004672593154858351,8.66956065554029,7.030439153724847
2025-09-19,658.2465209960938,15.449999809265137,0.00495277480627232,8.592780804224347,6.85721900504079
2025-09-22,661.3606567382812,16.100000381469727,0.004730956629250382,8.34979574625943,7.750204635210297
2025-09-23,657.7606201171875,16.639999389648438,-0.005443378865093829,7.34255157063651,9.297447819011929
2025-09-24,655.6677856445312,16.18000030517578,-0.003181757023221321,7.231524534409512,8.948475770766269
2025-09-25,652.6429443359375,16.739999771118164,-0.004613374905433676,7.459123764885304,9.280876006232859
2025-09-26,656.3819580078125,15.289999961853027,0.0057290340826092745,7.6226692959111,7.667330665941927
2025-09-29,658.2266845703125,16.1200008392334,0.0028104467833012237,7.599143277567065,8.520857561666332
2025-09-30,660.7061157226562,16.280000686645508,0.003766834755358328,7.176852607535338,9.10314807911017
2025-10-01,662.95751953125,16.290000915527344,0.0034075722246513784,6.38557493224735,9.904425983279994
2025-10-02,663.7210693359375,16.6299991607666,0.0011517326256851312,6.284194900378408,10.345804260388194
2025-10-03,663.7112426757812,16.649999618530273,-1.4805406382656372e-05,5.870930989989009,10.779068628541264
2025-10-06,666.0914916992188,16.3700008392334,0.003586271966467658,5.672743509651402,10.697257329581998
2025-10-07,663.6219482421875,17.239999771118164,-0.0037075138893177817,5.9895356234161,11.250464147702065
2025-10-08,667.5791625976562,16.299999237060547,0.005963055269571305,6.1744286815983,10.125570555462247
2025-10-09,665.6452026367188,16.43000030517578,-0.002896974724933221,6.365795400359857,10.064204904815924
2025-10-10,647.6542358398438,21.65999984741211,-0.027027862178845674,11.39167295847473,10.268326888937379
2025-10-13,657.5919189453125,19.030000686645508,0.015344118135168339,12.595686611948576,6.434314074696932
2025-10-14,656.78857421875,20.809999465942383,-0.0012216462876413203,12.48792122757072,8.322078238371663
2025-10-15,659.7044067382812,20.639999389648438,0.004439529909605389,12.554423343257412,8.085576046391026
2025-10-16,655.2117309570312,25.309999465942383,-0.006810134562330372,12.79942758105822,12.510571884884163
2025-10-17,658.9308471679688,20.780000686645508,0.005676205164253156,12.847570487134202,7.932430199511305
2025-10-20,665.7840576171875,18.229999542236328,0.010400500262923273,13.22824815844553,5.001751383790799
2025-10-21,665.7741088867188,17.8700008392334,-1.494287878323064e-05,13.14228966547243,4.727711173760968
2025-10-22,662.3128051757812,18.600000381469727,-0.005198916065879078,13.128978290832968,5.471022090636758
2025-10-23,666.2402954101562,17.299999237060547,0.005929962705964353,13.198389030173875,4.101610206886672
2025-10-24,671.6851806640625,16.3700008392334,0.008172554694480416,13.281128231028841,3.0888726082045572
2025-10-27,679.6094970703125,15.789999961853027,0.011797664492784632,13.690213220900716,2.099786740952311
2025-10-28,681.41455078125,16.420000076293945,0.002656016019079832,13.688729449099634,2.731270627194311
2025-10-29,681.7418823242188,16.920000076293945,0.0004803706386860007,13.673105859028635,3.246894217265311
2025-10-30,674.2439575195312,16.90999984741211,-0.010998187142508109,14.31914426469683,2.59085558271528
2025-10-31,676.4556274414062,17.440000534057617,0.0032802220875831622,14.343885255668068,3.096115278389549
2025-11-03,677.7251586914062,17.170000076293945,0.0018767398754619968,14.342911262368752,2.8270888139251937
2025-11-04,669.6917114257812,19.0,-0.01185354736001909,14.979906977440951,4.020093022559049
2025-11-05,672.0125122070312,18.010000228881836,0.003465476340313245,14.944195262899736,3.0658049659820996
2025-11-06,664.8021850585938,19.5,-0.010729453719183435,15.30941882245546,4.190581177544541
2025-11-07,665.4567260742188,19.079999923706055,0.000984565078659072,15.280809943737275,3.79918997996878
2025-11-10,675.8407592773438,17.600000381469727,0.01560437034633999,12.68474831884108,4.915252062628646
2025-11-11,677.3878784179688,17.280000686645508,0.002289177027853917,11.732659109138066,5.547341577507442
2025-11-12,677.7647705078125,17.510000228881836,0.0005563903663643455,11.697963745542333,5.812036483339503
2025-11-13,666.5179443359375,20.0,-0.016593996414786205,13.209011658571018,6.790988341428982
2025-11-14,666.408935546875,19.829999923706055,-0.0001635496688257021,12.942087856779109,6.887912066926946
2025-11-17,660.2002563476562,22.3799991607666,-0.009316620573407763,13.273872031436301,9.1061271293303
2025-11-18,654.65625,24.690000534057617,-0.008397461670685558,13.035463353274046,11.65453718078357
2025-11-19,657.185302734375,23.65999984741211,0.0038631766432766224,13.132636305443002,10.527363541969107
2025-11-20,647.1683349609375,26.420000076293945,-0.015242227316648038,14.00880167727766,12.411198399016286
2025-11-21,653.6148681640625,23.43000030517578,0.009961138168965045,14.328334064100495,9.101666241075286
2025-11-24,663.2351684570312,20.520000457763672,0.014718606876234608,15.012089078283319,5.507911379480353
2025-11-25,669.4734497070312,18.559999465942383,0.009405836039293458,14.785155361061756,3.7748441048806267
2025-11-26,674.09521484375,17.190000534057617,0.006903582418005261,14.977656337389186,2.2123441966684307
2025-11-28,677.7747192382812,16.350000381469727,0.0054584342293309,15.116158605775807,1.2338417756939197
2025-12-01,674.6803588867188,17.239999771118164,-0.004565470301164498,14.697470307748173,2.5425294633699913
2025-12-02,675.9300537109375,16.59000015258789,0.0018522768711999316,14.66648389303811,1.9235162595497801
2025-12-03,678.2706298828125,16.079999923706055,0.003462749080359595,14.7022519238636,1.3777479998424553
2025-12-04,678.7665405273438,15.779999732971191,0.000731139787988333,14.04700262370433,1.7329971092668615
2025-12-05,680.0557861328125,15.40999984741211,0.001899394752821859,14.018298825987735,1.3917010214243746
2025-12-08,678.0127563476562,16.65999984741211,-0.0030042091058060105,13.476308008641377,3.1836918387707325
2025-12-09,677.4275512695312,16.93000030517578,-0.0008631180942337835,13.491278473965679,3.4387218312101027
2025-12-10,681.92041015625,15.770000457763672,0.006632235252757246,12.585372225675865,3.1846282320878068
2025-12-11,683.5072021484375,14.850000381469727,0.0023269460314641055,12.586071977605911,2.263928403863815
2025-12-12,676.1580810546875,15.739999771118164,-0.010752075575282682,13.171012642887653,2.5689871282305106
2025-12-15,675.1365356445312,16.5,-0.0015108085502177904,11.747653691144526,4.752346308855474
2025-12-16,673.2918701171875,16.479999542236328,-0.002732285145230273,11.803308713012282,4.6766908292240466
2025-12-17,665.8832397460938,17.6200008392334,-0.011003593983400228,11.99331158724712,5.626689251986278
2025-12-18,670.9114990234375,16.8700008392334,0.00755126270975226,11.784006505146042,5.085994334087356
2025-12-19,676.9923095703125,14.90999984741211,0.009063506223587092,12.06667917456988,2.8433206728422302
2025-12-22,681.2098388671875,14.079999923706055,0.006229803850433591,10.519032912083821,3.5609670116222336
2025-12-23,684.3233032226562,14.0,0.004570492347330646,10.195787811837704,3.804212188162296
2025-12-24,686.7305297851562,13.470000267028809,0.003517674396244841,9.148629426631388,4.321370840397421
2025-12-26,686.660888671875,13.600000381469727,-0.00010140966545213459,8.719063572838651,4.880936808631075
2025-12-29,684.2138671875,14.199999809265137,-0.0035636535074947684,8.612992789925656,5.587007019339481
2025-12-30,683.3782958984375,14.329999923706055,-0.0012212136133650242,8.459790409767818,5.870209513938237
2025-12-31,678.3152465820312,14.949999809265137,-0.0074088529688375315,8.723544898993458,6.226454910271679
