Date,CVX,GDX,GLD,IEF,KO,PEP,QQQ,SPY,TLT,XOM
2010-01-04,40.89092254638672,41.39031219482422,109.80000305175781,61.140987396240234,17.205249786376953,37.23470687866211,40.24655532836914,84.57847595214844,55.504512786865234,37.37727737426758
2010-01-05,41.1805534362793,41.78938293457031,109.69999694824219,61.40950393676758,16.997121810913086,37.68464279174805,40.24655532836914,84.80237579345703,55.86296463012695,37.523223876953125
2010-01-06,41.18571853637695,42.80440139770508,111.51000213623047,61.1616325378418,16.9910945892334,37.30767822265625,40.00379943847656,84.86209106445312,55.115203857421875,37.847530364990234
2010-01-07,41.030574798583984,42.596187591552734,110.81999969482422,61.1616325378418,16.948854446411133,37.070552825927734,40.02980422973633,85.22029113769531,55.20785903930664,37.72861862182617
2010-01-08,41.10298538208008,43.2381706237793,111.37000274658203,61.237369537353516,16.635154724121094,36.9489631652832,40.35927200317383,85.50389099121094,55.18318176269531,37.5772705078125
2010-01-11,41.83224868774414,43.52445602416992,112.8499984741211,61.27870559692383,16.97299575805664,36.90639114379883,40.19453048706055,85.62333679199219,54.88034439086914,37.99889373779297
2010-01-12,41.589149475097656,41.945533752441406,110.48999786376953,61.71923828125,17.15699005126953,37.4232063293457,39.69168472290039,84.82479095458984,55.8197135925293,37.8096923828125
2010-01-13,41.273651123046875,42.38798141479492,111.54000091552734,61.423240661621094,17.20223617553711,37.72719955444336,40.185874938964844,85.54119873046875,55.17080307006836,37.65834426879883
2010-01-14,41.144371032714844,42.16242218017578,112.02999877929688,61.71234130859375,17.232393264770508,38.18320846557617,40.220542907714844,85.77256774902344,55.94334030151367,37.66374588012695
2010-01-15,40.978843688964844,41.13872528076172,110.86000061035156,61.987735748291016,16.979013442993164,37.87314224243164,39.75236511230469,84.80984497070312,56.2894287109375,37.35565185546875
2010-01-19,41.21158981323242,41.372962951660156,111.5199966430664,61.877559661865234,17.018239974975586,37.897457122802734,40.393943786621094,85.86959838867188,56.128719329833984,37.442134857177734
2010-01-20,40.42025375366211,39.672576904296875,108.94000244140625,62.090946197509766,16.740726470947266,37.666412353515625,39.81306076049805,84.99639892578125,56.697296142578125,36.77187728881836
2010-01-21,39.4323844909668,37.954856872558594,107.37000274658203,62.318092346191406,16.39989471435547,37.05231475830078,39.44025421142578,83.36199188232422,56.95686721801758,36.05299758911133
2010-01-22,38.57897186279297,37.989559173583984,107.16999816894531,62.37313461303711,16.36067771911621,36.71790313720703,38.28711700439453,81.50369262695312,56.858001708984375,35.72869110107422
2010-01-25,38.558284759521484,37.469032287597656,107.4800033569336,62.235530853271484,16.393850326538086,36.620628356933594,38.417171478271484,81.92166137695312,56.59846878051758,35.59354782104492
2010-01-26,38.351402282714844,37.4169807434082,107.55999755859375,62.35939407348633,16.330509185791016,36.63278579711914,38.45184326171875,81.57833862304688,56.61695098876953,35.631378173828125
2010-01-27,38.1186637878418,37.104671478271484,106.52999877929688,62.214866638183594,16.442113876342773,36.6571044921875,38.75530242919922,81.96644592285156,56.586090087890625,35.42598342895508
2010-01-28,37.88072967529297,36.58414077758789,106.4800033569336,62.194271087646484,16.34257698059082,36.32270050048828,37.758235931396484,81.02606964111328,56.5551872253418,35.11246871948242
2010-01-29,37.301456451416016,35.326210021972656,105.95999908447266,62.43513107299805,16.363693237304688,36.2497444152832,37.09931945800781,80.14543151855469,57.04958724975586,34.82601547241211
2010-02-01,38.05657958984375,37.25215148925781,108.3499984741211,62.22109603881836,16.402908325195312,36.90639114379883,37.50682067871094,81.39176940917969,56.531776428222656,35.771915435791016
2010-02-02,38.506568908691406,37.304203033447266,109.12999725341797,62.32465362548828,16.605003356933594,37.18001174926758,37.844947814941406,82.37686920166016,56.69298553466797,36.19353103637695
2010-02-03,37.8652229309082,36.931156158447266,108.69999694824219,62.02762985229492,16.550703048706055,37.26512145996094,38.053035736083984,81.96644592285156,56.03557205200195,35.99893569946289
2010-02-04,36.913543701171875,34.909793853759766,104.37000274658203,62.538753509521484,16.116352081298828,36.26189422607422,36.95191955566406,79.43645477294922,56.92245864868164,34.98275375366211
2010-02-05,36.81528091430664,36.79235076904297,104.68000030517578,62.7390022277832,16.0137939453125,36.182857513427734,37.26404571533203,79.60066223144531,57.046451568603516,35.0259895324707
2010-02-08,36.272193908691406,35.378265380859375,104.04000091552734,62.68377685546875,15.881073951721191,35.84844207763672,36.99526596069336,79.02598571777344,57.12089538574219,35.0096549987793
2010-02-09,36.882511138916016,36.931156158447266,105.41000366210938,62.345314025878906,16.291290283203125,36.51118087768555,37.37675094604492,80.01858520507812,56.55036163330078,35.47211456298828
2010-02-10,36.59286880493164,36.740299224853516,105.12000274658203,62.172672271728516,16.224943161010742,36.711822509765625,37.29872131347656,79.86187744140625,56.010772705078125,35.281681060791016
2010-02-11,37.09973907470703,38.16307067871094,107.12999725341797,62.09675598144531,16.35464096069336,37.204315185546875,37.862281799316406,80.69770050048828,55.70682144165039,35.493873596191406
2010-02-12,37.078853607177734,38.119686126708984,107.04000091552734,62.24174880981445,16.28224754333496,37.040157318115234,37.9403190612793,80.63055419921875,55.93631362915039,35.25448226928711
2010-02-16,38.112754821777344,38.96120071411133,109.62000274658203,62.37990188598633,16.535619735717773,37.27726364135742,38.42584991455078,81.89926147460938,56.041751861572266,36.059696197509766
2010-02-17,38.0344123840332,38.78769302368164,109.25,62.04838562011719,16.6894588470459,37.76368713378906,38.64258575439453,82.287353515625,55.40290832519531,35.776790618896484
2010-02-18,38.44171905517578,39.09132766723633,109.9800033569336,61.827388763427734,16.864408493041992,38.01905822753906,38.885353088378906,82.7724380493164,55.17967987060547,35.885597229003906
2010-02-19,38.666236877441406,38.66623306274414,109.47000122070312,61.86188507080078,16.807090759277344,38.09809875488281,38.86801528930664,82.94407653808594,55.477386474609375,35.836631774902344
2010-02-22,38.097076416015625,38.24980926513672,109.06999969482422,61.81354904174805,16.70454216003418,37.94609451293945,38.78998947143555,82.9590072631836,55.247859954833984,35.580928802490234
2010-02-23,37.616676330566406,36.870426177978516,107.88999938964844,62.283203125,16.53863525390625,37.563045501708984,38.28711700439453,81.95146179199219,56.110008239746094,35.33066177368164
2010-02-24,37.77333068847656,36.65353775024414,107.36000061035156,62.317710876464844,16.6381778717041,37.74544906616211,38.677268981933594,82.70528411865234,56.24644470214844,35.66252899169922
2010-02-25,37.65324020385742,37.69459533691406,108.30999755859375,62.54563522338867,16.022842407226562,37.879215240478516,38.66859817504883,82.59331512451172,56.56271743774414,35.439476013183594
2010-02-26,37.7524528503418,38.0763053894043,109.43000030517578,62.642333984375,15.90218734741211,37.982582092285156,38.80731964111328,82.64556884765625,56.85418701171875,35.36332702636719
2010-03-01,38.01874542236328,38.726966857910156,109.43000030517578,62.70743179321289,16.068082809448242,38.5662727355957,39.370887756347656,83.50379943847656,56.829349517822266,35.580928802490234
2010-03-02,38.285057067871094,39.481719970703125,111.0199966430664,62.7420654296875,16.07713508605957,38.79123306274414,39.49225616455078,83.73516845703125,56.75464630126953,35.629878997802734
2010-03-03,38.185848236083984,40.21912384033203,111.62999725341797,62.67969512939453,16.26715850830078,39.176998138427734,39.53560256958008,83.809814453125,56.61161804199219,35.59724807739258
2010-03-04,38.159732818603516,39.542457580566406,110.83000183105469,62.790550231933594,16.4300479888916,39.2566032409668,39.66568374633789,84.06353759765625,56.91020202636719,35.580928802490234
2010-03-05,38.79677200317383,40.27986145019531,110.80999755859375,62.49273681640625,16.499422073364258,39.41580581665039,40.2639045715332,85.26509857177734,56.16365051269531,36.1630744934082
2010-03-08,38.97431564331055,39.863441467285156,109.87999725341797,62.326507568359375,16.427034378051758,39.28110122680664,40.3419303894043,85.27999877929688,55.87115478515625,36.16849136352539
2010-03-09,38.79677200317383,39.542457580566406,109.72000122070312,62.485816955566406,16.34257698059082,39.409671783447266,40.56732940673828,85.42181396484375,55.8836555480957,36.33171844482422
2010-03-10,38.61924743652344,39.004581451416016,108.47000122070312,62.38194274902344,16.34860610961914,39.45254135131836,40.89681625366211,85.80242156982422,55.74052429199219,36.571102142333984
2010-03-11,38.63490676879883,39.316890716552734,108.5999984741211,62.326507568359375,16.299949645996094,39.78321838378906,41.05287551879883,86.16064453125,55.94584655761719,36.571102142333984
2010-03-12,38.4939079284668,39.030601501464844,107.94999694824219,62.42350387573242,16.223922729492188,39.86280822753906,41.06155014038086,86.16809844970703,56.29425811767578,36.342594146728516
2010-03-15,38.41560745239258,38.98722457885742,108.36000061035156,62.42350387573242,16.315153121948242,40.505760192871094,40.957489013671875,86.1905288696289,56.21962356567383,36.07056427001953
2010-03-16,38.629695892333984,40.010921478271484,110.4000015258789,62.665889739990234,16.330364227294922,40.4567756652832,41.217613220214844,86.8770980834961,56.6675910949707,36.21744918823242
2010-03-17,38.98997116088867,40.14105224609375,109.58999633789062,62.7420654296875,16.372941970825195,40.762943267822266,41.330326080322266,87.39202880859375,56.91020202636719,36.64727020263672
2010-03-18,39.03697204589844,39.880794525146484,110.33999633789062,62.57588577270508,16.406387329101562,40.73231887817383,41.46904754638672,87.34725952148438,56.723609924316406,36.66358184814453
2010-03-19,39.151851654052734,39.3082160949707,108.27999877929688,62.49273681640625,16.649667739868164,40.7568244934082,41.21820831298828,86.90512084960938,56.779605865478516,36.473175048828125
2010-03-22,38.880313873291016,39.160728454589844,107.75,62.700523376464844,16.585805892944336,40.603736877441406,41.5914306640625,87.36974334716797,56.84176254272461,36.435096740722656
2010-03-23,39.04218673706055,39.28218460083008,108.31999969482422,62.568965911865234,16.816923141479492,40.94052505493164,41.877838134765625,87.98424530029297,56.57423400878906,36.42420196533203
2010-03-24,38.60358428955078,37.73796844482422,106.30000305175781,61.94568634033203,16.610136032104492,40.573116302490234,41.67820739746094,87.55707550048828,55.54145431518555,36.17938232421875
2010-03-25,38.53570556640625,37.22611618041992,106.77999877929688,61.71711730957031,16.664867401123047,40.750694274902344,41.617462158203125,87.41474914550781,55.186790466308594,36.07056427001953
2010-03-26,38.86466598510742,37.9201545715332,108.58999633789062,61.86252975463867,16.619260787963867,40.775184631347656,41.660850524902344,87.36224365234375,55.34235382080078,36.201141357421875
2010-03-29,39.282386779785156,38.45802307128906,108.75,61.77250289916992,16.655746459960938,40.750694274902344,41.8604850769043,87.91677856445312,55.13078308105469,36.61463928222656
2010-03-30,39.318939208984375,38.05028533935547,107.97000122070312,61.834835052490234,16.6861629486084,40.88539123535156,41.99934005737305,87.97672271728516,55.30498504638672,36.478607177734375
2010-03-31,39.595703125,38.527427673339844,108.94999694824219,61.980289459228516,16.725690841674805,40.51189041137695,41.79973220825195,87.67698669433594,55.684547424316406,36.44053268432617
2010-04-01,40.04475402832031,40.25382995605469,110.26000213623047,61.85178756713867,16.816923141479492,40.83030319213867,41.79973220825195,88.2764892578125,55.54835891723633,36.78327178955078
2010-04-05,40.55125045776367,40.68760681152344,110.88999938964844,61.29618453979492,16.683124542236328,40.401668548583984,42.19029998779297,88.99591827392578,54.624141693115234,37.09881591796875
2010-04-06,40.66612243652344,40.60952377319336,111.02999877929688,61.476783752441406,16.509784698486328,40.652732849121094,42.31180953979492,89.2057113647461,54.71158218383789,36.94104766845703
2010-04-07,40.399818420410156,41.79805374145508,112.48999786376953,61.85877227783203,16.366857528686523,40.407779693603516,42.207672119140625,88.69613647460938,55.41101837158203,36.636390686035156
2010-04-08,40.55125045776367,41.80672073364258,112.6500015258789,61.789302825927734,16.348602294921875,40.39555358886719,42.303131103515625,89.00337219238281,55.43605041503906,36.9193000793457
2010-04-09,41.512020111083984,42.2318229675293,113.63999938964844,61.85877227783203,16.60101318359375,40.63434982299805,42.554840087890625,89.587890625,55.567142486572266,37.4089469909668
2010-04-12,41.99764633178711,41.76334762573242,113.01000213623047,62.02539825439453,16.652713775634766,40.60987091064453,42.58955001831055,89.73029327392578,55.86063003540039,37.38174057006836
2010-04-13,41.88277816772461,41.42501449584961,112.69000244140625,62.143497467041016,16.731782913208008,40.652732849121094,42.8065185546875,89.79771423339844,56.041725158691406,37.35454559326172
2010-04-14,42.075965881347656,41.719974517822266,113.02999877929688,61.976806640625,16.710494995117188,40.591495513916016,43.31861114501953,90.8168716430664,55.64833450317383,37.32732391357422
2010-04-15,42.60335922241211,41.268856048583984,113.6500015258789,62.08097457885742,16.500656127929688,40.5792350769043,43.50955581665039,90.89183044433594,55.71075439453125,37.13690185546875
2010-04-16,42.16472625732422,40.47072219848633,111.23999786376953,62.456024169921875,16.716569900512695,40.49964904785156,42.988800048828125,89.44548797607422,56.116676330566406,36.957374572753906
2010-04-19,42.46236038208008,40.418663024902344,111.1500015258789,62.30324172973633,16.823009490966797,40.487388610839844,42.96276092529297,89.78271484375,55.979270935058594,37.120582580566406
2010-04-20,42.843544006347656,40.305885314941406,111.45999908447266,62.330970764160156,16.56452178955078,40.35267639160156,43.179744720458984,90.5845947265625,56.17913818359375,37.523197174072266
2010-04-21,42.77565383911133,40.75700759887695,112.30999755859375,62.53241729736328,16.479372024536133,40.401668548583984,43.42276382446289,90.41971588134766,56.641265869140625,37.4959716796875
2010-04-22,42.39971160888672,41.086669921875,111.83999633789062,62.386539459228516,16.515871047973633,39.65462875366211,43.66577911376953,90.6894760131836,56.47262954711914,37.300132751464844
2010-04-23,43.16728973388672,41.82407760620117,113.19000244140625,62.21291732788086,16.385101318359375,39.6240119934082,43.84805679321289,91.28147888183594,56.272789001464844,37.67007064819336
2010-04-26,43.12553024291992,41.75468063354492,112.75,62.254573822021484,16.339487075805664,39.813819885253906,43.75257873535156,90.93677520751953,56.335201263427734,37.697269439697266
2010-04-27,41.893192291259766,41.88480758666992,114.62999725341797,62.83799743652344,16.077957153320312,39.33006286621094,42.82388687133789,88.78606414794922,57.128353118896484,37.14234161376953
2010-04-28,42.09685134887695,43.1167106628418,114.30999755859375,62.51853561401367,16.22696876525879,39.64848709106445,42.84993362426758,89.46049499511719,56.641265869140625,37.64288330078125
2010-04-29,42.96887969970703,43.645912170410156,114.27999877929688,62.622657775878906,16.34252166748047,39.92405700683594,43.59634780883789,90.5695571899414,56.87858963012695,37.35454559326172
2010-04-30,42.5250244140625,43.819419860839844,115.36000061035156,63.004642486572266,16.254335403442383,39.9362907409668,42.73710632324219,89.03337097167969,57.53430938720703,36.87031936645508
2010-05-03,43.25082015991211,43.27286911010742,115.7300033569336,62.83957290649414,16.348602294921875,40.224098205566406,43.335975646972656,90.18743133544922,57.45909881591797,36.908409118652344
2010-05-04,42.16996765136719,43.082008361816406,114.87000274658203,63.264495849609375,16.172229766845703,40.06488800048828,42.03408432006836,88.0666732788086,58.49306869506836,36.1630744934082
2010-05-05,41.87233352661133,42.717647552490234,115.08999633789062,63.50827407836914,16.318208694458008,39.92405700683594,41.81707763671875,87.54210662841797,58.837745666503906,35.999847412109375
2010-05-06,40.3110466003418,43.32492446899414,118.48999786376953,64.20490264892578,15.904620170593262,39.61787033081055,40.41969680786133,84.63450622558594,60.65509796142578,34.75941467285156
2010-05-07,40.25884246826172,42.62221908569336,118.2699966430664,64.03079223632812,16.017135620117188,39.53828048706055,39.41291809082031,83.3756103515625,59.89680862426758,34.656044006347656
2010-05-10,41.71567153930664,43.498435974121094,117.56999969482422,63.54310989379883,16.43375587463379,40.664974212646484,41.46123123168945,87.0474853515625,58.656044006347656,35.48843765258789
2010-05-11,41.61646270751953,46.5001106262207,120.66000366210938,63.61973190307617,16.302989959716797,40.750694274902344,41.41783905029297,86.80020141601562,58.50559997558594,35.30767822265625
2010-05-12,41.8044319152832,46.35263442993164,121.4000015258789,63.459556579589844,16.427671432495117,40.98952102661133,42.198978424072266,88.01417541503906,58.06067657470703,35.55415725708008
2010-05-13,41.20917892456055,45.68463134765625,120.55999755859375,63.6336669921875,16.26650619506836,40.707820892333984,41.53068542480469,86.92010498046875,58.44295883178711,35.46105194091797
2010-05-14,40.64000701904297,46.10972595214844,120.37000274658203,64.04467010498047,16.220884323120117,40.4567756652832,40.73216247558594,85.34642791748047,59.4581413269043,34.83662414550781
2010-05-17,40.96677780151367,44.99927520751953,119.36000061035156,63.90536880493164,16.24217414855957,40.87315368652344,40.86236572265625,85.3913803100586,59.23878860473633,34.65585708618164
2010-05-18,40.502967834472656,44.66960906982422,119.48999786376953,64.37207794189453,16.14790153503418,40.73845672607422,40.29819107055664,84.22987365722656,60.147430419921875,34.39295196533203
2010-05-19,40.371219635009766,42.89982986450195,116.62999725341797,64.42781066894531,16.153982162475586,40.43840026855469,39.97706985473633,83.75025177001953,60.34803771972656,34.20670700073242
2010-05-20,38.79011917114258,40.8177375793457,115.83999633789062,65.05469512939453,15.673500061035156,39.10353088378906,38.49290084838867,80.58787536621094,61.62017822265625,33.045501708984375
2010-05-21,39.253902435302734,40.95653533935547,115.22000122070312,65.08960723876953,15.688705444335938,38.932064056396484,38.91818618774414,81.76441192626953,61.68279266357422,33.34674072265625
2010-05-24,38.70576095581055,41.32958984375,116.83999633789062,65.08960723876953,15.649179458618164,38.772865295410156,38.7619743347168,80.71527099609375,61.469730377197266,32.96879959106445
2010-05-25,38.24725341796875,42.45738220214844,117.36000061035156,65.31246948242188,15.393721580505371,38.509544372558594,38.79666519165039,80.79771423339844,61.770565032958984,32.70588684082031
2010-05-26,37.70967102050781,42.50075912475586,118.47000122070312,65.18013000488281,15.229506492614746,37.493099212646484,38.36270523071289,80.31060791015625,61.5950813293457,32.48678207397461
2010-05-27,39.1906623840332,43.53313446044922,118.69000244140625,64.56015014648438,15.579225540161133,38.515689849853516,39.81215286254883,83.00086975097656,60.19762420654297,33.66444778442383
2010-05-28,38.932395935058594,43.255516052246094,118.87999725341797,64.85269165039062,15.630922317504883,38.509544372558594,39.577816009521484,81.9592514038086,60.47337341308594,33.1166877746582
2010-06-01,38.09968948364258,43.21214294433594,119.91000366210938,64.93653869628906,15.5974702835083,38.4299430847168,39.21328353881836,80.58038330078125,60.89842987060547,32.45392608642578
2010-06-02,39.06944274902344,43.95822525024414,119.77999877929688,64.56634521484375,15.938072204589844,39.15807342529297,40.14197540283203,82.67864227294922,60.319908142089844,33.28649139404297
2010-06-03,38.953487396240234,43.229496002197266,117.95999908447266,64.47552490234375,16.041461944580078,39.102542877197266,40.52385711669922,82.96343231201172,59.87976837158203,33.71921920776367
2010-06-04,37.5673828125,42.344600677490234,119.19000244140625,65.36965942382812,15.591390609741211,37.91162109375,39.13517379760742,80.04834747314453,61.48948669433594,32.6072883605957
2010-06-07,37.60426712036133,43.541805267333984,121.48999786376953,65.63511657714844,15.448460578918457,38.090579986572266,38.4234504699707,79.05168914794922,61.96112823486328,32.48129653930664
2010-06-08,37.43035125732422,44.001609802246094,121.0,65.4325942993164,15.67957878112793,38.658267974853516,38.354026794433594,79.89847564697266,61.65296173095703,33.5439338684082
2010-06-09,37.30912780761719,43.55049133300781,120.55999755859375,65.43951416015625,15.615720748901367,38.559532165527344,38.032901763916016,79.4713363647461,61.58375930786133,32.88117599487305
2010-06-10,39.09051513671875,43.949554443359375,118.97000122070312,64.83173370361328,15.950234413146973,39.392547607421875,39.117794036865234,81.79440307617188,60.483402252197266,33.89997482299805
2010-06-11,39.03253936767578,44.06233596801758,120.01000213623047,65.24391174316406,15.839826583862305,39.21977996826172,39.49102020263672,82.19155883789062,61.25054931640625,33.883541107177734
2010-06-14,39.09577941894531,43.29022216796875,119.5999984741211,65.1880111694336,15.796891212463379,39.39872360229492,39.482322692871094,82.06415557861328,60.9361572265625,33.615142822265625
2010-06-15,39.64917755126953,44.391998291015625,120.98999786376953,64.98541259765625,16.002365112304688,39.639373779296875,40.54121780395508,83.93011474609375,60.68458557128906,34.239566802978516
2010-06-16,39.50162124633789,44.81708526611328,120.33000183105469,65.16708374023438,16.069833755493164,39.43575668334961,40.70613479614258,83.90015411376953,61.03045654296875,34.239566802978516
2010-06-17,39.696624755859375,45.944889068603516,121.9000015258789,65.4744644165039,16.057573318481445,39.793636322021484,40.836307525634766,84.03501892089844,61.52718734741211,34.28887176513672
2010-06-18,39.80201721191406,46.899192810058594,122.83000183105469,65.34171295166016,16.042232513427734,39.54065704345703,40.870243072509766,84.1261215209961,61.42658996582031,34.562740325927734
2010-06-21,39.907432556152344,45.56317901611328,120.38999938964844,65.29283142089844,16.094371795654297,39.503623962402344,40.52238845825195,83.88520812988281,61.25054931640625,34.57917785644531
2010-06-22,39.00093078613281,45.233516693115234,121.44999694824219,65.68399047851562,16.088233947753906,39.059356689453125,40.20936965942383,82.4997787475586,61.979888916015625,33.9273567199707
2010-06-23,38.0838737487793,45.50244140625,120.94999694824219,65.9284896850586,16.020769119262695,38.70763397216797,40.04411697387695,82.24378967285156,62.40122985839844,33.467254638671875
2010-06-24,37.33021926879883,45.268211364746094,121.30000305175781,65.87259674072266,15.885828971862793,38.5040168762207,39.435428619384766,80.8809585571289,62.030189514160156,32.903072357177734
2010-06-25,36.924400329589844,46.74302673339844,122.76000213623047,65.97740173339844,15.413555145263672,37.49821472167969,39.44328308105469,81.21977233886719,62.28173828125,32.371768951416016
2010-06-28,36.87169647216797,46.32660675048828,121.08999633789062,66.4454574584961,15.66502857208252,38.23249435424805,39.30386734008789,80.9637451171875,62.866554260253906,32.02667999267578
2010-06-29,36.02842330932617,45.094703674316406,121.2699966430664,66.73181915283203,15.435012817382812,37.78206253051758,37.78779983520508,78.4640121459961,63.55188751220703,31.380342483520508
2010-06-30,35.764896392822266,45.077354431152344,121.68000030517578,66.8296127319336,15.370612144470215,37.609283447265625,37.212764739990234,77.71861267089844,63.979522705078125,31.259845733642578
2010-07-01,35.56462478637695,43.04730224609375,117.04000091552734,66.80020141601562,15.343012809753418,37.96099853515625,37.10821533203125,77.37226104736328,64.08039093017578,31.00786781311035
2010-07-02,35.475040435791016,43.012611389160156,118.48999786376953,66.68111419677734,15.349150657653809,37.9671630859375,37.00365447998047,76.9505844116211,63.56949996948242,30.98598289489746
2010-07-06,35.606788635253906,42.431358337402344,116.51000213623047,66.84224700927734,15.465688705444336,38.03505325317383,37.11693572998047,77.45508575439453,64.09305572509766,31.473451614379883
2010-07-07,36.602882385253906,43.36830139160156,117.7300033569336,66.63215637207031,15.784626007080078,38.83103942871094,38.301883697509766,79.89456939697266,63.34247589111328,32.004783630371094
2010-07-08,37.10885238647461,42.8390998840332,117.20999908447266,66.47100067138672,16.075960159301758,39.49128723144531,38.51099395751953,80.6851806640625,62.9388313293457,32.21290588378906
2010-07-09,37.86252212524414,43.79338836669922,118.36000061035156,66.29597473144531,16.069833755493164,39.1827507019043,38.87692642211914,81.28752899169922,62.57933044433594,32.19647979736328
2010-07-12,37.867794036865234,43.507102966308594,117.33999633789062,66.40802001953125,16.085174560546875,39.330848693847656,38.990196228027344,81.3402099609375,62.55405044555664,32.28411865234375
2010-07-13,38.5950927734375,43.71531295776367,118.36000061035156,66.07882690429688,16.167964935302734,39.13956832885742,39.49553680419922,82.56755065917969,62.0179557800293,32.54704284667969
2010-07-14,38.500221252441406,43.6025390625,118.30000305175781,66.40802001953125,16.198640823364258,39.21977996826172,39.695945739746094,82.56002807617188,62.64242172241211,32.45940017700195
2010-07-15,38.494964599609375,43.52445602416992,118.2300033569336,66.75111389160156,16.207841873168945,38.972965240478516,39.73078155517578,82.58259582519531,63.26679611206055,32.464874267578125
2010-07-16,37.6833381652832,42.11036682128906,116.66999816894531,67.1363754272461,16.060632705688477,38.53485870361328,38.632972717285156,80.30872344970703,63.57577896118164,31.747344970703125
2010-07-19,37.94685363769531,41.234153747558594,115.7300033569336,66.96125030517578,16.02996063232422,38.28803634643555,38.96406173706055,80.78305053710938,63.184749603271484,32.004783630371094
2010-07-20,38.52659225463867,42.11904525756836,116.6500015258789,67.03133392333984,16.32744789123535,39.94173812866211,39.43455123901367,81.67906188964844,63.279388427734375,32.28960037231445
2010-07-21,38.036434173583984,41.79805374145508,115.8499984741211,67.45854949951172,16.585046768188477,39.46044158935547,38.894371032714844,80.61742401123047,64.35157775878906,31.86236572265625
2010-07-22,38.70576095581055,42.64823913574219,116.86000061035156,67.08731842041016,16.640249252319336,39.62086486816406,39.8789176940918,82.41696166992188,63.607357025146484,32.52513122558594
2010-07-23,38.7479362487793,42.69162368774414,116.08999633789062,66.87023162841797,16.790523529052734,39.768951416015625,40.13158416748047,83.13225555419922,62.93251419067383,32.711368560791016
2010-07-26,39.32770919799805,42.41400909423828,115.5199966430664,66.84919738769531,16.848787307739258,40.09599685668945,40.462677001953125,83.99813079833984,62.82527542114258,33.078369140625
2010-07-27,39.686073303222656,40.852439880371094,113.51000213623047,66.6181640625,16.882526397705078,40.534114837646484,40.44527053833008,83.99060821533203,62.21980667114258,33.308406829833984
2010-07-28,39.823097229003906,41.11269760131836,113.77999877929688,66.90526580810547,16.830400466918945,40.231754302978516,40.122886657714844,83.448486328125,62.42161560058594,33.36318588256836
2010-07-29,40.0655517578125,41.364280700683594,114.29000091552734,67.04537200927734,16.86412811279297,40.04045486450195,39.82662582397461,83.0418930053711,62.402687072753906,33.05096435546875
2010-07-30,40.165687561035156,41.83275604248047,115.48999786376953,67.43746948242188,16.900922775268555,40.05280685424805,39.913787841796875,83.02681732177734,63.374000549316406,32.68946075439453
2010-08-02,41.00368881225586,41.685272216796875,115.54000091552734,67.2289810180664,17.299612045288086,40.27492141723633,40.663063049316406,84.9016342163086,62.484344482421875,33.9273567199707
2010-08-03,41.45692825317383,41.91951370239258,115.98999786376953,67.54495239257812,17.290416717529297,40.58345413208008,40.488826751708984,84.49507141113281,62.84506607055664,34.35459899902344
2010-08-04,41.646644592285156,43.04730224609375,116.72000122070312,67.26405334472656,17.34254264831543,40.83027648925781,40.898338317871094,85.05980682373047,62.364105224609375,34.35459899902344
2010-08-05,41.672996520996094,43.10803985595703,116.9800033569336,67.58707427978516,17.287343978881836,40.466243743896484,40.802490234375,84.96942138671875,62.65520095825195,34.349124908447266
2010-08-06,41.49382781982422,43.52445602416992,117.83999633789062,68.02946472167969,17.40387535095215,40.66368103027344,40.741485595703125,84.62308502197266,63.3385124206543,33.94380569458008
2010-08-09,41.78897476196289,43.541805267333984,117.4000015258789,68.01545715332031,17.5142822265625,40.984554290771484,41.020286560058594,85.0748291015625,63.10445785522461,34.20670700073242
2010-08-10,41.657196044921875,43.69796371459961,117.7300033569336,68.35951232910156,17.474414825439453,41.05242919921875,40.663063049316406,84.61553192138672,63.23731231689453,33.92189407348633
2010-08-11,40.650543212890625,42.57884216308594,117.33999633789062,68.74571990966797,17.186140060424805,40.38601303100586,39.55653381347656,82.29649353027344,64.08524322509766,33.31505584716797
2010-08-12,40.61894607543945,43.645912170410156,118.7699966430664,68.57013702392578,17.07879638671875,40.21940612792969,39.24287414550781,81.79200744628906,63.92703628540039,33.22679138183594
2010-08-13,40.7928466796875,43.15141296386719,118.73999786376953,68.86508178710938,17.091066360473633,40.453880310058594,38.96406173706055,81.55109405517578,64.72430419921875,33.05025100708008
2010-08-16,40.95624542236328,43.99292755126953,119.7300033569336,69.36365509033203,17.137069702148438,40.37367248535156,39.03376007080078,81.51343536376953,66.3441162109375,33.03370666503906
2010-08-17,41.37116622924805,44.4961051940918,119.75,69.01254272460938,17.210678100585938,40.44771957397461,39.530391693115234,82.51483154296875,65.96453094482422,33.55227279663086
2010-08-18,40.98283386230469,45.224830627441406,120.22000122070312,68.94234466552734,17.124801635742188,40.429195404052734,39.68724060058594,82.66537475585938,66.14165496826172,33.182647705078125
2010-08-19,40.344482421875,44.87781524658203,120.38999938964844,69.2513427734375,16.95306396484375,39.89854049682617,39.08604431152344,81.227294921875,67.17302703857422,32.7082405090332
2010-08-20,39.924232482910156,44.487430572509766,119.97000122070312,69.02659606933594,16.959192276000977,39.98493194580078,39.13832092285156,80.9637451171875,67.0971450805664,32.48754119873047
2010-08-23,39.924232482910156,44.15776443481445,119.77999877929688,69.11786651611328,17.051193237304688,39.99727249145508,38.75495147705078,80.65508270263672,67.10977935791016,32.82406997680664
2010-08-24,39.24861526489258,43.637237548828125,120.36000061035156,69.66560363769531,17.069602966308594,39.97257614135742,38.031776428222656,79.4578628540039,68.18541717529297,32.515132904052734
2010-08-25,39.40288543701172,45.112056732177734,121.36000061035156,69.34960174560547,16.986799240112305,39.8430061340332,38.397735595703125,79.76658630371094,67.96400451660156,32.49858856201172
2010-08-26,39.00922775268555,45.745361328125,120.95999908447266,69.66560363769531,16.916259765625,39.57150650024414,37.935951232910156,79.23200988769531,68.60302734375,32.26136779785156
2010-08-27,39.86040115356445,46.27456283569336,121.01000213623047,68.86508178710938,17.222936630249023,39.565330505371094,38.397735595703125,80.45931243896484,66.66057586669922,32.98957824707031
2010-08-30,39.24861526489258,46.083702087402344,120.91000366210938,69.39171600341797,17.03586196899414,39.244449615478516,37.99693298339844,79.29224395751953,67.93869018554688,32.54823303222656
2010-08-31,39.4082145690918,46.508792877197266,122.08000183105469,69.70073699951172,17.137069702148438,39.60234832763672,37.86624526977539,79.29224395751953,68.69168090820312,32.60893249511719
2010-09-01,40.839210510253906,45.849464416503906,121.69000244140625,69.19880676269531,17.575613021850586,40.34217071533203,38.9989013671875,81.66403198242188,67.27136993408203,33.601924896240234
2010-09-02,41.20093536376953,46.474098205566406,122.29000091552734,68.91014862060547,17.597084045410156,40.39192581176758,39.43455123901367,82.42449188232422,66.56056213378906,33.684669494628906
2010-09-03,41.493526458740234,46.57819366455078,121.86000061035156,68.51593780517578,17.652278900146484,40.764923095703125,40.0880241394043,83.49365234375,65.73554229736328,33.828094482421875
2010-09-07,40.988162994384766,46.80376434326172,122.69999694824219,69.0579605102539,17.673748016357422,40.70896911621094,39.81791305541992,82.55249786376953,67.08090209960938,33.403324127197266
2010-09-08,41.09455490112305,46.56083679199219,122.70999908447266,68.86790466308594,17.73509407043457,40.67789077758789,40.297119140625,83.13225555419922,66.54788970947266,33.51364517211914
2010-09-09,41.1530647277832,45.67595672607422,121.55999755859375,68.3259048461914,17.876155853271484,41.09442901611328,40.45397186279297,83.51626586914062,65.23413848876953,33.67915725708008
2010-09-10,41.929744720458984,46.0142936706543,121.7300033569336,68.12875366210938,17.94668960571289,41.28715896606445,40.602081298828125,83.93788146972656,64.9358901977539,33.76190948486328
2010-09-13,42.15849304199219,45.97959518432617,121.62000274658203,68.45257568359375,17.93124771118164,41.18769073486328,41.168426513671875,84.87152099609375,65.25324249267578,33.65156936645508
2010-09-14,42.296791076660156,47.61056900024414,124.0199966430664,68.79751586914062,17.795289993286133,41.019832611083984,41.34267044067383,84.81883239746094,65.88152313232422,33.657081604003906
2010-09-15,42.1372184753418,47.3676643371582,123.94000244140625,68.5581283569336,17.742759704589844,41.343135833740234,41.60405731201172,85.1426010131836,64.9041519165039,33.65156936645508
2010-09-16,42.05208969116211,48.02699279785156,124.62999725341797,68.31883239746094,17.770565032958984,41.4115104675293,41.76961135864258,85.12003326416016,64.26317596435547,33.63503646850586
2010-09-17,41.738243103027344,47.52381134033203,124.54000091552734,68.47370147705078,17.7860107421875,41.106868743896484,41.911094665527344,85.15180969238281,64.52335357666016,33.53019714355469
2010-09-20,42.50426483154297,48.0096321105957,124.87000274658203,68.68495178222656,17.91270637512207,41.58557891845703,42.64470291137695,86.45377349853516,64.89783477783203,33.95499801635742
2010-09-21,42.42447280883789,48.29591751098633,126.01000213623047,69.32552337646484,17.955965042114258,41.318241119384766,42.635963439941406,86.27970886230469,65.79899597167969,33.94947052001953
2010-09-22,42.15849304199219,48.903202056884766,126.19999694824219,69.43114471435547,17.993040084838867,41.44257736206055,42.522430419921875,85.85578155517578,66.38919067382812,33.899818420410156
2010-09-23,41.780792236328125,48.37400817871094,126.30000305175781,69.52965545654297,17.881805419921875,40.90170669555664,42.504947662353516,85.15940856933594,66.57960510253906,33.734310150146484
2010-09-24,42.62131118774414,48.29591751098633,126.69000244140625,69.18470764160156,18.11355209350586,41.11309051513672,43.36955642700195,86.91554260253906,65.68473815917969,34.065311431884766
2010-09-27,42.60002136230469,48.0096321105957,126.72000122070312,69.7197494506836,18.107370376586914,41.262298583984375,43.13374328613281,86.49921417236328,66.82709503173828,34.043243408203125
2010-09-28,43.025596618652344,49.154788970947266,127.8499984741211,69.95206451416016,18.261873245239258,41.51719665527344,43.11627197265625,86.80197143554688,67.28401184082031,34.236331939697266
2010-09-29,43.23837661743164,49.024658203125,127.94999694824219,69.78311920166016,18.15680694580078,41.498538970947266,43.04642105102539,86.65061950683594,67.00479888916016,33.97703552246094
2010-09-30,43.116024017333984,48.52149200439453,127.91000366210938,69.6986083984375,18.082651138305664,41.30582046508789,42.85429382324219,86.39321899414062,66.96037292480469,34.0873908996582
2010-10-01,43.59480285644531,49.10273742675781,128.91000366210938,69.7359390258789,18.26804542541504,41.65396499633789,42.80189514160156,86.756591796875,66.63677215576172,34.50114059448242
2010-10-04,43.25433349609375,48.19182205200195,128.4600067138672,69.98297882080078,18.193891525268555,41.57315444946289,42.33903503417969,86.10557556152344,66.80875396728516,34.30804443359375
2010-10-05,44.360836029052734,49.67531204223633,130.99000549316406,69.99703979492188,18.434907913208008,42.12645721435547,43.36955642700195,87.83905792236328,66.4074478149414,34.89832305908203
2010-10-06,44.62682342529297,50.4213981628418,131.80999755859375,70.44867706298828,18.478172302246094,42.34404754638672,42.99402618408203,87.83147430419922,67.24195098876953,35.273468017578125
2010-10-07,44.43000411987305,49.08538055419922,130.3699951171875,70.51921844482422,18.366931915283203,41.09442901611328,43.15122604370117,87.72550201416016,66.68134307861328,35.22381591796875
2010-10-08,44.653411865234375,49.71001052856445,131.66000366210938,70.54747009277344,18.357667922973633,40.8768424987793,43.44815444946289,88.21755981445312,66.38833618164062,35.51620864868164
2010-10-11,44.53106689453125,49.805442810058594,132.2899932861328,70.61801147460938,18.404016494750977,40.73384094238281,43.465614318847656,88.30084991455078,66.40107727050781,35.609981536865234
2010-10-12,44.600223541259766,49.597232818603516,131.9600067138672,70.41336822509766,18.416370391845703,41.082000732421875,43.762550354003906,88.57331085205078,65.74495697021484,35.69272232055664
2010-10-13,44.509796142578125,50.82914352416992,134.07000732421875,70.41336822509766,18.52142906188965,41.28094482421875,44.12062072753906,89.26217651367188,65.64309692382812,35.88029098510742
2010-10-14,44.63213348388672,50.48212814331055,134.75,70.01117706298828,18.512161254882812,41.430152893066406,44.03327560424805,88.91397094726562,64.66207122802734,36.02371597290039
2010-10-15,44.47787094116211,49.805442810058594,133.67999267578125,69.70779418945312,18.52142906188965,41.45502471923828,44.967750549316406,89.09564208984375,63.8721923828125,35.963050842285156
2010-10-18,44.9406852722168,49.57120895385742,134.27999877929688,70.03946685791016,18.53997039794922,41.343135833740234,44.80180358886719,89.53465270996094,64.38810729980469,36.564361572265625
2010-10-19,44.04166793823242,47.30692672729492,130.11000061035156,70.2793197631836,18.645030975341797,40.66545486450195,44.38262939453125,88.36135864257812,64.77672576904297,35.92442321777344
2010-10-20,44.69597244262695,48.113739013671875,131.32000732421875,70.23698425292969,18.89532470703125,40.39192581176758,44.70576477050781,89.22427368164062,64.9168701171875,36.415409088134766
2010-10-21,44.818359375,47.09004211425781,129.47000122070312,69.84891510009766,18.994199752807617,40.5224723815918,44.79308319091797,89.421142578125,64.14611053466797,36.586421966552734
2010-10-22,44.9779167175293,47.61923599243164,129.72999572753906,69.87010192871094,19.0374698638916,40.41679000854492,45.098724365234375,89.5876693725586,64.57926940917969,36.59745788574219
2010-10-25,45.148136138916016,48.35665512084961,130.85000610351562,69.84891510009766,18.85205841064453,40.441650390625,45.31706237792969,89.85260009765625,64.7640151977539,36.52022171020508
2010-10-26,45.29711151123047,48.40003204345703,130.8800048828125,69.38319396972656,18.92313575744629,40.28002166748047,45.439334869384766,89.86773681640625,63.76390075683594,36.7022705078125
2010-10-27,44.850250244140625,47.43705749511719,129.52000427246094,68.98101806640625,18.907684326171875,39.95671463012695,45.57907485961914,89.61038970947266,63.20335388183594,36.22784423828125
2010-10-28,44.919376373291016,48.894527435302734,131.24000549316406,69.38319396972656,18.913860321044922,40.41679000854492,45.675140380859375,89.6255111694336,63.37530517578125,36.531272888183594
2010-10-29,43.94057846069336,49.71001052856445,132.6199951171875,69.69367980957031,18.947851181030273,40.59707260131836,45.570343017578125,89.69363403320312,63.96774673461914,36.68022155761719
2010-11-01,43.32881164550781,49.64928436279297,131.9199981689453,69.57694244384766,19.068361282348633,40.752506256103516,45.60527038574219,89.72392272949219,63.69230270385742,36.93397521972656
2010-11-02,43.701194763183594,50.0309944152832,132.49000549316406,69.81037902832031,19.114717483520508,40.907936096191406,46.0943603515625,90.43548583984375,64.5294418334961,37.42496109008789
2010-11-03,43.99380111694336,49.64928436279297,131.57000732421875,70.03671264648438,19.14252281188965,40.534912109375,46.3039436340332,90.79882049560547,63.213008880615234,37.496673583984375
2010-11-04,45.291778564453125,52.0436897277832,136.02999877929688,70.60256958007812,19.29702377319336,40.62816619873047,46.87160110473633,92.54742431640625,63.7050895690918,38.2745246887207
2010-11-05,45.2066764831543,52.13044738769531,136.3800048828125,70.30548095703125,19.337194442749023,40.46030044555664,46.87160110473633,92.89561462402344,62.612327575683594,38.61655807495117
2010-11-08,45.11091613769531,53.58792495727539,137.77999877929688,70.32672882080078,19.30010986328125,40.47894287109375,46.93275451660156,92.72150421142578,62.89352798461914,38.79307174682617
2010-11-09,44.45125961303711,51.76607894897461,135.58999633789062,69.73261260986328,19.35572624206543,40.59707260131836,46.67947006225586,92.05538940429688,61.50680160522461,39.20944595336914
2010-11-10,45.3077507019043,53.20620346069336,137.24000549316406,69.9942626953125,19.327917098999023,40.566001892089844,46.915283203125,92.42630767822266,61.589866638183594,39.48701095581055
2010-11-11,45.797142028808594,53.596588134765625,137.66000366210938,69.9164810180664,19.405174255371094,40.348392486572266,46.61833953857422,92.0781021118164,61.55792999267578,39.875606536865234
2010-11-12,45.451351165771484,52.113094329833984,133.69000244140625,69.33646392822266,19.442251205444336,40.18674087524414,45.85853576660156,90.988037109375,61.225669860839844,39.409305572509766
2010-11-15,45.142845153808594,51.59257507324219,132.4199981689453,68.44529724121094,19.45461654663086,40.04997634887695,45.68387222290039,90.85935974121094,59.94759750366211,39.12617111206055
2010-11-16,44.25221633911133,50.0223274230957,130.97000122070312,68.95450592041016,19.18269157409668,39.81372833251953,44.93281173706055,89.44381713867188,61.43655776977539,38.271244049072266
2010-11-17,44.24148178100586,50.35199737548828,130.3800048828125,68.75650787353516,19.318653106689453,39.751556396484375,45.063819885253906,89.48926544189453,61.097808837890625,38.31011199951172
2010-11-18,44.971126556396484,51.21086120605469,132.08999633789062,68.59383392333984,19.726533889770508,40.267581939697266,45.78867721557617,90.80640411376953,61.34703063964844,39.03179168701172
2010-11-19,45.03550720214844,51.4277458190918,132.1999969482422,68.73529052734375,19.874855041503906,40.23027420043945,45.8236083984375,91.05622100830078,61.724098205566406,39.15948486328125
2010-11-22,44.772613525390625,52.078392028808594,133.47999572753906,69.10308837890625,19.859399795532227,40.22404098510742,46.207881927490234,90.98052215576172,61.98611068725586,38.96517562866211
2010-11-23,43.86054611206055,51.72270965576172,134.41000366210938,69.24458312988281,19.658554077148438,39.72047424316406,45.47427749633789,89.66336059570312,62.29286575317383,38.29347610473633
2010-11-24,44.493629455566406,51.76607894897461,134.17999267578125,68.50189208984375,19.964462280273438,39.9940185546875,46.39128112792969,90.988037109375,61.180885314941406,38.79307174682617
2010-11-26,44.021507263183594,50.84648895263672,133.11000061035156,68.79891967773438,19.80996322631836,39.7266960144043,46.085609436035156,89.92830657958984,62.03076934814453,38.4322395324707
2010-11-29,43.828346252441406,51.072044372558594,133.50999450683594,68.94749450683594,19.72283935546875,39.79507827758789,46.05065155029297,90.2008056640625,62.56122589111328,38.55437469482422
2010-11-30,43.44206237792969,51.61860275268555,135.4199981689453,69.06771850585938,19.654394149780273,40.18053436279297,45.49174499511719,89.69363403320312,62.88714599609375,38.615447998046875
2010-12-01,44.370243072509766,52.29528045654297,135.3800048828125,68.15943908691406,20.13042449951172,41.107540130615234,46.45241928100586,91.60120391845703,61.489227294921875,39.59804916381836
2010-12-02,45.33598709106445,53.07606887817383,135.1999969482422,67.9892807006836,20.192657470703125,40.83821487426758,46.92399597167969,92.77450561523438,61.328887939453125,39.68131637573242
2010-12-03,45.54521560668945,54.40340042114258,138.07000732421875,67.99639129638672,20.06820297241211,40.81941223144531,47.04627227783203,93.02432250976562,60.84797668457031,39.520320892333984
2010-12-06,45.577423095703125,55.349021911621094,139.11000061035156,68.4217758178711,19.90951919555664,40.54383087158203,47.028804779052734,92.9259262084961,61.707275390625,39.586944580078125
2010-12-07,46.30173110961914,54.11711883544922,136.5,67.28727722167969,19.956195831298828,40.51250076293945,47.05501174926758,92.97889709472656,60.38627243041992,39.67021179199219
2010-12-08,46.21586990356445,53.09342575073242,134.7899932861328,66.71300506591797,20.033977508544922,40.481178283691406,47.22968292236328,93.31953430175781,59.80271530151367,39.886722564697266
2010-12-09,46.48948287963867,53.29295349121094,135.3699951171875,66.85478973388672,20.17087173461914,40.53755569458008,47.27332305908203,93.682861328125,60.09769058227539,39.9699821472168
2010-12-10,46.6933708190918,53.49248123168945,135.41000366210938,66.28758239746094,20.1148738861084,40.65029525756836,47.58772659301758,94.22789764404297,59.7321891784668,40.06991195678711
2010-12-13,47.412315368652344,53.978302001953125,136.0500030517578,66.50030517578125,20.17709732055664,41.04490280151367,47.421791076660156,94.28844451904297,59.95661926269531,40.16984558105469
2010-12-14,47.41769027709961,53.900230407714844,136.17999267578125,65.79834747314453,19.881526947021484,41.082462310791016,47.5091552734375,94.37171173095703,59.08454132080078,40.06991195678711
2010-12-15,47.21918487548828,52.91123962402344,134.6999969482422,65.52894592285156,20.14287567138672,40.8632698059082,47.29954528808594,93.94023132324219,58.31500244140625,39.886722564697266
2010-12-16,47.78252410888672,52.19985580444336,133.80999755859375,65.91887664794922,20.329557418823242,41.182701110839844,47.66633987426758,94.48527526855469,58.71907424926758,40.09212112426758
2010-12-17,47.47669219970703,52.434078216552734,134.1999969482422,66.48612213134766,20.441566467285156,41.320499420166016,47.708343505859375,94.58647155761719,59.78990936279297,40.064353942871094
2010-12-20,47.64301681518555,52.546871185302734,135.11000061035156,66.47904968261719,20.320219039916992,41.53346252441406,47.743343353271484,94.81480407714844,59.72578430175781,40.09212112426758
2010-12-21,47.87371826171875,52.52952194213867,135.32000732421875,66.620849609375,20.3762264251709,40.96347427368164,48.032100677490234,95.41593933105469,60.142601013183594,40.36967468261719
2010-12-22,48.24390411376953,51.91356658935547,135.0500030517578,66.43647766113281,20.4073429107666,41.138851165771484,48.02336883544922,95.71269989013672,59.71294403076172,40.41408920288086
2010-12-23,48.65168380737305,52.30746841430664,134.66000366210938,66.20249938964844,20.40422248840332,41.14512634277344,47.90086364746094,95.57569122314453,59.591094970703125,40.63614273071289
2010-12-27,48.351200103759766,52.00177764892578,135.02000427246094,66.457763671875,20.24555206298828,40.975990295410156,47.92710876464844,95.61378479003906,60.123321533203125,40.53066635131836
2010-12-28,48.92531204223633,53.355533599853516,137.22000122070312,65.75960540771484,20.335783004760742,40.888309478759766,47.839595794677734,95.75072479248047,58.94580841064453,40.75828170776367
2010-12-29,49.02188491821289,53.54768371582031,137.7100067138672,66.49901580810547,20.36377716064453,40.91962432861328,47.94462585449219,95.8192138671875,59.943138122558594,40.73051834106445
2010-12-30,49.145263671875,53.172122955322266,137.02999877929688,66.36392974853516,20.379337310791016,40.7880973815918,47.83085632324219,95.66703033447266,59.89815902709961,40.72496795654297
2010-12-31,48.95750045776367,53.68742752075195,138.72000122070312,66.697998046875,20.463346481323242,40.91962432861328,47.65583801269531,95.68989562988281,60.56089401245117,40.59174728393555
2011-01-03,49.327674865722656,53.0760498046875,138.0,66.49186706542969,20.292224884033203,41.182701110839844,48.39964294433594,96.67910766601562,60.104034423828125,41.385581970214844
2011-01-04,49.145263671875,51.547611236572266,134.75,66.6482925415039,19.872194290161133,40.96974182128906,48.364627838134766,96.62583923339844,60.1748161315918,41.579891204833984
2011-01-05,49.05942153930664,50.84889221191406,134.3699951171875,65.93021392822266,19.75396156311035,41.70883560180664,48.775909423828125,97.1280517578125,58.849308013916016,41.46885681152344
2011-01-06,48.65702819824219,49.55628204345703,133.8300018310547,66.27147674560547,19.61083221435547,41.865421295166016,48.93342208862305,96.9378433227539,59.10667037963867,41.73532485961914
2011-01-07,48.92531204223633,49.55628204345703,133.5800018310547,66.71228790283203,19.57660484313965,41.58357620239258,48.889671325683594,96.74759674072266,59.42198944091797,41.96293258666992
2011-01-10,48.506813049316406,49.68729019165039,134.1199951171875,66.93976593017578,19.620166778564453,41.370601654052734,49.07344436645508,96.62583923339844,59.74373245239258,41.70756149291992
2011-01-11,49.268672943115234,50.69169235229492,134.91000366210938,66.67671203613281,19.50504493713379,41.54597854614258,49.1434326171875,96.9682846069336,59.409156799316406,42.018436431884766
2011-01-12,49.601322174072266,50.569419860839844,135.4600067138672,66.48477172851562,19.61394500732422,41.796531677246094,49.49345016479492,97.84337615966797,58.94580841064453,42.51251983642578
2011-01-13,49.45646667480469,48.95363235473633,134.0500030517578,66.93267059326172,19.725954055786133,41.909278869628906,49.51095962524414,97.68354034423828,59.47352600097656,42.58470153808594
2011-01-14,49.805213928222656,47.93177032470703,132.69000244140625,66.74781036376953,19.641948699951172,41.82785415649414,49.87849044799805,98.39126586914062,59.093833923339844,43.211997985839844
2011-01-18,50.08416748046875,48.74402618408203,133.42999267578125,66.58432006835938,19.750837326049805,41.69631576538086,50.018489837646484,98.55864715576172,58.81718826293945,43.69496536254883
2011-01-19,49.880313873291016,48.44706726074219,133.72000122070312,66.75495147705078,19.732181549072266,41.27665328979492,49.44969940185547,97.59224700927734,59.24184036254883,43.43405532836914
2011-01-20,49.74079895019531,47.7221565246582,131.1999969482422,66.23594665527344,19.57971954345703,41.27665328979492,49.09968185424805,97.46288299560547,58.42465591430664,43.162017822265625
2011-01-21,50.31489181518555,47.110782623291016,131.02999877929688,66.45635986328125,19.529935836791992,41.25786590576172,48.72340774536133,97.68354034423828,58.88792037963867,43.844852447509766
2011-01-24,50.4865837097168,46.66535186767578,130.36000061035156,66.46343994140625,19.679277420043945,41.4520378112793,49.39720153808594,98.23905181884766,58.913673400878906,43.628360748291016
2011-01-25,50.4758415222168,46.39460372924805,130.10000610351562,66.79754638671875,19.58905792236328,41.195220947265625,49.467201232910156,98.29232788085938,59.47352600097656,43.67831802368164
2011-01-26,50.77629852294922,48.12391662597656,131.16000366210938,66.3923568725586,19.58905792236328,41.251590728759766,49.729732513427734,98.6728286743164,58.572628021240234,44.222347259521484
2011-01-27,50.83529281616211,46.9273681640625,127.93000030517578,66.64115905761719,19.508159637451172,41.063690185546875,50.0359992980957,98.91629791259766,58.83646774291992,44.344478607177734
2011-01-28,50.094905853271484,47.337860107421875,130.27999877929688,66.94683837890625,19.3557071685791,40.33713150024414,48.76716232299805,97.1889419555664,59.14531707763672,43.85040283203125
2011-01-31,50.931884765625,47.09331130981445,129.8699951171875,66.68382263183594,19.554834365844727,40.28075408935547,49.00342559814453,97.91946411132812,58.694950103759766,44.78858947753906
2011-02-01,51.624019622802734,48.42087173461914,130.8000030517578,66.37377166748047,19.6170597076416,40.74425506591797,49.922245025634766,99.48702239990234,58.40431213378906,46.58168029785156
2011-02-02,51.76350402832031,48.06277847290039,130.4499969482422,66.21697998046875,19.557939529418945,40.49370193481445,49.8434944152832,99.2967758178711,58.41727828979492,46.30413055419922
2011-02-03,52.20879364013672,49.364139556884766,132.1999969482422,65.83927154541016,19.467716217041016,40.19932174682617,49.93098449707031,99.51746368408203,57.9329719543457,46.320770263671875
2011-02-04,52.101505279541016,49.00604248046875,131.66000366210938,65.43304443359375,19.464597702026367,39.986366271972656,50.21100616455078,99.79901123046875,57.345394134521484,46.23194885253906
2011-02-07,52.39659118652344,49.014774322509766,131.67999267578125,65.404541015625,19.45215606689453,39.88614273071289,50.44728088378906,100.4229965209961,57.64242172241211,46.592796325683594
2011-02-08,52.43952560424805,50.089054107666016,133.13999938964844,64.95550537109375,19.561052322387695,40.19306564331055,50.77980422973633,100.87957000732422,57.112953186035156,46.30818176269531
2011-02-09,51.634742736816406,49.311729431152344,133.07000732421875,65.3261489868164,19.648170471191406,40.349647521972656,50.69228744506836,100.65129089355469,57.610164642333984,46.068206787109375
2011-02-10,51.88151168823242,48.848838806152344,132.85000610351562,65.11231994628906,19.76951789855957,39.68571090698242,50.77104187011719,100.68933868408203,56.945030212402344,46.430938720703125
2011-02-11,51.747398376464844,48.674156188964844,132.32000732421875,65.41161346435547,19.778846740722656,40.005157470703125,51.13859558105469,101.29048919677734,57.765106201171875,46.2188720703125
2011-02-14,52.406864166259766,49.311729431152344,132.9499969482422,65.43304443359375,19.645063400268555,39.67319107055664,51.261085510253906,101.53397369384766,57.80379867553711,47.38524627685547
2011-02-15,52.07713317871094,50.22878646850586,133.97000122070312,65.58267974853516,19.660612106323242,40.30580520629883,51.19108581542969,101.21440124511719,58.06209945678711,46.3026008605957
2011-02-16,52.2501220703125,50.4296760559082,134.10000610351562,65.4900894165039,19.725954055786133,40.06150817871094,51.52360534667969,101.85358428955078,57.874839782714844,46.70438766479492
2011-02-17,52.52579879760742,51.049781799316406,135.0399932861328,65.7323989868164,20.083757400512695,40.5250244140625,51.50612258911133,102.15798950195312,57.96525573730469,46.81043243408203
2011-02-18,53.36366271972656,51.51268005371094,135.41000366210938,65.71812438964844,20.083757400512695,39.71703338623047,51.39234161376953,102.37101745605469,57.784507751464844,47.15642547607422
2011-02-22,54.22854232788086,51.03231430053711,136.2899932861328,66.35243225097656,19.83795738220215,39.5541877746582,49.90475082397461,100.31649017333984,58.64970397949219,47.6810188293457
2011-02-23,55.28263854980469,52.06291198730469,137.50999450683594,66.18848419189453,19.88463020324707,39.416385650634766,49.49345016479492,99.70010375976562,58.862789154052734,48.59065628051758
2011-02-24,55.15289306640625,50.4296760559082,136.47999572753906,66.35960388183594,19.875293731689453,39.479026794433594,49.7559814453125,99.63159942626953,59.237308502197266,47.97679138183594
2011-02-25,55.19072341918945,51.48647689819336,137.3800048828125,66.5733413696289,20.00908851623535,39.836036682128906,50.44728088378906,100.6969223022461,59.58597183227539,47.62519836425781
2011-02-28,56.0826530456543,52.25507354736328,137.66000366210938,66.54486083984375,19.887741088867188,39.723304748535156,50.55228805541992,101.32093048095703,59.66345977783203,47.73124694824219
2011-03-01,55.62319564819336,53.10224533081055,140.02999877929688,66.62056732177734,20.195770263671875,39.59177017211914,49.73847961425781,99.63159942626953,59.83639144897461,47.323875427246094
2011-03-02,55.93130874633789,53.0935173034668,139.9199981689453,66.2705078125,20.04642677307129,39.72430419921875,50.0009880065918,99.84467315673828,58.9165153503418,47.48011016845703
2011-03-03,56.32049560546875,52.28999328613281,138.08999633789062,65.82047271728516,20.401113510131836,40.235538482666016,50.98983383178711,101.56443786621094,58.34003448486328,47.89307403564453
2011-03-04,56.0826530456543,52.75290298461914,139.35000610351562,66.2919921875,20.289112091064453,40.01464080810547,50.727294921875,100.80348205566406,58.8259162902832,47.48011016845703
2011-03-07,55.68265151977539,52.35987091064453,139.72000122070312,66.1276626586914,20.292224884033203,40.058815002441406,50.04475402832031,100.01210021972656,58.45017623901367,47.27921676635742
2011-03-08,56.09345245361328,51.888240814208984,139.36000061035156,65.97052001953125,20.42289924621582,40.260772705078125,50.24601364135742,100.88716888427734,58.093894958496094,47.21223831176758
2011-03-09,55.212364196777344,51.47774124145508,139.41000366210938,66.35629272460938,20.416671752929688,40.80355453491211,49.90475082397461,100.74259185791016,58.657466888427734,47.089473724365234
2011-03-10,53.55826187133789,49.63488006591797,137.77000427246094,66.92061614990234,20.314001083374023,40.664710998535156,49.12593460083008,98.87825775146484,59.642112731933594,45.41526794433594
2011-03-11,54.01773452758789,50.499542236328125,138.22000122070312,66.7634506225586,20.310861587524414,40.80355453491211,49.43221664428711,99.56310272216797,59.305259704589844,45.828224182128906
2011-03-14,54.48800277709961,50.490814208984375,138.86000061035156,66.9134521484375,20.038219451904297,40.48167419433594,49.257205963134766,98.96196746826172,59.27932357788086,45.97333908081055
2011-03-15,54.7204475402832,49.329200744628906,136.27000427246094,67.15631103515625,19.75302505493164,39.76848602294922,48.55714416503906,97.82815551757812,60.166831970214844,45.420841217041016
2011-03-16,53.790706634521484,48.246185302734375,136.24000549316406,67.72779083251953,19.304882049560547,39.3266716003418,47.38456726074219,96.0170669555664,60.84700012207031,44.26006317138672
2011-03-17,55.26642990112305,48.6654167175293,136.97000122070312,67.5206527709961,19.517986297607422,39.81266403198242,47.82210159301758,97.28789520263672,60.38056945800781,45.29249572753906
2011-03-18,55.56911087036133,49.48640823364258,138.3699951171875,67.47779083251953,19.649614334106445,39.91365051269531,47.714317321777344,97.64170837402344,60.54255676269531,45.119483947753906
2011-03-21,56.86103439331055,50.674217224121094,139.13999938964844,67.12776947021484,19.922264099121094,40.4564323425293,48.63441467285156,99.15496826171875,60.18622970581055,46.23003005981445
2011-03-22,56.88268280029297,50.80522918701172,139.0500030517578,67.16341400146484,19.903451919555664,40.355445861816406,48.54680252075195,98.81101989746094,60.387046813964844,46.07377243041992
2011-03-23,57.01781463623047,52.64809036254883,140.33999633789062,67.07772064208984,20.14163589477539,40.51954650878906,48.818443298339844,99.09382629394531,60.30934524536133,46.096107482910156
2011-03-24,56.96376419067383,52.394798278808594,139.22000122070312,66.73485565185547,20.273256301879883,40.51954650878906,49.685977935791016,100.04147338867188,59.8558349609375,46.16866683959961
2011-03-25,57.72054672241211,51.984310150146484,139.25999450683594,66.55621337890625,20.439353942871094,40.38069152832031,49.80866241455078,100.34716033935547,59.706851959228516,46.66533660888672
2011-03-28,57.32052230834961,51.075984954833984,138.5399932861328,66.57769012451172,20.379810333251953,40.60791778564453,49.537017822265625,100.10261535644531,59.791072845458984,46.58161163330078
2011-03-29,58.03947448730469,51.12838363647461,138.2100067138672,66.38485717773438,20.59605598449707,40.49431228637695,50.018959045410156,100.77518463134766,59.33119583129883,46.45883560180664
2011-03-30,58.38541030883789,52.0891227722168,138.6699981689453,66.6134262084961,20.69633674621582,41.05602264404297,50.25557327270508,101.4706802368164,59.80403518676758,47.150856018066406
2011-03-31,58.10433578491211,52.490875244140625,139.86000061035156,66.44198608398438,20.790353775024414,40.65209197998047,50.32566833496094,101.33308410644531,59.68095016479492,46.94995880126953
2011-04-01,58.55296325683594,52.20265579223633,139.1999969482422,66.58378601074219,21.06614112854004,41.16330337524414,50.351959228515625,101.7610855102539,59.971046447753906,47.25687789916992
2011-04-04,58.50434494018555,52.1851921081543,139.83999633789062,66.73421478271484,21.204030990600586,41.081260681152344,50.185455322265625,101.84510803222656,60.0361442565918,47.3629264831543
2011-04-05,59.09895324707031,54.77043151855469,142.0500030517578,66.39761352539062,21.144495010375977,41.390541076660156,50.05403137207031,101.82987213134766,59.79548263549805,47.66985321044922
2011-04-06,58.736759185791016,54.82283020019531,142.3800048828125,66.11103057861328,21.194631576538086,41.497825622558594,50.176700592041016,102.15083312988281,58.89777374267578,47.53592300415039
2011-04-07,58.888153076171875,54.59575271606445,142.50999450683594,66.11820220947266,21.13508415222168,41.60511016845703,50.14166259765625,101.89097595214844,58.7806510925293,47.85959243774414
2011-04-08,59.27733612060547,55.85343933105469,143.66000366210938,65.9248275756836,21.081804275512695,41.48521041870117,49.90504455566406,101.5394287109375,58.46840286254883,47.96562957763672
2011-04-11,58.26108169555664,54.23766326904297,142.63999938964844,66.0107650756836,21.122547149658203,41.680850982666016,49.73853302001953,101.23377227783203,58.52045440673828,47.52476501464844
2011-04-12,56.31510543823242,53.37300491333008,141.61000061035156,66.38323974609375,20.96585464477539,42.0153694152832,49.396785736083984,100.47708892822266,59.151466369628906,46.419795989990234
2011-04-13,56.115089416503906,53.154659271240234,141.89999389648438,66.6410903930664,21.08493423461914,41.93962860107422,49.81742477416992,100.46947479248047,59.52222442626953,46.408626556396484
2011-04-14,56.69348907470703,53.83590316772461,143.80999755859375,66.41902923583984,21.407732009887695,42.097408294677734,49.729801177978516,100.54589080810547,59.47669982910156,46.56488037109375
2011-04-15,57.42863464355469,53.661224365234375,145.0500030517578,66.90612030029297,21.313711166381836,42.35618591308594,49.64216995239258,100.91272735595703,60.28330993652344,47.039222717285156
2011-04-18,56.488059997558594,53.12845230102539,145.92999267578125,67.07083892822266,21.094343185424805,42.38141632080078,49.291648864746094,99.78163146972656,60.41997146606445,46.375125885009766
2011-04-19,56.974571228027344,53.83590316772461,145.92999267578125,67.15681457519531,21.025400161743164,42.166839599609375,49.59833908081055,100.35482025146484,60.68014907836914,46.76577377319336
2011-04-20,58.277313232421875,54.23766326904297,146.5,66.89175415039062,21.263574600219727,42.49502182006836,50.72002410888672,101.72289276123047,60.28982925415039,47.79820251464844
2011-04-21,58.45030212402344,54.7005615234375,146.74000549316406,66.94193267822266,21.272974014282227,42.545528411865234,51.12310028076172,102.2425537109375,60.23778533935547,48.19443130493164
2011-04-25,58.06648254394531,53.486549377441406,146.8699951171875,67.17829132080078,21.229097366333008,42.30568313598633,51.25454330444336,102.13553619384766,60.465457916259766,48.11631393432617
2011-04-26,58.785423278808594,52.595680236816406,146.3800048828125,67.46483612060547,20.97525405883789,42.7348747253418,51.54372024536133,103.01445007324219,61.05094528198242,48.785980224609375
2011-04-27,58.90434646606445,53.80970001220703,149.1999969482422,67.27140045166016,20.9971923828125,42.87372970581055,51.894229888916016,103.68700408935547,60.42643356323242,48.98688507080078
2011-04-28,58.817848205566406,53.5214729309082,149.82000732421875,67.52926635742188,21.12567901611328,44.00345230102539,51.81538772583008,104.0232925415039,60.88835525512695,48.741329193115234
2011-04-29,59.158424377441406,54.32500457763672,152.3699951171875,67.66529846191406,21.14134979248047,43.47962951660156,51.77156448364258,104.26782989501953,61.07695388793945,49.09849548339844
2011-05-02,58.47728729248047,52.50834274291992,150.41000366210938,67.64448547363281,21.222829818725586,43.74469757080078,51.675174713134766,104.10735321044922,61.17498779296875,48.53485107421875
2011-05-03,57.39078903198242,50.84889221191406,149.8800048828125,67.82404327392578,21.272974014282227,43.92141342163086,51.429805755615234,103.73287200927734,61.52122497558594,47.78146743774414
2011-05-04,56.58537292480469,50.95370864868164,147.72999572753906,67.99640655517578,21.14134979248047,44.072898864746094,51.3509407043457,103.04505157470703,61.795623779296875,47.329437255859375
2011-05-05,55.471832275390625,49.00604248046875,143.47000122070312,68.33389282226562,20.903169631958008,43.44175720214844,51.07052230834961,102.11262512207031,62.38352584838867,46.10725784301758
2011-05-06,55.61238098144531,48.98857116699219,145.3000030517578,68.3697738647461,20.96585464477539,43.71943283081055,51.23702621459961,102.56356048583984,62.10917663574219,46.14633560180664
2011-05-09,56.266456604003906,49.96677780151367,147.3800048828125,68.4703369140625,20.981517791748047,44.06657409667969,51.429805755615234,102.96096801757812,62.04384231567383,46.419795989990234
2011-05-10,56.41238021850586,49.57374954223633,147.89999389648438,68.14000701904297,21.103740692138672,44.199127197265625,51.86796569824219,103.83985137939453,61.59961700439453,46.509063720703125
2011-05-11,55.27723693847656,47.957969665527344,146.5399932861328,68.3841781616211,21.09748077392578,44.30641555786133,51.49114227294922,102.74697875976562,61.9523811340332,45.52692794799805
2011-05-12,55.547489166259766,47.73088836669922,146.58999633789062,68.23336029052734,21.407732009887695,44.786102294921875,51.7978515625,103.236083984375,61.56041717529297,45.48762512207031
2011-05-13,55.34750747680664,47.34659957885742,145.6300048828125,68.49905395507812,21.367000579833984,44.53361511230469,51.1844482421875,102.44122314453125,62.11570358276367,45.38662338256836
2011-05-16,54.94748306274414,47.57368850708008,145.3699951171875,68.6642074584961,21.25731086730957,44.63461685180664,50.299381256103516,101.79159545898438,62.4619140625,45.03303909301758
2011-05-17,54.6969108581543,48.04529571533203,144.74000549316406,68.86528015136719,21.307453155517578,44.880760192871094,50.43959045410156,101.77633666992188,63.10221481323242,45.12846374511719
2011-05-18,56.0315055847168,48.377197265625,145.60000610351562,68.4703369140625,21.404598236083984,44.98173904418945,50.86022186279297,102.6858139038086,62.26594161987305,45.87489318847656
2011-05-19,56.581695556640625,48.560611724853516,145.64999389648438,68.54210662841797,21.454740524291992,45.303627014160156,51.00920867919922,102.93042755126953,62.239830017089844,46.20602035522461
2011-05-20,55.87351608276367,48.70035934448242,147.49000549316406,68.7073745727539,21.404598236083984,45.00067901611328,50.623626708984375,102.11262512207031,62.27250671386719,45.77948760986328
2011-05-23,55.219852447509766,48.333526611328125,147.8300018310547,68.80069732666016,21.150753021240234,44.836585998535156,49.87876892089844,100.92802429199219,62.57302474975586,45.27437973022461
2011-05-24,55.710121154785156,49.44273376464844,148.58999633789062,68.87246704101562,21.144495010375977,44.79871368408203,49.572059631347656,100.84396362304688,62.808223724365234,45.622314453125
2011-05-25,56.243980407714844,49.853233337402344,148.5800018310547,68.87960815429688,20.968994140625,44.464210510253906,49.76483154296875,101.18022918701172,62.51423645019531,45.99835968017578
2011-05-26,56.303890228271484,49.87070846557617,148.22000122070312,69.26024627685547,20.903169631958008,44.44526290893555,50.07155990600586,101.6463851928711,63.04994583129883,46.23968505859375
2011-05-27,56.22218704223633,50.58687973022461,149.6999969482422,69.25305938720703,20.84363555908203,44.432655334472656,50.32566833496094,102.03621673583984,63.02378463745117,46.374385833740234
2011-05-31,57.14822006225586,50.787757873535156,149.63999938964844,69.36077117919922,20.93764877319336,44.88707733154297,51.14063262939453,103.09850311279297,63.16755676269531,46.8458137512207
2011-06-01,55.829959869384766,49.84450149536133,149.91000366210938,69.93241882324219,20.921979904174805,44.68682098388672,50.0277214050293,100.7828369140625,64.02123260498047,46.03764724731445
2011-06-02,55.08366012573242,49.44273376464844,149.5,69.51483154296875,20.69633674621582,44.1909294128418,50.13288116455078,100.67584228515625,62.801639556884766,45.6447868347168
2011-06-03,55.0182991027832,49.33793640136719,150.22000122070312,69.78838348388672,20.53650665283203,43.84761428833008,49.3792724609375,99.67466735839844,63.16226577758789,45.56059265136719
2011-06-06,54.29925537109375,47.879364013671875,150.47999572753906,69.7452392578125,20.502046585083008,43.79676818847656,48.97616958618164,98.61996459960938,62.68360900878906,45.06111145019531
2011-06-07,54.18486785888672,47.748355865478516,150.4199981689453,69.87477111816406,20.43308448791504,43.82219696044922,48.88855743408203,98.55882263183594,62.97211456298828,44.89835739135742
2011-06-08,54.446327209472656,46.66535186767578,149.80999755859375,70.02593231201172,20.495758056640625,43.76498031616211,48.53803253173828,98.14611053466797,63.463890075683594,45.324886322021484
2011-06-09,55.14358901977539,47.4863395690918,150.55999755859375,69.7452392578125,20.649322509765625,44.1909294128418,48.62567138671875,98.89510345458984,63.208168029785156,45.56059265136719
2011-06-10,54.29378128051758,46.63914489746094,149.24000549316406,69.96839141845703,20.49262809753418,43.669612884521484,47.880821228027344,97.5194091796875,63.69340896606445,44.77487564086914
2011-06-13,53.890708923339844,45.870567321777344,147.77000427246094,69.81721496582031,20.555770874023438,43.904850006103516,47.880821228027344,97.59586334228516,63.3720817565918,44.4661865234375
2011-06-14,54.8004035949707,46.63041305541992,148.6699981689453,69.26284790039062,20.71043586730957,44.22908401489258,48.494224548339844,98.8339614868164,62.41477966308594,45.11161422729492
2011-06-15,53.607421875,46.342201232910156,149.1199951171875,70.01158142089844,20.508413314819336,43.53611373901367,47.57410430908203,97.07616424560547,63.54912567138672,44.14629364013672
2011-06-16,54.16305160522461,45.22425079345703,148.97000122070312,70.20597076416016,20.672555923461914,43.79676818847656,47.39009475708008,97.29015350341797,63.837650299072266,44.46058654785156
2011-06-17,54.02143859863281,45.390201568603516,149.94000244140625,70.15557098388672,20.713592529296875,43.688690185546875,47.24165725708008,97.58049011230469,63.5360221862793,44.34833908081055
2011-06-20,54.42454528808594,45.63474655151367,150.02999877929688,70.0475845336914,20.779882431030273,43.85398864746094,47.48757553100586,98.07972717285156,63.61473846435547,44.73558044433594
2011-06-21,55.33970642089844,47.17192077636719,150.75999450683594,69.95399475097656,20.915616989135742,43.82219696044922,48.50636672973633,99.42382049560547,63.33277893066406,45.21826171875
2011-06-22,55.05644607543945,47.739627838134766,150.99000549316406,69.92521667480469,20.959808349609375,43.72683334350586,48.15505599975586,98.82471466064453,63.3720817565918,44.79730987548828
2011-06-23,54.12493133544922,47.17192077636719,148.33999633789062,70.29232788085938,20.511568069458008,43.218231201171875,48.602970123291016,98.5405502319336,63.85733413696289,44.0228385925293
2011-06-24,53.32963562011719,45.92296600341797,146.25999450683594,70.58750915527344,20.49578857421875,43.517032623291016,47.75983428955078,97.39615631103516,63.58846664428711,43.09120178222656
2011-06-27,53.874351501464844,45.870567321777344,145.72999572753906,70.31393432617188,20.58417510986328,43.89847183227539,48.523921966552734,98.2640609741211,62.716426849365234,43.730987548828125
2011-06-28,54.66421890258789,46.429527282714844,146.24000549316406,69.66600799560547,20.843017578125,44.2608642578125,49.24408721923828,99.54670715332031,62.21154022216797,44.690696716308594
2011-06-29,55.17082595825195,47.4863395690918,147.17999267578125,69.24851989746094,21.057662963867188,44.47702407836914,49.44609832763672,100.39921569824219,61.79842758178711,45.03864669799805
2011-06-30,56.02061462402344,47.67849349975586,146.0,69.01092529296875,21.240753173828125,44.77581024169922,50.10478591918945,101.3592758178711,61.700069427490234,45.67283248901367
2011-07-01,56.7015495300293,46.936100006103516,144.92999267578125,68.83844757080078,21.493274688720703,44.62324905395508,50.86008834838867,102.85697937011719,61.601383209228516,46.026432037353516
2011-07-05,57.26260757446289,48.40340042114258,147.6300048828125,69.27142333984375,21.559558868408203,44.35621643066406,51.11477279663086,102.77247619628906,61.739585876464844,45.79631423950195
2011-07-06,57.2408447265625,49.02350997924805,148.91000366210938,69.39411926269531,21.63216209411621,44.61052322387695,51.28165817260742,102.89537811279297,62.05535125732422,45.77948760986328
2011-07-07,58.063358306884766,49.128318786621094,149.14999389648438,69.12705993652344,21.70160484313965,44.83302688598633,51.984283447265625,103.96297454833984,61.87113571166992,46.22284698486328
2011-07-08,57.68205261230469,49.16326141357422,150.25,69.86312866210938,21.679515838623047,44.45794677734375,51.84374237060547,103.22562408447266,62.746185302734375,46.25653839111328
2011-07-11,56.8758544921875,48.57807922363281,151.58999633789062,70.39717102050781,21.49642562866211,44.05743408203125,50.90400314331055,101.3592758178711,63.68698501586914,45.964664459228516
2011-07-12,56.864967346191406,50.106510162353516,152.77000427246094,70.4982681274414,21.417512893676758,43.87306213378906,50.517574310302734,100.9214859008789,63.904144287109375,45.95906066894531
2011-07-13,57.24627685546875,51.76597213745117,154.13999938964844,70.61367797851562,21.483802795410156,43.79676818847656,50.728355407714844,101.25940704345703,64.08181762695312,46.29020690917969
2011-07-14,57.01748275756836,51.33799743652344,154.5399932861328,70.20957946777344,21.360694885253906,43.61240768432617,50.13991165161133,100.56050872802734,63.167274475097656,46.15549850463867
2011-07-15,57.84547805786133,52.158992767333984,155.1999969482422,70.4982681274414,21.316503524780273,43.56789779663086,50.80739212036133,101.14424133300781,63.27256393432617,46.5820426940918
2011-07-18,57.86725616455078,52.910099029541016,156.57000732421875,70.45487976074219,21.187082290649414,43.23094940185547,50.535118103027344,100.31470489501953,62.66065979003906,46.38560485839844
2011-07-19,58.54819869995117,52.12405014038086,154.66000366210938,70.721923828125,21.881542205810547,43.57424545288086,51.68564987182617,101.94296264648438,63.9633674621582,46.93560791015625
2011-07-20,58.34117126464844,52.709224700927734,156.02000427246094,70.37556457519531,21.73949432373047,43.5424690246582,51.46609878540039,101.88153076171875,63.206703186035156,46.75040817260742
2011-07-21,59.61042785644531,52.44721221923828,154.8300018310547,69.98588562011719,21.88784408569336,42.06752014160156,51.80860900878906,103.2947769165039,62.71986770629883,47.71571350097656
2011-07-22,59.35984802246094,53.06731414794922,156.1199951171875,70.2529067993164,22.010955810546875,41.80687713623047,52.34434509277344,103.36387634277344,63.193580627441406,47.82795333862305
2011-07-25,58.88591384887695,52.64809036254883,157.33999633789062,70.02916717529297,21.862592697143555,40.923187255859375,52.23897171020508,102.78783416748047,62.502742767333984,47.46316146850586
2011-07-26,58.597190856933594,52.65682601928711,157.77000427246094,70.32504272460938,21.840503692626953,40.732452392578125,52.37070083618164,102.40385437011719,62.9304313659668,47.35093688964844
2011-07-27,57.54041290283203,51.075984954833984,157.19000244140625,70.20957946777344,21.682661056518555,40.59894943237305,51.01818084716797,100.30705261230469,62.93702697753906,46.75600051879883
2011-07-28,57.213592529296875,50.770301818847656,157.32000732421875,70.34666442871094,21.72055435180664,40.618019104003906,51.10600662231445,100.01519012451172,63.17388153076172,45.717742919921875
2011-07-29,56.66340637207031,49.68729019165039,158.2899932861328,71.19824981689453,21.468019485473633,40.7133903503418,50.93914031982422,99.3316421508789,64.42387390136719,44.78048324584961
2011-08-01,57.40424728393555,50.097782135009766,157.72000122070312,71.45721435546875,21.379636764526367,40.59894943237305,50.70199966430664,98.9092025756836,65.07408905029297,44.67385482788086
2011-08-02,56.352901458740234,51.049781799316406,161.52000427246094,72.11547088623047,21.171306610107422,40.1666259765625,49.41975021362305,96.3823471069336,67.02806854248047,43.68608093261719
2011-08-03,55.97702407836914,51.70482635498047,161.49000549316406,72.17341613769531,21.59113121032715,40.99311065673828,49.894004821777344,96.90459442138672,67.16007995605469,43.618751525878906
2011-08-04,52.752193450927734,48.822628021240234,160.63999938964844,73.1282958984375,20.7767276763916,40.27471923828125,47.57539749145508,92.36541748046875,69.54964447021484,41.44116973876953
2011-08-05,53.17165756225586,48.40340042114258,161.75,72.28189849853516,21.07659912109375,41.1139030456543,47.276790618896484,92.22716522216797,67.54295349121094,41.99116897583008
2011-08-08,49.16238021850586,48.42087173461914,167.1199951171875,73.43208312988281,20.555770874023438,40.03313064575195,44.43121337890625,86.2210922241211,69.67508697509766,39.3926887512207
2011-08-09,50.8783073425293,50.39474868774414,168.61000061035156,73.85890197753906,21.048194885253906,40.10942077636719,46.574180603027344,90.23028564453125,69.8863525390625,40.20646667480469
2011-08-10,49.336708068847656,51.79216384887695,174.5800018310547,74.83547973632812,20.189599990844727,38.348388671875,44.66834259033203,86.24407958984375,71.96575164794922,38.43257141113281
2011-08-11,51.243282318115234,52.27252960205078,170.75,73.73590087890625,20.98190689086914,39.96955108642578,46.635658264160156,90.11504364013672,68.3351058959961,40.4380989074707
2011-08-12,52.218360900878906,51.722293853759766,169.97000122070312,74.24954986572266,21.193397521972656,40.1666259765625,47.048431396484375,90.72181701660156,69.68831634521484,40.67536163330078
2011-08-15,53.983314514160156,53.1895866394043,171.8000030517578,73.97462463378906,21.527999877929688,40.414581298828125,47.74226760864258,92.64192962646484,68.98199462890625,41.96906661987305
2011-08-16,53.46035385131836,52.64809036254883,173.9199981689453,74.31465911865234,21.518526077270508,40.535377502441406,47.33827590942383,91.85086822509766,70.12397003173828,41.52276611328125
2011-08-17,53.63608932495117,53.04985046386719,174.4199981689453,74.83547973632812,21.868907928466797,41.08212661743164,47.057228088378906,91.91230010986328,71.35176086425781,41.89562225341797
2011-08-18,51.19807434082031,52.19392776489258,177.72000122070312,75.22608184814453,21.389102935791016,40.10942077636719,44.74739074707031,87.94912719726562,72.81725311279297,40.07653045654297
2011-08-19,51.225521087646484,53.50401306152344,179.9499969482422,75.30567932128906,21.180767059326172,39.46095275878906,43.93939971923828,86.51287078857422,73.4047622680664,39.43251419067383
2011-08-22,51.23101806640625,55.635093688964844,184.58999633789062,75.168212890625,21.23443603515625,39.36558532714844,44.09748458862305,86.58206176757812,73.21994018554688,39.647186279296875
2011-08-23,53.44386672973633,53.70490264892578,177.6699981689453,74.86442565917969,21.799463272094727,40.357357025146484,45.915470123291016,89.4314956665039,72.20996856689453,41.6131591796875
2011-08-24,53.58665084838867,52.368595123291016,171.64999389648438,74.06143951416016,21.995174407958984,40.49721908569336,46.275577545166016,90.69108581542969,70.15697479248047,41.545372009277344
2011-08-25,52.69160842895508,53.33807373046875,172.36000061035156,74.51717376708984,21.45539665222168,40.06492233276367,45.520267486572266,89.3086166381836,70.91613006591797,40.54542922973633
2011-08-26,53.18030548095703,54.569557189941406,177.47000122070312,74.75592041015625,21.622699737548828,40.1539306640625,46.6619987487793,90.60662078857422,71.61589050292969,41.036922454833984
2011-08-29,54.218116760253906,54.10665512084961,173.88999938964844,74.26400756835938,22.010955810546875,40.789676666259766,47.96181869506836,93.21028900146484,70.62567901611328,41.8730354309082
2011-08-30,54.031436920166016,55.023712158203125,179.10000610351562,74.77763366699219,22.05199432373047,41.018524169921875,48.27800369262695,93.4560546875,71.7610855102539,41.75438690185547
2011-08-31,54.273006439208984,54.849037170410156,177.72000122070312,74.50992584228516,22.238224029541016,41.2909049987793,48.357051849365234,93.87079620361328,70.65210723876953,41.81653594970703
2011-09-01,54.09730529785156,55.35559844970703,177.8699951171875,75.10369873046875,22.238224029541016,41.11148452758789,47.91791534423828,92.88770294189453,72.14981842041016,41.51713562011719
2011-09-02,52.93869400024414,56.69190216064453,183.24000549316406,75.79247283935547,22.01411247253418,40.566734313964844,46.79374313354492,90.51446533203125,74.49364471435547,40.754451751708984
2011-09-06,52.49942398071289,57.067447662353516,182.89999389648438,75.89401245117188,21.916259765625,40.022010803222656,46.80253219604492,89.85391998291016,75.26829528808594,40.19518280029297
2011-09-07,54.52011489868164,57.14604949951172,177.0800018310547,75.48805236816406,22.348697662353516,39.49007797241211,47.988197326660156,92.38849639892578,73.83149719238281,41.607521057128906
2011-09-08,54.03690719604492,58.19412612915039,181.80999755859375,75.85775756835938,22.465505599975586,39.310638427734375,47.76860046386719,91.42840576171875,74.49364471435547,41.138607025146484
2011-09-09,52.2688102722168,57.46921920776367,180.6999969482422,76.22750091552734,21.897314071655273,38.44547653198242,46.7059211730957,89.0321044921875,75.2881851196289,40.1160888671875
2011-09-12,52.66414260864258,55.80976867675781,176.6699981689453,75.99547576904297,21.90046501159668,38.541603088378906,47.303138732910156,89.60814666748047,75.36763763427734,40.58496856689453
2011-09-13,52.67512512207031,56.237735748291016,178.5399932861328,75.77072143554688,21.96086311340332,38.797950744628906,47.93548583984375,90.4299545288086,74.29505157470703,40.47764205932617
2011-09-14,53.43289566040039,55.17218780517578,177.2100067138672,75.8142318725586,22.173791885375977,39.464447021484375,48.620540618896484,91.68189239501953,74.92400360107422,41.036922454833984
2011-09-15,54.50365447998047,54.849037170410156,174.39999389648438,75.248779296875,22.571056365966797,40.51546859741211,49.34070587158203,93.2640609741211,73.77855682373047,41.810890197753906
2011-09-16,54.70679473876953,55.9931755065918,176.02999877929688,75.39371490478516,22.63780403137207,39.765655517578125,49.79296112060547,93.81605529785156,74.31488800048828,42.11594772338867
2011-09-19,54.20164108276367,55.44294357299805,173.30999755859375,76.00999450683594,22.402626037597656,38.810768127441406,49.8105583190918,92.88188171386719,75.73176574707031,41.63576889038086
2011-09-20,53.69647216796875,57.320735931396484,175.77999877929688,76.1114730834961,22.453466415405273,38.70181655883789,49.5905876159668,92.77381896972656,76.04955291748047,41.810890197753906
2011-09-21,51.76364517211914,56.14166259765625,173.58999633789062,76.4377670288086,22.018064498901367,38.95814895629883,48.728294372558594,90.04085540771484,78.5655746459961,40.65841293334961
2011-09-22,49.512332916259766,51.79216384887695,169.0500030517578,77.14823150634766,21.554061889648438,39.041481018066406,47.14450454711914,87.13032531738281,81.51854705810547,39.11613845825195
2011-09-23,49.42447280883789,49.268062591552734,159.8000030517578,76.51024627685547,21.42693519592285,38.66978073120117,47.646026611328125,87.65531158447266,80.00233459472656,39.15568542480469
2011-09-26,50.23714065551758,50.080322265625,157.5800018310547,76.19125366210938,21.852802276611328,39.663116455078125,48.200355529785156,89.73977661132812,78.71788024902344,40.51717758178711
2011-09-27,51.36279296875,49.84450149536133,160.6300048828125,75.68373107910156,22.11023712158203,40.00918197631836,48.70189666748047,90.743408203125,77.5127944946289,41.189456939697266
2011-09-28,50.374420166015625,47.63481903076172,156.22000122070312,75.69825744628906,21.630334854125977,39.714393615722656,47.98039245605469,88.89056396484375,77.48634338378906,40.714927673339844
2011-09-29,51.82954025268555,48.06277847290039,157.6999969482422,75.69825744628906,21.944974899291992,40.10531234741211,47.408447265625,89.59307861328125,78.02261352539062,41.73745346069336
2011-09-30,50.841156005859375,48.20252227783203,158.05999755859375,76.17675018310547,21.471433639526367,39.66952133178711,46.18541717529297,87.35423278808594,79.98250579833984,41.031280517578125
2011-10-03,49.35309600830078,47.55621337890625,160.9600067138672,76.88212585449219,20.791316986083984,38.637718200683594,44.9975700378418,84.86830139160156,82.1835708618164,40.19518280029297
2011-10-04,50.23166275024414,45.85309982299805,157.63999938964844,76.48985290527344,20.730928421020508,38.74028396606445,45.92144775390625,86.72889709472656,81.1414566040039,41.14427185058594
2011-10-05,51.977783203125,47.94049835205078,159.4600067138672,76.17020416259766,20.826265335083008,38.637718200683594,47.10049057006836,88.3346939086914,80.55732727050781,41.77698516845703
2011-10-06,51.95033264160156,49.145790100097656,160.49000549316406,75.63992309570312,20.78177261352539,38.817169189453125,47.89240264892578,89.93278503417969,79.0704345703125,41.74308776855469
2011-10-07,51.83502197265625,47.93177032470703,159.17999267578125,75.24757385253906,20.943845748901367,39.10556411743164,47.57564926147461,89.33059692382812,78.48631286621094,41.55665969848633
2011-10-10,53.92160415649414,49.64362335205078,163.27000427246094,74.45571899414062,21.261674880981445,39.650306701660156,49.22104263305664,92.31835174560547,77.37779998779297,43.093284606933594
2011-10-11,53.592132568359375,49.70475769042969,162.10000610351562,74.70272827148438,21.229888916015625,39.060707092285156,49.55540084838867,92.41097259521484,77.11888885498047,43.087642669677734
2011-10-12,53.69098663330078,50.12398147583008,163.25999450683594,74.4485092163086,21.445999145507812,40.18221664428711,49.80175018310547,93.2215576171875,75.99708557128906,43.59043502807617
2011-10-13,53.69647216796875,49.15450668334961,162.3000030517578,74.74633026123047,21.42057228088379,39.96432113647461,50.259315490722656,93.0362777709961,76.75379180908203,43.144134521484375
2011-10-14,55.168060302734375,50.62181854248047,163.39999389648438,74.3758544921875,21.563594818115234,39.887413024902344,51.19198989868164,94.62665557861328,75.638671875,44.12712478637695
2011-10-17,54.146724700927734,49.425270080566406,162.6199951171875,74.86259460449219,21.2934513092041,39.663116455078125,50.40009689331055,92.82014465332031,76.9463119506836,43.76555633544922
2011-10-18,56.529808044433594,49.75716018676758,161.83999633789062,74.78266143798828,21.2108154296875,39.99636459350586,51.02480697631836,94.6343994140625,76.46841430664062,44.56776809692383
2011-10-19,56.139976501464844,46.77014923095703,159.8699951171875,74.89891815185547,21.302988052368164,39.804107666015625,50.03932189941406,93.51494598388672,76.44184875488281,44.30789566040039
2011-10-20,56.77144241333008,46.40333557128906,157.77000427246094,74.74633026123047,21.33159065246582,39.810508728027344,49.79296112060547,93.92414855957031,75.89753723144531,44.46607971191406
2011-10-21,57.9465217590332,47.145713806152344,159.52000427246094,74.60830688476562,21.671649932861328,39.91305923461914,50.41768264770508,95.70748138427734,75.09436798095703,45.26829147338867
2011-10-24,58.352806091308594,48.93617248535156,161.02000427246094,74.57198333740234,21.569948196411133,39.797691345214844,51.46474838256836,96.88097381591797,75.220458984375,45.290889739990234
2011-10-25,57.38093185424805,50.1763916015625,165.58999633789062,75.21127319335938,21.277557373046875,39.61824417114258,50.452884674072266,94.99725341796875,77.13218688964844,44.87849426269531
2011-10-26,58.62738037109375,50.63055419921875,167.39999389648438,74.65917205810547,21.442827224731445,39.74002456665039,50.39128112792969,95.96224975585938,75.78469848632812,45.79933547973633
2011-10-27,59.835418701171875,51.626220703125,169.5500030517578,73.75833892822266,21.79241943359375,40.297576904296875,51.78150177001953,99.30514526367188,73.21583557128906,46.256935119628906
2011-10-28,60.20328903198242,52.82277297973633,169.6199951171875,74.20149993896484,21.906835556030273,40.50263977050781,51.86069869995117,99.28194427490234,73.98583221435547,46.03097915649414
2011-10-31,57.68297576904297,51.38166809082031,167.33999633789062,75.19671630859375,21.712970733642578,40.34242630004883,50.989620208740234,96.88870239257812,76.9197998046875,44.11582946777344
2011-11-01,56.052120208740234,51.10218811035156,167.3800048828125,76.09869384765625,21.306169509887695,39.88099670410156,49.66098403930664,94.18663787841797,79.49462890625,42.901214599609375
2011-11-02,57.40290832519531,52.368595123291016,169.05999755859375,75.91667175292969,21.538169860839844,39.99636459350586,50.083335876464844,95.72295379638672,78.50302124023438,43.70906066894531
2011-11-03,58.27593994140625,54.00185012817383,171.72000122070312,75.55999755859375,21.817848205566406,40.24630355834961,51.12158203125,97.46770477294922,77.42489624023438,44.55083084106445
2011-11-04,58.44070053100586,53.538944244384766,170.85000610351562,75.78569793701172,21.54134178161621,39.727210998535156,50.85763931274414,96.8732681274414,77.51809692382812,44.35874938964844
2011-11-07,59.14903259277344,55.28573226928711,174.97999572753906,75.87303161621094,21.678001403808594,40.054046630859375,51.218406677246094,97.47544860839844,78.01052856445312,44.82764434814453
2011-11-08,59.77499008178711,54.58701705932617,173.52999877929688,75.53087615966797,21.817848205566406,40.79744338989258,51.807918548583984,98.72611999511719,77.01226806640625,45.32773971557617
2011-11-09,57.2601203918457,53.00617599487305,172.07000732421875,76.2005615234375,21.302988052368164,39.91305923461914,49.98653793334961,95.08214569091797,78.60950469970703,43.980865478515625
2011-11-10,57.93003845214844,52.55201721191406,171.13999938964844,75.82933044433594,21.417404174804688,40.34883117675781,49.960147857666016,95.97771453857422,77.43820190429688,44.72535705566406
2011-11-11,58.78111267089844,54.42107391357422,173.9600067138672,75.4798812866211,21.649402618408203,40.55392074584961,50.90162658691406,97.78424835205078,76.96568298339844,45.30501937866211
2011-11-14,58.29792785644531,53.4254035949707,173.1999969482422,75.95301055908203,21.544527053833008,40.24630355834961,50.584861755371094,96.85781860351562,78.20355987548828,44.873104095458984
2011-11-15,56.705543518066406,53.565155029296875,173.36000061035156,75.85115814208984,21.611263275146484,41.33576583862305,51.14799118041992,97.33647155761719,78.09706115722656,44.946990966796875
2011-11-16,55.92518997192383,52.67429733276367,171.50999450683594,76.12777709960938,21.296632766723633,41.7138786315918,50.30329132080078,95.79241180419922,78.80915832519531,44.469608306884766
2011-11-17,55.38835144042969,50.543212890625,167.10000610351562,76.2806396484375,21.17268943786621,41.07301712036133,49.124244689941406,94.27153778076172,79.44140625,44.24798583984375
2011-11-18,54.1707763671875,49.83576202392578,167.6199951171875,75.9967041015625,21.417404174804688,40.94483947753906,48.74590301513672,94.17118835449219,79.4214096069336,44.270721435546875
2011-11-21,52.9421272277832,49.08464813232422,163.5,76.20787048339844,20.959745407104492,40.470603942871094,47.813209533691406,92.38008880615234,79.89393615722656,43.70808410644531
2011-11-22,53.36275100708008,49.818294525146484,165.30999755859375,76.44081115722656,20.96610450744629,40.48982620239258,47.971595764160156,92.0172348022461,80.78569793701172,43.207969665527344
2011-11-23,51.88505172729492,48.464542388916016,164.8300018310547,76.70287322998047,20.616514205932617,39.98996353149414,46.88933181762695,89.98680114746094,81.57764434814453,42.38396453857422
2011-11-25,51.0770378112793,47.85316467285156,163.39999389648438,76.215087890625,20.5751895904541,40.04763412475586,46.52858352661133,89.81697845458984,80.39305114746094,41.997493743896484
2011-11-28,53.003013610839844,49.08464813232422,166.6300048828125,76.2223892211914,20.711854934692383,40.368038177490234,48.1475715637207,92.41869354248047,80.35311126708984,43.09999465942383
2011-11-29,53.89958572387695,49.311729431152344,166.8800048828125,76.0767822265625,21.188838958740234,40.79744338989258,47.84840393066406,92.6811752319336,79.6943130493164,43.71945571899414
2011-11-30,56.904754638671875,52.761634826660156,170.1300048828125,75.63276672363281,21.521766662597656,41.34986114501953,49.61698532104492,96.4949722290039,78.44977569580078,45.714202880859375
2011-12-01,56.35686111450195,52.66556167602539,169.6300048828125,75.61090087890625,21.393712997436523,41.40800094604492,49.960147857666016,96.47953033447266,78.05619049072266,45.34479904174805
2011-12-02,56.279380798339844,50.875099182128906,169.82000732421875,75.94645690917969,21.24965476989746,41.53076171875,49.819366455078125,96.39458465576172,79.1502914428711,45.34479904174805
2011-12-05,56.904754638671875,50.534488677978516,167.32000732421875,75.90260314941406,21.227251052856445,41.60829544067383,50.36489486694336,97.44453430175781,78.99015808105469,45.71987533569336
2011-12-06,57.75706481933594,51.547611236572266,168.17999267578125,75.70569610595703,21.34569549560547,41.769813537597656,50.2241096496582,97.47544860839844,78.2363052368164,45.930137634277344
2011-12-07,57.845611572265625,51.49520492553711,169.39999389648438,76.04854583740234,21.37770652770996,41.937801361083984,50.2241096496582,97.83826446533203,78.5165023803711,46.07791519165039
2011-12-08,56.58932113647461,50.01044464111328,165.97999572753906,76.4350357055664,21.36170768737793,41.56305694580078,49.37941360473633,95.69206237792969,79.49723052978516,45.39027404785156
2011-12-09,57.696197509765625,50.50827407836914,166.39999389648438,75.90989685058594,21.63060188293457,42.11869430541992,50.171302795410156,97.31330871582031,77.8626480102539,46.22567367553711
2011-12-12,57.043121337890625,48.73528289794922,161.99000549316406,76.1725082397461,21.412921905517578,41.776275634765625,49.60818862915039,95.8927993774414,78.72997283935547,45.49254608154297
2011-12-13,57.34752655029297,47.1981201171875,158.4499969482422,76.5225830078125,21.281679153442383,41.53076171875,49.062652587890625,94.99725341796875,79.46379852294922,45.7653694152832
2011-12-14,55.63739013671875,45.748287200927734,152.88999938964844,76.84349060058594,21.211246490478516,41.33693313598633,48.29715347290039,93.98588562011719,80.96493530273438,45.145896911621094
2011-12-15,55.16142654418945,45.13691329956055,152.3300018310547,76.77781677246094,21.412921905517578,41.89900588989258,48.16517639160156,94.32557678222656,80.66473388671875,45.48118209838867
2011-12-16,55.820030212402344,46.01030731201172,155.22999572753906,77.14983367919922,21.588993072509766,41.8085823059082,48.41315841674805,94.46540832519531,81.60541534423828,45.555084228515625
2011-12-19,55.189109802246094,44.69148254394531,154.8699951171875,77.41238403320312,21.56658363342285,41.58890914916992,47.93660354614258,93.45545959472656,82.63947296142578,45.19704818725586
2011-12-20,57.37519454956055,46.28106689453125,156.97999572753906,76.71220397949219,21.89630889892578,42.338375091552734,49.3574104309082,96.28340911865234,80.5779800415039,46.60074996948242
2011-12-21,58.34925842285156,46.254852294921875,157.16000366210938,76.46421813964844,22.270851135253906,42.667877197265625,48.65141296386719,96.46987915039062,79.45716857910156,47.237220764160156
2011-12-22,58.83628463745117,45.7657585144043,156.0399932861328,76.55902862548828,22.149202346801758,42.667877197265625,49.06619644165039,97.32447052001953,79.79076385498047,47.902156829833984
2011-12-23,59.494876861572266,46.23873519897461,156.30999755859375,76.24539184570312,22.3892879486084,43.01030349731445,49.48978042602539,98.19466400146484,78.9034194946289,48.430660247802734
2011-12-27,59.760536193847656,45.43291473388672,154.91000366210938,76.28852844238281,22.370079040527344,42.887550354003906,49.67435836791992,98.2723159790039,79.27826690673828,48.464778900146484
2011-12-28,58.64259719848633,43.8475456237793,151.02999877929688,76.770751953125,22.25164031982422,42.583892822265625,49.10027313232422,96.98262023925781,80.74400329589844,47.83964538574219
2011-12-29,59.478267669677734,44.846065521240234,150.33999633789062,76.86573028564453,22.4597110748291,42.99092483520508,49.45356369018555,97.98487091064453,80.89122772216797,48.4590950012207
2011-12-30,58.8860969543457,45.047515869140625,151.99000549316406,77.13610076904297,22.398900985717773,42.8681526184082,49.31223678588867,97.50318145751953,81.15226745605469,48.16925048828125
2012-01-03,61.083251953125,47.12340545654297,155.9199981689453,76.64655303955078,22.453317642211914,42.900482177734375,50.257328033447266,99.05701446533203,79.93414306640625,48.873966217041016
2012-01-04,60.978092193603516,47.07084274291992,156.7100067138672,76.40543365478516,22.312461853027344,43.120140075683594,50.469322204589844,99.21240997314453,78.98377990722656,48.88531494140625
2012-01-05,60.380401611328125,47.21099853515625,157.77999877929688,76.4200439453125,22.206823348999023,42.784175872802734,50.88444519042969,99.47654724121094,78.84317779541016,48.737552642822266
2012-01-06,59.943153381347656,46.729244232177734,157.1999969482422,76.71961212158203,22.06597137451172,42.2479248046875,51.06110382080078,99.22015380859375,79.46560668945312,48.373863220214844
2012-01-09,60.59624099731445,46.99201583862305,156.5,76.73422241210938,22.06597137451172,42.46760177612305,50.89326858520508,99.46099853515625,79.3250961303711,48.58980178833008
2012-01-10,60.358238220214844,47.71025085449219,158.63999938964844,76.58079528808594,22.197219848632812,42.42236328125,51.26423645019531,100.32341766357422,79.19120788574219,48.71483612060547
2012-01-11,59.644317626953125,47.57011413574219,159.6699981689453,77.02653503417969,21.787464141845703,42.002410888671875,51.3702278137207,100.37776184082031,80.22196960449219,48.35110092163086
2012-01-12,58.09467315673828,47.92922592163086,160.3800048828125,76.86573028564453,21.63060188293457,41.75043869018555,51.5733757019043,100.61859893798828,80.10813903808594,48.157894134521484
2012-01-13,58.71455001831055,47.342369079589844,159.25999450683594,77.20917510986328,21.444936752319336,41.60829544067383,51.38789749145508,100.09808349609375,80.90460968017578,48.2374382019043
2012-01-17,59.063175201416016,46.580345153808594,160.5,77.28225708007812,21.560176849365234,41.769813537597656,51.856021881103516,100.48651123046875,81.27943420410156,48.69779968261719
2012-01-18,59.124080657958984,46.63289260864258,161.60000610351562,77.04113006591797,21.637008666992188,41.89900588989258,52.54496765136719,101.59752655029297,80.29553985595703,49.129676818847656
2012-01-19,59.17942428588867,45.67816925048828,161.22000122070312,76.58079528808594,21.592191696166992,42.583892822265625,52.871768951416016,102.13359069824219,79.19120788574219,49.45930862426758
2012-01-20,59.157264709472656,45.704444885253906,162.07000732421875,76.31770324707031,21.797067642211914,42.82293701171875,52.79226303100586,102.5143051147461,78.29443359375,49.72071075439453
2012-01-23,59.22367477416992,46.43144226074219,163.16000366210938,76.14974975585938,21.93791961669922,42.706642150878906,52.809940338134766,102.2501449584961,77.79914093017578,49.7093620300293
2012-01-24,59.063175201416016,45.389122009277344,162.00999450683594,76.23739624023438,21.736244201660156,42.77125549316406,52.71279525756836,102.13359069824219,77.93963623046875,49.5445556640625
2012-01-25,59.622169494628906,48.37593460083008,166.4199981689453,76.60266876220703,21.905912399291992,43.09429168701172,53.37522888183594,102.98824310302734,77.75226593017578,49.56728744506836
2012-01-26,58.991241455078125,48.840171813964844,167.27000427246094,77.01182556152344,21.771455764770508,42.97800064086914,53.18973159790039,102.45990753173828,78.78300476074219,49.311553955078125
2012-01-27,57.535701751708984,50.04890823364258,168.97000122070312,77.24569702148438,21.588993072509766,42.51927185058594,53.3487434387207,102.4133071899414,79.03064727783203,48.77732849121094
2012-01-30,57.231292724609375,49.45329284667969,168.02999877929688,77.50871276855469,21.59539031982422,42.260833740234375,53.39289474487305,102.06367492675781,79.96087646484375,48.58412551879883
2012-01-31,57.07083511352539,49.45329284667969,169.30999755859375,77.80099487304688,21.6177978515625,42.4288330078125,53.46355056762695,102.02484893798828,80.88459014892578,47.589599609375
2012-02-01,56.888160705566406,49.5408821105957,169.55999755859375,77.53089141845703,21.720239639282227,42.887550354003906,53.89634704589844,102.91832733154297,79.95806884765625,47.72028732299805
2012-02-02,57.386260986328125,50.33795166015625,171.0500030517578,77.64069366455078,21.713836669921875,42.900482177734375,54.064170837402344,103.08141326904297,79.9245376586914,47.47024917602539
2012-02-03,58.387996673583984,49.4357795715332,167.63999938964844,77.02584075927734,21.793869018554688,43.06844711303711,54.80610275268555,104.52652740478516,78.20697021484375,48.26016616821289
2012-02-06,59.03554153442383,49.208045959472656,167.17999267578125,77.23812103271484,21.777860641479492,42.97800064086914,54.76192855834961,104.45655822753906,78.98521423339844,48.73188400268555
2012-02-07,59.124080657958984,48.94527053833008,169.6999969482422,76.74032592773438,21.944320678710938,43.133060455322266,54.876773834228516,104.72075653076172,78.00569915771484,49.06718444824219
2012-02-08,59.08531951904297,48.647464752197266,168.5,76.7769775390625,21.8739013671875,43.120140075683594,55.16823196411133,105.03152465820312,78.06612396240234,48.752872467041016
2012-02-09,58.86948776245117,48.39345932006836,168.02000427246094,76.60130310058594,21.7586612701416,41.524295806884766,55.56571578979492,105.16360473632812,77.48240661621094,48.501461029052734
2012-02-10,58.2662353515625,47.72777557373047,167.13999938964844,77.03311920166016,21.749052047729492,41.31755447387695,55.177066802978516,104.38671112060547,78.48873138427734,47.88435745239258
2012-02-13,58.875030517578125,47.56135177612305,167.50999450683594,76.9819107055664,21.909109115600586,41.14955520629883,55.68935775756836,105.16360473632812,78.58939361572266,48.238624572753906
2012-02-14,58.935890197753906,47.09712600708008,167.1199951171875,77.14299774169922,22.056365966796875,41.039730072021484,55.83068084716797,105.03152465820312,79.00530242919922,48.38148498535156
2012-02-15,58.556671142578125,46.913185119628906,168.11000061035156,77.20149230957031,21.89630889892578,40.74897766113281,55.44205093383789,104.54204559326172,78.86448669433594,48.06720733642578
2012-02-16,59.40433883666992,48.13069152832031,168.0,76.85013580322266,22.043561935424805,40.52932357788086,56.20164108276367,105.69963836669922,78.23387908935547,48.80431365966797
2012-02-17,59.48244094848633,47.42996597290039,167.35000610351562,76.76966857910156,22.104387283325195,40.497005462646484,56.02500534057617,105.97933959960938,78.21372985839844,48.92432403564453
2012-02-21,60.4583625793457,48.89271926879883,171.02000427246094,76.49151611328125,22.03075408935547,40.79420471191406,56.183982849121094,106.02597045898438,77.34827423095703,49.467166900634766
2012-02-22,59.95088195800781,49.777374267578125,172.94000244140625,76.79157257080078,22.168407440185547,40.768375396728516,55.92784118652344,105.68412017822266,78.3210678100586,49.66714859008789
2012-02-23,60.424930572509766,50.15401077270508,173.02000427246094,76.90144348144531,22.14600372314453,40.78776168823242,56.2988166809082,106.1502685546875,78.3210678100586,49.72429275512695
2012-02-24,60.83202362060547,49.45329284667969,172.22999572753906,76.9599609375,22.0883731842041,40.904056549072266,56.49311447143555,106.38330841064453,78.8309097290039,49.907142639160156
2012-02-27,61.13872146606445,49.10293197631836,171.6999969482422,77.21612548828125,22.033964157104492,40.91050720214844,56.5726203918457,106.56201934814453,79.52869415283203,49.844295501708984
2012-02-28,61.12760925292969,50.215328216552734,173.49000549316406,77.25272369384766,22.040361404418945,40.91050720214844,57.14673614501953,106.872802734375,79.26702880859375,49.79287338256836
2012-02-29,60.85434341430664,48.52484130859375,164.2899932861328,76.94535064697266,22.363679885864258,40.998451232910156,56.890586853027344,106.45326232910156,78.78399658203125,49.42715072631836
2012-03-01,61.21125411987305,48.95403289794922,166.61000061035156,76.69603729248047,22.28044891357422,40.744407653808594,57.341064453125,107.00489044189453,78.0422592163086,49.61573791503906
2012-03-02,61.12760925292969,47.99053955078125,166.33999633789062,77.00396728515625,22.14600372314453,40.7248649597168,57.29689407348633,106.67860412597656,78.77523803710938,49.33002853393555
2012-03-05,60.965843200683594,46.965736389160156,165.64999389648438,76.85001373291016,22.162006378173828,40.90074157714844,56.70509338378906,106.24348449707031,78.1498794555664,49.718563079833984
2012-03-06,60.703739166259766,45.95845413208008,162.6999969482422,77.17256164550781,22.011547088623047,40.56852722167969,56.14864730834961,104.68964385986328,79.09797668457031,49.06147003173828
2012-03-07,61.043949127197266,46.133636474609375,163.6300048828125,77.02599334716797,22.02115249633789,40.78999710083008,56.581451416015625,105.4199447631836,78.61383819580078,49.04430389404297
2012-03-08,61.361785888671875,46.702972412109375,165.27999877929688,76.79869079589844,22.17481231689453,41.004966735839844,57.19090270996094,106.46882629394531,77.82711791992188,48.472896575927734
2012-03-09,61.105281829833984,46.63289260864258,166.3800048828125,76.74003601074219,22.25164031982422,41.135231018066406,57.42936325073242,106.880615234375,77.9817123413086,48.1700553894043
2012-03-12,61.3450813293457,45.87086486816406,165.07000732421875,76.718017578125,22.45651626586914,41.64983367919922,57.45587921142578,106.88831329345703,77.96827697753906,48.884334564208984
2012-03-13,62.00871658325195,45.643131256103516,162.3000030517578,76.168212890625,22.653215408325195,41.9103889465332,58.524620056152344,108.81510925292969,76.59652709960938,49.632877349853516
2012-03-14,61.72990036010742,43.900089263916016,159.57000732421875,75.29568481445312,22.64354705810547,41.72801208496094,58.727752685546875,108.69857025146484,74.6666488647461,49.15287780761719
2012-03-15,61.361785888671875,43.917606353759766,161.0800018310547,75.27367401123047,22.67902374267578,41.79964828491211,58.89558410644531,109.32787322998047,74.78096008300781,49.19289016723633
2012-03-16,61.501220703125,43.733673095703125,161.3000030517578,75.25170135498047,22.624195098876953,41.99506759643555,58.85399627685547,109.47925567626953,74.92890167236328,49.392852783203125
2012-03-19,61.73544692993164,43.44462585449219,161.58999633789062,74.78978729248047,22.701589584350586,42.16444396972656,59.269840240478516,109.90843200683594,74.03461456298828,49.70717239379883
2012-03-20,60.83202362060547,43.67234802246094,160.1300048828125,74.8265151977539,22.762861251831055,42.522705078125,59.376007080078125,109.5884780883789,74.33050537109375,49.48430252075195
2012-03-21,60.179534912109375,43.58476257324219,160.2100067138672,75.20767974853516,22.93377113342285,42.5748176574707,59.384849548339844,109.40904998779297,75.17095184326172,49.147186279296875
2012-03-22,58.75188064575195,42.700103759765625,159.57000732421875,75.30301666259766,23.0305118560791,42.594364166259766,59.26100158691406,108.620849609375,75.4130859375,48.75862121582031
2012-03-23,59.31513977050781,43.58476257324219,161.52999877929688,75.58162689208984,23.053077697753906,42.535728454589844,59.2255973815918,108.9720230102539,76.12586212158203,48.884334564208984
2012-03-26,60.14047622680664,44.3468017578125,164.39999389648438,75.49365234375,23.185287475585938,42.84838104248047,60.260765075683594,110.50147247314453,75.73583221435547,49.730010986328125
2012-03-27,59.69435501098633,43.716148376464844,163.24000549316406,75.91154479980469,23.17561912536621,42.99821853637695,60.349239349365234,110.15809631347656,76.2805404663086,49.49571228027344
2012-03-28,59.05301284790039,42.85776901245117,161.50999450683594,75.7796401977539,23.430368423461914,42.94611358642578,60.1103401184082,109.61189270019531,76.17295837402344,49.06147003173828
2012-03-29,59.5883903503418,42.97163391113281,161.27999877929688,76.09481048583984,23.80119514465332,43.00472640991211,59.88031768798828,109.42462921142578,76.74447631835938,49.18718338012695
2012-03-30,59.78915023803711,43.39207458496094,162.1199951171875,75.72093200683594,23.865699768066406,43.21969223022461,59.76531219482422,109.877197265625,75.4466781616211,49.558597564697266
2012-04-02,60.39703369140625,44.1365852355957,162.94000244140625,75.90238189697266,23.907617568969727,43.47372817993164,60.3846435546875,110.68093872070312,75.86466979980469,49.752872467041016
2012-04-03,59.75011444091797,42.700103759765625,159.88999938964844,75.34420776367188,23.785072326660156,43.35646057128906,60.36693572998047,110.22834014892578,74.550048828125,49.04430389404297
2012-04-04,58.89129638671875,40.91327667236328,157.2100067138672,75.72608184814453,23.68834114074707,43.21315002441406,59.54410934448242,109.13591003417969,75.5748062133789,48.558616638183594
2012-04-05,58.417259216308594,40.4665641784668,158.30999755859375,76.06396484375,23.691556930541992,43.08940887451172,59.91570281982422,109.0812759399414,76.1208724975586,48.46718978881836
2012-04-09,57.714561462402344,40.711822509765625,159.3699951171875,76.8424072265625,23.498083114624023,42.568302154541016,59.4644775390625,107.85614776611328,77.90066528320312,47.9300537109375
2012-04-10,56.57692337036133,41.202327728271484,161.10000610351562,77.20230865478516,23.223981857299805,42.24259567260742,58.508934020996094,106.04582977294922,78.78385925292969,46.952945709228516
2012-04-11,56.29804992675781,40.720577239990234,161.07000732421875,76.90119934082031,23.256237030029297,42.43803024291992,58.792049407958984,106.90416717529297,77.83999633789062,47.255821228027344
2012-04-12,57.212650299072266,42.1745719909668,162.6999969482422,76.74695587158203,23.288476943969727,42.58783721923828,59.4644775390625,108.30098724365234,77.51639556884766,47.770076751708984
2012-04-13,56.203243255615234,41.605228424072266,160.85000610351562,77.20960998535156,23.198192596435547,42.37939453125,58.56201934814453,107.0134506225586,78.77039337158203,47.39863967895508
2012-04-16,56.61036682128906,40.85195541381836,160.4600067138672,77.18760681152344,23.35942268371582,42.98517990112305,57.90732955932617,106.94320678710938,78.65575408935547,48.00435256958008
2012-04-17,57.787078857421875,41.263633728027344,160.25,77.10677337646484,23.846342086791992,43.25225067138672,59.08403015136719,108.52729034423828,78.60856628417969,48.827186584472656
2012-04-18,57.658809661865234,40.84320068359375,159.30999755859375,77.26103210449219,23.917287826538086,43.12849044799805,58.93364334106445,108.1605224609375,78.83782196044922,48.99860763549805
2012-04-19,57.168052673339844,40.82569122314453,159.42999267578125,77.34911346435547,23.804414749145508,43.08940887451172,58.270050048828125,107.46599578857422,78.91197967529297,48.73003387451172
2012-04-20,57.17362594604492,40.396484375,159.5399932861328,77.35650634765625,23.90439224243164,43.402076721191406,58.11079406738281,107.64546203613281,78.92546844482422,48.74147033691406
2012-04-23,57.1290168762207,39.45052719116211,159.07000732421875,77.5107192993164,23.76250648498535,43.10894775390625,57.579952239990234,106.74028778076172,79.49849700927734,48.96434020996094
2012-04-24,57.45805358886719,39.53810501098633,159.3000030517578,77.31244659423828,23.90117073059082,43.32391357421875,57.270294189453125,107.1460952758789,78.93890380859375,49.31858444213867
2012-04-25,57.915340423583984,40.54539489746094,159.6199951171875,77.21696472167969,24.162357330322266,43.42813491821289,58.792049407958984,108.61308288574219,78.53436279296875,49.62717819213867
2012-04-26,59.237064361572266,40.51035690307617,161.02999877929688,77.4739990234375,24.41388511657715,43.232696533203125,59.137115478515625,109.3700180053711,79.00635528564453,49.18147277832031
2012-04-27,59.22589111328125,40.992103576660156,161.3800048828125,77.55475616455078,24.710554122924805,43.05683517456055,59.49102020263672,109.54948425292969,79.07379913330078,49.18718338012695
2012-04-30,59.426673889160156,40.63298416137695,161.8800048828125,77.6208267211914,24.6105899810791,42.9917106628418,59.06635284423828,109.14370727539062,79.09398651123047,49.335750579833984
2012-05-01,60.38030242919922,40.67677688598633,161.32000732421875,77.47965240478516,24.807294845581055,43.310874938964844,59.16366958618164,109.82259368896484,78.68376159667969,49.7357292175293
2012-05-02,59.68876266479492,39.99357604980469,160.58999633789062,77.6268081665039,24.8814640045166,43.532352447509766,59.331787109375,109.4948959350586,79.23788452148438,49.255733489990234
2012-05-03,59.1087760925293,38.434478759765625,158.97000122070312,77.61946105957031,24.971750259399414,43.5844612121582,58.70358657836914,108.65986633300781,79.21768951416016,48.941463470458984
2012-05-04,57.84284210205078,38.5833740234375,159.47000122070312,77.92842864990234,24.829872131347656,42.92655944824219,57.24374008178711,106.90416717529297,79.83938598632812,48.3243522644043
2012-05-07,57.61418914794922,38.25053787231445,159.0800018310547,77.90631866455078,24.920156478881836,43.395572662353516,57.29684066772461,106.982177734375,79.85285949707031,48.27289962768555
2012-05-08,57.35208511352539,36.936683654785156,156.0,78.08280944824219,24.87501335144043,43.33041763305664,57.08447265625,106.55304718017578,80.27870178222656,48.010047912597656
2012-05-09,56.76094055175781,37.68119812011719,154.47000122070312,78.1490249633789,24.758926391601562,42.95261764526367,56.90754318237305,105.92100524902344,80.33271026611328,47.6043586730957
2012-05-10,57.64205551147461,37.742515563964844,154.77000427246094,78.03865814208984,24.962078094482422,43.50629806518555,56.792518615722656,106.13949584960938,80.0962142944336,47.661895751953125
2012-05-11,57.26842498779297,37.15566635131836,153.55999755859375,78.29615783691406,24.98141860961914,43.51280975341797,56.78367614746094,105.81956481933594,80.7584457397461,47.811500549316406
2012-05-14,56.85017395019531,35.88560485839844,151.3300018310547,78.64188385009766,24.78795051574707,43.74079132080078,56.25282669067383,104.64907836914062,81.88706970214844,47.24763107299805
2012-05-15,56.270172119140625,34.4578857421875,149.74000549316406,78.66395568847656,24.691194534301758,44.1967658996582,56.06700897216797,104.0481948852539,82.2182846069336,47.05778884887695
2012-05-16,56.326446533203125,34.650596618652344,149.4600067138672,78.72278594970703,24.613815307617188,44.78302001953125,55.68657684326172,103.6502456665039,82.45475769042969,47.27641296386719
2012-05-17,56.348941802978516,36.209693908691406,152.8000030517578,79.01703643798828,24.223634719848633,44.796051025390625,54.509857177734375,102.11300659179688,83.91446685791016,47.1268196105957
2012-05-18,55.40361404418945,36.4549446105957,154.5500030517578,78.96551513671875,23.878599166870117,44.372650146484375,53.80204772949219,101.23905181884766,83.93472290039062,46.87366485595703
2012-05-21,56.095741271972656,37.67243576049805,154.64999389648438,78.75958251953125,24.02692413330078,44.28145217895508,55.3061408996582,102.97915649414062,83.75904083251953,47.20160675048828
2012-05-22,55.88752746582031,37.26076889038086,152.0800018310547,78.59038543701172,23.923736572265625,44.34659957885742,55.24418258666992,103.15865325927734,82.82644653320312,47.149818420410156
2012-05-23,55.707489013671875,38.92498016357422,151.6199951171875,78.79642486572266,24.03982162475586,44.29448318481445,55.35037612915039,103.21327209472656,83.4008560180664,47.20160675048828
2012-05-24,56.303958892822266,39.09139633178711,151.41000366210938,78.62715911865234,24.36551856994629,44.822120666503906,54.98762512207031,103.4161605834961,83.08322143554688,47.52956771850586
2012-05-25,55.628692626953125,39.336647033691406,152.67999267578125,78.85521697998047,24.259098052978516,44.71136474609375,54.916831970214844,103.0805892944336,83.39409637451172,47.22462463378906
2012-05-29,56.405216217041016,38.6184196472168,151.02000427246094,78.78895568847656,24.333269119262695,45.16082763671875,55.61579132080078,104.32910919189453,83.1373062133789,47.13832092285156
2012-05-30,54.936553955078125,38.74979782104492,151.91000366210938,79.53929138183594,24.204282760620117,44.78532409667969,55.146873474121094,102.8152847290039,85.2458267211914,45.907066345214844
2012-05-31,55.31922149658203,38.346885681152344,151.6199951171875,79.8482666015625,24.09787368774414,44.54241180419922,54.90799331665039,102.58897399902344,86.23246765136719,45.23966979980469
2012-06-01,54.250083923339844,40.79941177368164,157.5,80.53414916992188,23.56903076171875,44.3192138671875,53.44814682006836,100.00615692138672,88.27961730957031,44.831172943115234
2012-06-04,54.34572219848633,41.456329345703125,157.32000732421875,80.06999969482422,23.74637794494629,44.299522399902344,53.85513687133789,99.95931243896484,87.58211517333984,44.779396057128906
2012-06-05,54.29507827758789,41.63151168823242,157.13999938964844,79.80479431152344,23.61739730834961,43.98441696166992,54.07631301879883,100.71623229980469,86.41058349609375,44.64706802368164
2012-06-06,56.15763473510742,41.7103385925293,157.2100067138672,79.28167724609375,24.059179306030273,44.306095123291016,55.31498718261719,102.97915649414062,84.68370056152344,46.1314697265625
2012-06-07,56.48963165283203,40.28262710571289,154.5,79.47322845458984,23.95275115966797,44.43081283569336,55.09379577636719,103.04159545898438,84.8123779296875,46.42489242553711
2012-06-08,56.74283218383789,40.5804328918457,154.72999572753906,79.53217315673828,24.262319564819336,44.84439468383789,55.624637603759766,103.86093139648438,84.79206848144531,46.51119613647461
2012-06-11,56.219547271728516,39.99357604980469,155.36000061035156,79.74581146240234,24.075298309326172,44.6737174987793,54.68679428100586,102.54219055175781,85.17805480957031,46.18324661254883
2012-06-12,56.68656921386719,40.95706558227539,156.4600067138672,79.31851959228516,24.249435424804688,44.90348434448242,55.35037612915039,103.7204818725586,84.39934539794922,46.752830505371094
2012-06-13,56.34333419799805,40.98334503173828,157.1199951171875,79.73847961425781,24.249425888061523,45.001956939697266,54.96992492675781,103.05721282958984,85.23225402832031,46.39037322998047
2012-06-14,57.35055923461914,41.10596466064453,157.75,79.52483367919922,24.5903263092041,45.474613189697266,55.17341995239258,104.14962768554688,85.12388610839844,47.25339889526367
2012-06-15,58.70668029785156,41.09720993041992,157.83999633789062,79.89318084716797,24.703960418701172,45.61249923706055,55.85890579223633,105.21481323242188,85.59791564941406,47.880531311035156
2012-06-18,58.21711730957031,41.80668640136719,157.92999267578125,79.87109375,24.668251037597656,45.69125747680664,56.38211441040039,105.41874694824219,86.05843353271484,47.81725311279297
2012-06-19,58.55474090576172,41.76288986206055,157.16000366210938,79.59848022460938,24.5903263092041,45.50086975097656,56.96738815307617,106.43840789794922,84.93427276611328,48.6054573059082
2012-06-20,58.31279373168945,41.403770446777344,155.97000122070312,79.43636322021484,24.53189468383789,45.23828887939453,57.01173782348633,106.26585388183594,85.3541488647461,48.88737487792969
2012-06-21,56.281429290771484,39.2578239440918,152.02000427246094,79.60587310791016,24.242935180664062,44.9691276550293,55.592857360839844,103.88141632080078,85.80787658691406,47.24187088012695
2012-06-22,56.51776885986328,39.047607421875,152.63999938964844,79.25956726074219,24.33060073852539,45.10042190551758,56.17815017700195,104.68144226074219,84.66342163085938,47.24187088012695
2012-06-25,55.75246047973633,39.555633544921875,153.75999450683594,79.69426727294922,24.275394439697266,45.041343688964844,55.096256256103516,103.00289916992188,85.89590454101562,46.7413330078125
2012-06-26,56.80474090576172,38.93374252319336,152.6199951171875,79.51744842529297,24.376052856445312,45.25798034667969,55.44211959838867,103.52059173583984,85.55734252929688,47.40874481201172
2012-06-27,57.716312408447266,38.784828186035156,152.8300018310547,79.62799072265625,24.785123825073242,45.78973388671875,55.779090881347656,104.45399475097656,85.6927490234375,47.8690071105957
2012-06-28,58.21711730957031,37.935218811035156,151.0500030517578,79.88584899902344,24.85979461669922,45.69125747680664,55.15834426879883,104.15589904785156,85.9026870727539,47.811500549316406
2012-06-29,59.36503982543945,39.21403121948242,155.19000244140625,79.51744842529297,25.385766983032227,46.38713455200195,56.89645004272461,106.752197265625,84.78528594970703,49.23258972167969
2012-07-02,59.56760025024414,39.20526885986328,155.08999633789062,79.88636016845703,25.622766494750977,46.452781677246094,57.064937591552734,107.07374572753906,85.66008758544922,49.100276947021484
2012-07-03,60.41731643676758,40.685543060302734,157.4600067138672,79.68714904785156,25.7006893157959,46.452781677246094,57.543819427490234,107.7796859741211,85.00179290771484,49.641082763671875
2012-07-05,59.66326141357422,40.089927673339844,155.67999267578125,79.90115356445312,25.47018051147461,46.065467834472656,57.57926559448242,107.29337310791016,85.43612670898438,49.23258972167969
2012-07-06,59.123077392578125,38.91622543334961,153.7100067138672,80.18148040771484,25.372777938842773,46.09830093383789,56.86098098754883,106.2737045288086,86.23014831542969,48.7895622253418
2012-07-09,58.77983093261719,38.7585563659668,154.0399932861328,80.40288543701172,25.31758689880371,45.94729232788086,56.754554748535156,106.14035034179688,86.99021911621094,48.12795639038086
2012-07-10,58.453468322753906,37.5498161315918,152.14999389648438,80.43973541259766,25.31758689880371,45.86851119995117,56.19587707519531,105.21481323242188,87.16674041748047,47.81725311279297
2012-07-11,58.9992790222168,36.76151657104492,152.99000549316406,80.365966796875,25.148761749267578,46.03919219970703,55.885520935058594,105.23051452636719,87.2752685546875,48.547943115234375
2012-07-12,59.10056686401367,36.533775329589844,152.58999633789062,80.55039978027344,24.882526397705078,45.85539245605469,55.3622932434082,104.72066497802734,87.89285278320312,48.39834976196289
2012-07-13,59.65202713012695,37.05931854248047,154.13999938964844,80.48399353027344,25.090320587158203,46.22303009033203,56.20474624633789,106.47765350341797,87.66215515136719,49.17506408691406
2012-07-16,60.08531188964844,36.92793273925781,154.2100067138672,80.66110229492188,24.830585479736328,46.18362808227539,56.045127868652344,106.2266616821289,88.06932067871094,48.93342208862305
2012-07-17,60.451053619384766,36.5250129699707,153.47000122070312,80.45452117919922,25.22343635559082,46.170501708984375,56.337772369384766,106.95613098144531,87.37708282470703,49.32466125488281
2012-07-18,60.704261779785156,36.01698684692383,153.0500030517578,80.53570556640625,25.142261505126953,46.20332336425781,57.10040283203125,107.748291015625,87.42459106445312,49.60083770751953
2012-07-19,61.24445724487305,36.42866516113281,153.3800048828125,80.4175796508789,25.1779842376709,46.22956848144531,57.73004150390625,108.03070068359375,87.20066833496094,49.60083770751953
2012-07-20,61.441410064697266,36.54254150390625,153.6699981689453,80.73490142822266,25.0091495513916,45.9276008605957,56.96738815307617,107.04238891601562,88.26610565185547,49.45121765136719
2012-07-23,60.74364471435547,35.649112701416016,153.02999877929688,80.86769104003906,24.960447311401367,45.52057647705078,56.27568817138672,105.9599838256836,88.76155090332031,49.025474548339844
2012-07-24,59.81520080566406,35.6666374206543,153.52000427246094,81.02264404296875,24.889028549194336,45.159515380859375,55.83229446411133,105.05010986328125,89.4605941772461,48.663002014160156
2012-07-25,59.68014144897461,36.75274658203125,155.6699981689453,81.06694030761719,25.005903244018555,46.15080261230469,55.459842681884766,105.07363891601562,89.69132995605469,49.042724609375
2012-07-26,60.92372131347656,37.51478576660156,156.77000427246094,80.81605529785156,25.60004425048828,46.754764556884766,56.19587707519531,106.8071060180664,88.8701400756836,49.77919006347656
2012-07-27,61.480812072753906,37.77755355834961,157.5399932861328,80.2331771850586,25.976655960083008,47.4375114440918,57.526065826416016,108.77587127685547,87.19386291503906,50.314247131347656
2012-07-30,61.79591751098633,38.29433059692383,157.42999267578125,80.49140930175781,26.3370304107666,47.75919723510742,57.48170471191406,108.77587127685547,87.84538269042969,50.37753677368164
2012-07-31,61.66086959838867,37.51478576660156,156.49000549316406,80.6315689086914,26.233150482177734,47.74605941772461,57.4639892578125,108.0150146484375,88.02182006835938,49.96902847290039
2012-08-01,62.17855453491211,37.006752014160156,155.13999938964844,80.33751678466797,26.30131721496582,47.52941131591797,57.29549026489258,107.92088317871094,87.58181762695312,50.003562927246094
2012-08-02,61.47517395019531,36.82282257080078,154.1300048828125,80.52967071533203,25.892236709594727,47.135528564453125,57.09153747558594,107.17572784423828,88.07827758789062,49.410945892333984
2012-08-03,62.52740478515625,37.54106521606445,155.5500030517578,80.10842895507812,26.24287986755371,47.83796691894531,58.17340850830078,109.30138397216797,86.65689086914062,50.37181091308594
2012-08-06,62.63432312011719,38.3030891418457,156.3000030517578,80.1601333618164,26.18120765686035,47.581939697265625,58.616825103759766,109.51313781738281,86.69088745117188,50.314247131347656
2012-08-07,62.99446105957031,38.74103927612305,156.27999877929688,79.73895263671875,25.898746490478516,47.45720672607422,59.10456466674805,110.06222534179688,85.57557678222656,50.584651947021484
2012-08-08,63.10136032104492,38.53083419799805,156.47999572753906,79.62812805175781,25.830570220947266,47.641029357910156,59.07795715332031,110.195556640625,85.1198959350586,50.79180145263672
2012-08-09,63.37710189819336,39.03009033203125,156.99000549316406,79.56901550292969,25.726669311523438,47.358726501464844,59.25531005859375,110.2896728515625,85.05868530273438,51.0755500793457
2012-08-10,63.89479446411133,39.28409957885742,157.17999267578125,79.79808807373047,25.580562591552734,47.35216522216797,59.290771484375,110.47005462646484,85.48711395263672,51.21453094482422
2012-08-13,63.742862701416016,38.74979782104492,155.99000549316406,79.74633026123047,25.518882751464844,47.2602653503418,59.43267059326172,110.4151611328125,85.34430694580078,51.04082107543945
2012-08-14,63.76536178588867,38.478275299072266,155.1300048828125,79.35469818115234,25.57082748413086,47.42438507080078,59.45927047729492,110.43083953857422,84.18814086914062,51.0755500793457
2012-08-15,63.850440979003906,38.670963287353516,155.6300048828125,78.9557113647461,25.551359176635742,47.673851013183594,59.61001205444336,110.55633544921875,83.00474548339844,50.95974349975586
2012-08-16,64.27584838867188,39.98481369018555,156.55999755859375,78.76353454589844,25.681217193603516,48.30406188964844,60.31943130493164,111.37207794189453,82.2974624633789,51.34772491455078
2012-08-17,63.90150833129883,39.71329116821289,156.72000122070312,78.85958099365234,25.668224334716797,48.179344177246094,60.585487365722656,111.52111053466797,82.69879150390625,51.19136428833008
2012-08-20,63.82207107543945,39.95853805541992,157.25999450683594,78.9039535522461,25.629261016845703,48.13993453979492,60.674163818359375,111.52896118164062,82.86874389648438,50.93076705932617
2012-08-21,63.51579666137695,40.62422561645508,158.8300018310547,78.97040557861328,25.49290657043457,47.92987823486328,60.434749603271484,111.19169616699219,83.23600769042969,50.64699935913086
2012-08-22,63.612220764160156,41.605228424072266,160.5399932861328,79.58380126953125,25.174732208251953,47.851104736328125,60.68303680419922,111.23876190185547,84.60979461669922,50.80337142944336
2012-08-23,63.124446868896484,41.53516387939453,161.88999938964844,79.72415924072266,24.746171951293945,47.70010757446289,60.18642807006836,110.32888793945312,84.9635238647461,50.56016540527344
2012-08-24,63.53281021118164,41.666542053222656,161.97000122070312,79.68718719482422,24.979934692382812,47.962703704833984,60.55888366699219,110.99559020996094,84.88185119628906,50.988677978515625
2012-08-27,63.37400436401367,41.07969284057617,161.36000061035156,79.89411926269531,24.785123825073242,48.034912109375,60.65644454956055,111.01914978027344,85.37830352783203,50.809139251708984
2012-08-28,63.72563934326172,41.0359001159668,161.63999938964844,79.9236831665039,24.67474365234375,48.002098083496094,60.65644454956055,110.90931701660156,85.58233642578125,51.01762390136719
2012-08-29,63.41370391845703,40.63298416137695,160.58999633789062,79.87201690673828,24.324098587036133,47.77888870239258,60.65644454956055,110.99559020996094,85.20829772949219,50.90182113647461
2012-08-30,62.92021942138672,40.30889892578125,160.52000427246094,80.01978302001953,24.116315841674805,47.38500213623047,60.04457092285156,110.195556640625,85.65032958984375,50.496463775634766
2012-08-31,63.617881774902344,41.990631103515625,164.22000122070312,80.53700256347656,24.285140991210938,47.54914093017578,60.44361877441406,110.7210922241211,86.8609390258789,50.55438232421875
2012-09-04,63.0847053527832,41.84172821044922,164.47999572753906,80.35273742675781,24.207218170166016,47.581939697265625,60.381526947021484,110.6191177368164,86.77367401123047,50.45011901855469
2012-09-05,62.82947540283203,41.981868743896484,164.30999755859375,80.32318115234375,24.356565475463867,47.316062927246094,60.31943130493164,110.52497100830078,86.3647232055664,50.57173538208008
2012-09-06,64.11135864257812,43.032955169677734,164.88999938964844,79.77557373046875,24.772144317626953,47.71952438354492,61.65848159790039,112.76827239990234,84.92671203613281,51.533016204833984
2012-09-07,64.66153717041016,44.19789123535156,168.44000244140625,79.87920379638672,24.609813690185547,47.686424255371094,61.56983184814453,113.20750427246094,84.53142547607422,52.07157897949219
2012-09-10,64.63885498046875,43.33951187133789,167.2899932861328,79.91615295410156,24.453969955444336,47.514469146728516,60.78059387207031,112.56431579589844,84.73587799072266,51.8167724609375
2012-09-11,64.763671875,43.62855911254883,167.89999389648438,79.7681655883789,24.525394439697266,47.34251403808594,60.68303680419922,112.87806701660156,84.2043228149414,51.89784622192383
2012-09-12,64.933837890625,43.803741455078125,167.9199981689453,79.37605285644531,24.54827880859375,46.33720016479492,60.86038589477539,113.25454711914062,83.15470886230469,51.85731506347656
2012-09-13,66.11359405517578,46.00225067138672,171.30999755859375,79.60535430908203,25.071271896362305,46.879539489746094,61.68510818481445,114.98016357421875,82.82756042480469,52.830169677734375
2012-09-14,66.5049819946289,47.17595672607422,171.8000030517578,78.85800170898438,24.920917510986328,46.60174560546875,62.234920501708984,115.489990234375,80.62616729736328,53.4498176574707
2012-09-17,66.44257354736328,47.202232360839844,170.39999389648438,79.02081298828125,25.071271896362305,46.555450439453125,62.26151657104492,115.09780883789062,81.5940170288086,53.223976135253906
2012-09-18,66.34615325927734,47.57887268066406,171.72000122070312,79.22063446044922,25.247791290283203,46.780338287353516,62.31471252441406,115.00366973876953,82.00289916992188,53.07339859008789
2012-09-19,66.13628387451172,47.99053955078125,171.74000549316406,79.40558624267578,25.182415008544922,46.85969543457031,62.4300537109375,115.06644439697266,82.54134368896484,52.44798278808594
2012-09-20,66.84528350830078,47.6139030456543,171.47000122070312,79.44999694824219,25.260866165161133,47.11764144897461,62.36793899536133,115.07431030273438,82.74575805664062,52.998104095458984
2012-09-21,66.81694030761719,48.008060455322266,171.9600067138672,79.62018585205078,24.862077713012695,46.66127395629883,62.385711669921875,115.02617645263672,82.84119415283203,53.22975158691406
2012-09-24,66.80557250976562,46.38764190673828,171.0500030517578,79.79776763916016,24.920917510986328,46.7604866027832,62.021095275878906,114.85272216796875,83.4886703491211,53.20656967163086
2012-09-25,66.32347106933594,45.695674896240234,170.77000427246094,80.09375762939453,24.633264541625977,46.52900314331055,61.14958572387695,113.6304702758789,84.3133316040039,53.125518798828125
2012-09-26,65.96614074707031,45.89714050292969,169.80999755859375,80.42677307128906,24.68555450439453,46.575286865234375,60.65156936645508,112.99171447753906,85.21980285644531,52.830169677734375
2012-09-27,66.4765853881836,47.202232360839844,172.33999633789062,80.25655364990234,25.045129776000977,46.72080993652344,61.48752212524414,114.05626678466797,84.61321258544922,53.1602668762207
2012-09-28,66.11359405517578,47.02705001831055,171.88999938964844,80.25655364990234,24.79669761657715,46.80677795410156,60.9805908203125,113.52790069580078,84.66088104248047,52.957557678222656
2012-10-01,66.5049819946289,47.237266540527344,172.2899932861328,80.40546417236328,25.090883255004883,46.72742462158203,60.89168167114258,113.82759094238281,84.97506713867188,53.1602668762207
2012-10-02,66.90766906738281,46.939456939697266,172.10000610351562,80.3536148071289,25.064735412597656,46.707584381103516,61.06953811645508,113.94590759277344,84.85895538330078,53.11394500732422
2012-10-03,65.87538146972656,46.17742919921875,172.41000366210938,80.43512725830078,24.999366760253906,46.7604866027832,61.46085739135742,114.4111328125,84.88629913330078,53.10234069824219
2012-10-04,66.4482421875,47.51755905151367,173.61000061035156,80.11654663085938,25.058208465576172,46.8729248046875,61.67428207397461,115.2311782836914,83.82771301269531,53.40346145629883
2012-10-05,66.64678192138672,46.99201583862305,172.6199951171875,79.75347137451172,25.22163963317871,47.02504348754883,61.3452033996582,115.23908996582031,82.74173736572266,53.59457015991211
2012-10-08,66.71482849121094,46.624141693115234,172.0500030517578,80.0128173828125,25.22163963317871,47.08457565307617,60.784969329833984,114.84478759765625,83.43841552734375,53.669857025146484
2012-10-09,66.56735229492188,45.61685562133789,170.99000549316406,79.84980773925781,25.208560943603516,47.03166198730469,59.81559371948242,113.70932006835938,83.28810119628906,53.35136795043945
2012-10-10,63.782379150390625,45.96720504760742,170.83999633789062,80.0424575805664,24.90130043029785,46.48931121826172,59.513221740722656,112.98384094238281,83.87547302246094,52.71434783935547
2012-10-11,64.12837982177734,45.975975036621094,171.32000732421875,80.11654663085938,24.914377212524414,46.17845153808594,59.326473236083984,113.04692077636719,84.45600128173828,52.79542922973633
2012-10-12,63.56682586669922,45.24897384643555,170.05999755859375,80.1239242553711,24.99281883239746,46.33060073852539,59.299781799316406,112.67632293701172,84.66771697998047,52.71434783935547
2012-10-15,63.992244720458984,45.2314567565918,168.35000610351562,80.14620208740234,24.927461624145508,46.52236557006836,59.735565185546875,113.61470031738281,84.47650909423828,52.99232482910156
2012-10-16,64.71260833740234,46.133636474609375,169.4199981689453,79.76826477050781,24.77709197998047,46.49592971801758,60.580421447753906,114.7659683227539,83.30860900878906,53.49612045288086
2012-10-17,65.33086395263672,46.51903533935547,169.5399932861328,79.2645034790039,24.672496795654297,46.363643646240234,60.544837951660156,115.28640747070312,82.536865234375,54.08100891113281
2012-10-18,65.03023529052734,45.12635040283203,168.7899932861328,79.12369537353516,24.737863540649414,46.800167083740234,59.84225845336914,114.98677062988281,82.03146362304688,54.133121490478516
2012-10-19,64.30987548828125,45.31029510498047,166.97000122070312,79.45709228515625,24.45021629333496,46.2181396484375,58.41046905517578,113.07061004638672,83.1446762084961,53.36293029785156
2012-10-22,63.94684982299805,45.92341613769531,167.5800018310547,79.19036865234375,24.339082717895508,46.032955169677734,58.712852478027344,113.0863265991211,82.61197662353516,53.38612747192383
2012-10-23,62.04106140136719,44.63584518432617,165.42999267578125,79.56824493408203,23.93375015258789,45.31865692138672,58.15258026123047,111.51716613769531,83.79351806640625,52.22212600708008
2012-10-24,62.228233337402344,43.8475456237793,164.86000061035156,79.39786529541016,24.11026382446289,45.239288330078125,57.94802474975586,111.20170593261719,82.96712493896484,52.04841995239258
2012-10-25,62.93724060058594,45.18766403198242,166.02000427246094,79.10887145996094,24.247560501098633,45.56337356567383,57.94802474975586,111.52501678466797,82.543701171875,52.36690902709961
2012-10-26,63.062015533447266,44.881099700927734,165.92999267578125,79.6126937866211,24.214868545532227,45.62289047241211,58.116973876953125,111.46196746826172,83.75939178466797,52.4769401550293
2012-10-31,62.52883529663086,46.33509826660156,166.8300018310547,79.93873596191406,24.306392669677734,45.79486083984375,57.761268615722656,111.46196746826172,84.2510986328125,52.79542922973633
2012-11-01,63.22084426879883,45.5555419921875,166.07000732421875,79.77918243408203,24.40445327758789,45.92715072631836,58.5794563293457,112.62899780273438,83.5613021850586,53.0444450378418
2012-11-02,61.46818161010742,43.58476257324219,162.60000610351562,79.845947265625,24.241016387939453,45.66918182373047,57.9569206237793,111.62749481201172,83.49986267089844,52.27423858642578
2012-11-05,61.93328857421875,43.260677337646484,163.22999572753906,80.03887176513672,24.038358688354492,45.6361198425293,58.33930587768555,111.856201171875,83.97107696533203,52.48274612426758
2012-11-06,62.59691619873047,44.0927848815918,166.3000030517578,79.67533111572266,24.463289260864258,45.86760330200195,58.446044921875,112.73153686523438,83.1788558959961,53.05023193359375
2012-11-07,60.98037338256836,44.73219299316406,166.49000549316406,80.34307098388672,24.00566864013672,45.6295166015625,57.06760787963867,110.17658233642578,84.6882095336914,51.3836784362793
2012-11-08,60.0501708984375,45.029998779296875,167.99000549316406,80.69917297363281,23.77031707763672,45.49722671508789,56.169368743896484,108.85183715820312,85.94489288330078,50.73686599731445
2012-11-09,60.03312683105469,44.381832122802734,167.82000732421875,80.70658111572266,23.724550247192383,45.536903381347656,56.40949249267578,108.94645690917969,86.04048919677734,50.81843948364258
2012-11-12,60.084197998046875,43.83001708984375,167.4499969482422,80.7585220336914,23.58726692199707,45.378177642822266,56.40062713623047,109.03319549560547,86.1839370727539,50.882545471191406
2012-11-13,59.715511322021484,43.33951187133789,167.10000610351562,80.85501098632812,23.639568328857422,45.358333587646484,56.009307861328125,108.65470886230469,86.47077178955078,50.38725280761719
2012-11-14,58.63994598388672,41.35997772216797,167.13999938964844,80.87722778320312,23.54149627685547,45.08716583251953,55.35121154785156,107.1879653930664,86.55274200439453,50.154151916503906
2012-11-15,58.13654708862305,40.26511001586914,166.08999633789062,80.84017181396484,23.816083908081055,45.100406646728516,55.16444396972656,107.006591796875,86.38201141357422,50.194908142089844
2012-11-16,58.58272933959961,40.70305252075195,165.8800048828125,80.89202880859375,23.90106773376465,45.17974853515625,55.40457534790039,107.53492736816406,86.30683135986328,50.37557601928711
2012-11-19,59.69833755493164,41.84172821044922,167.8699951171875,80.72886657714844,24.345613479614258,45.49060821533203,56.72075271606445,109.71131896972656,85.82193756103516,51.086490631103516
2012-11-20,59.246395111083984,41.482608795166016,167.38999938964844,80.39498138427734,24.352153778076172,45.57659912109375,56.73855972290039,109.75862121582031,84.96141052246094,50.987422943115234
2012-11-21,59.55531692504883,42.11325454711914,167.55999755859375,80.27632141113281,24.443681716918945,45.841148376464844,56.85416793823242,109.9636459350586,84.91362762451172,51.28462219238281
2012-11-23,60.33908462524414,42.691349029541016,169.61000061035156,80.23176574707031,24.79669761657715,46.423179626464844,57.7168083190918,111.46196746826172,84.83161163330078,51.913936614990234
2012-11-26,60.06450271606445,42.700103759765625,169.42999267578125,80.36534881591797,24.424070358276367,46.29752731323242,57.965816497802734,111.2253646850586,85.23460388183594,51.64007568359375
2012-11-27,59.143394470214844,41.5701904296875,168.7100067138672,80.55078887939453,24.463289260864258,46.37027359008789,57.77015686035156,110.65762329101562,85.56925964355469,50.90000534057617
2012-11-28,60.40202713012695,41.95560073852539,166.5500030517578,80.65464782714844,24.723297119140625,46.52900314331055,58.2681884765625,111.54866790771484,85.44633483886719,51.337039947509766
2012-11-29,60.52214431762695,42.078224182128906,167.17999267578125,80.73626708984375,24.993165969848633,46.50253677368164,58.61502456665039,112.06910705566406,85.45994567871094,51.34872055053711
2012-11-30,60.46494674682617,41.64902114868164,166.0500030517578,80.72144317626953,24.96026039123535,46.436397552490234,58.517181396484375,112.0927505493164,85.22779083251953,51.3603630065918
2012-12-03,59.875709533691406,40.711822509765625,166.1300048828125,80.68946838378906,24.60481071472168,46.21152877807617,58.40157699584961,111.54076385498047,85.30648803710938,51.051517486572266
2012-12-04,59.4752311706543,40.860721588134766,164.4199981689453,80.83062744140625,24.45342445373535,46.204925537109375,58.366004943847656,111.38306427001953,85.79912567138672,50.80678939819336
2012-12-05,60.167442321777344,39.722049713134766,164.1199951171875,80.89749145507812,24.558734893798828,46.46283721923828,57.7168083190918,111.5801773071289,85.75814819335938,51.12147521972656
2012-12-06,60.89975357055664,39.89722442626953,164.5,80.94204711914062,24.60481071472168,46.669471740722656,58.09033203125,111.95872497558594,85.94284057617188,51.27879333496094
2012-12-07,61.208683013916016,40.230079650878906,165.16000366210938,80.71177673339844,24.822019577026367,46.82944107055664,57.743473052978516,112.29780578613281,85.14904022216797,51.628414154052734
2012-12-10,61.191524505615234,40.74685287475586,165.8000030517578,80.78608703613281,24.775936126708984,46.796104431152344,57.912452697753906,112.3451156616211,85.52542877197266,51.51768493652344
2012-12-11,61.63774108886719,40.53663635253906,165.64999389648438,80.63007354736328,24.920764923095703,46.93607711791992,58.66838455200195,113.11001586914062,84.87535858154297,51.85566711425781
2012-12-12,61.83229446411133,41.7191047668457,165.77000427246094,80.28836822509766,24.775936126708984,46.81611251831055,58.54387283325195,113.1651840209961,83.88997650146484,52.12370300292969
2012-12-13,61.73501968383789,40.58919143676758,164.3699951171875,80.13235473632812,24.7496280670166,46.796104431152344,58.0814323425293,112.47130584716797,83.95152282714844,51.61675262451172
2012-12-14,61.68351745605469,40.711822509765625,164.1300048828125,80.31065368652344,24.78911590576172,46.76278305053711,57.530067443847656,112.0533447265625,84.58106994628906,51.32539367675781
2012-12-17,62.175533294677734,40.73809051513672,164.44000244140625,79.88719940185547,24.68379783630371,46.90275573730469,58.294864654541016,113.37027740478516,83.31509399414062,51.785736083984375
2012-12-18,62.987911224365234,40.07240676879883,162.0800018310547,79.5751953125,24.538986206054688,47.00941848754883,59.184181213378906,114.63192749023438,82.46659088134766,52.187808990478516
2012-12-19,62.87923049926758,39.73080825805664,161.69000244140625,79.68663024902344,24.20987319946289,46.5761604309082,58.926273345947266,113.78025817871094,82.74026489257812,51.53516387939453
2012-12-20,63.14810562133789,39.476802825927734,159.72999572753906,79.73863220214844,24.387590408325195,46.729469299316406,58.926273345947266,114.434814453125,82.75398254394531,51.79738998413086
2012-12-21,62.76478576660156,39.573150634765625,160.3300018310547,79.95406341552734,24.28227424621582,46.40953063964844,58.30653762817383,113.39602661132812,83.65727996826172,50.83009719848633
2012-12-24,62.146915435791016,39.68996047973633,160.6199951171875,79.87238311767578,24.17696189880371,46.276248931884766,58.1902961730957,113.0466079711914,83.50672149658203,50.64944839477539
2012-12-26,62.04966354370117,39.955448150634766,160.77999877929688,80.03675842285156,23.972898483276367,45.88298797607422,57.68054962158203,112.57012939453125,83.80706787109375,50.73686599731445
2012-12-27,62.083988189697266,40.21207046508789,161.16000366210938,80.20037841796875,23.972898483276367,45.769683837890625,57.59112548828125,112.41920471191406,84.08832550048828,50.614498138427734
2012-12-28,60.89975357055664,39.76075744628906,160.5399932861328,80.38641357421875,23.67671012878418,45.33644104003906,57.03666687011719,111.20420837402344,84.56835174560547,49.58891677856445
2012-12-31,61.866600036621094,41.05278396606445,162.02000427246094,79.96235656738281,23.861005783081055,45.60969924926758,58.243953704833984,113.0942611694336,83.10760498046875,50.43385314941406
2013-01-02,63.1538200378418,41.681095123291016,163.1699981689453,79.59786987304688,24.7496280670166,46.20958709716797,60.0950813293457,115.99288177490234,81.99652862548828,51.69249725341797
2013-01-03,62.884925842285156,39.94658660888672,161.1999969482422,79.188720703125,24.7496280670166,46.22957229614258,59.7821044921875,115.73081970214844,80.88550567626953,51.599273681640625
2013-01-04,63.216739654541016,40.1147346496582,160.44000244140625,79.22589111328125,24.78911590576172,46.29623031616211,59.58534622192383,116.23906707763672,81.20097351074219,51.838191986083984
2013-01-07,62.78766632080078,39.36252975463867,159.42999267578125,79.2704849243164,24.552156448364258,46.28955078125,59.60325622558594,115.92146301269531,81.2352523803711,51.23799133300781
2013-01-08,62.507362365722656,39.51296615600586,160.55999755859375,79.46392059326172,24.381013870239258,46.42954635620117,59.486976623535156,115.58790588378906,81.77021026611328,51.55849075317383
2013-01-09,62.667545318603516,39.25633239746094,160.49000549316406,79.50859069824219,24.37442398071289,46.662803649902344,59.710533142089844,115.88170623779297,81.69474029541016,51.3603630065918
2013-01-10,63.199581146240234,40.18552780151367,161.97999572753906,79.27796936035156,24.328351974487305,47.196014404296875,60.068267822265625,116.80293273925781,81.46846008300781,51.91976547241211
2013-01-11,63.920440673828125,40.17668151855469,161.05999755859375,79.53089141845703,24.295429229736328,47.24268341064453,60.14874267578125,116.79495239257812,82.1954116821289,52.216949462890625
2013-01-14,64.56119537353516,40.026241302490234,161.5399932861328,79.50115203857422,24.348108291625977,47.51596450805664,59.88047790527344,116.71553802490234,81.9691162109375,52.19947814941406
2013-01-15,64.89868927001953,40.344825744628906,162.55999755859375,79.69451141357422,24.565311431884766,47.72256851196289,59.58534622192383,116.79495239257812,82.34630584716797,52.170326232910156
2013-01-16,65.20194244384766,40.008541107177734,162.64999389648438,79.79869079589844,24.565311431884766,47.642581939697266,59.82681655883789,116.77909088134766,82.51780700683594,52.1353645324707
2013-01-17,65.64241790771484,39.822696685791016,163.35000610351562,79.43421173095703,24.69038200378418,48.27580261230469,60.11296463012695,117.53350067138672,81.69474029541016,52.56074142456055
2013-01-18,65.92850494384766,39.92005157470703,163.08999633789062,79.65740966796875,24.815452575683594,48.30911636352539,59.97882080078125,117.79563903808594,82.32571411132812,52.91034698486328
2013-01-22,66.3117904663086,40.54835891723633,163.6699981689453,79.72425079345703,24.44025230407715,48.12249755859375,60.07720184326172,118.43096160888672,82.48343658447266,52.980308532714844
2013-01-23,65.79689025878906,39.43333053588867,163.2100067138672,79.7614974975586,24.44025230407715,47.862525939941406,60.44384765625,118.62149047851562,82.36001586914062,52.85210037231445
2013-01-24,66.07721710205078,38.256343841552734,161.4199981689453,79.62762451171875,24.427091598510742,48.14249801635742,59.612178802490234,118.65322875976562,82.07198333740234,53.230865478515625
2013-01-25,66.47771453857422,37.0970573425293,160.64999389648438,79.09941864013672,24.387590408325195,48.3157844543457,59.916229248046875,119.3203353881836,80.94723510742188,53.45231628417969
2013-01-28,66.38618469238281,36.70768737792969,160.2899932861328,78.93577575683594,24.361263275146484,48.39576721191406,60.05036926269531,119.17742919921875,80.6523666381836,53.09102249145508
2013-01-29,67.05551147460938,37.38909149169922,160.99000549316406,78.81675720214844,24.631141662597656,48.61570358276367,60.05933380126953,119.64592742919922,80.20657348632812,53.469783782958984
2013-01-30,66.6207275390625,37.13245391845703,162.19000244140625,78.86140441894531,24.68379783630371,48.795654296875,59.934112548828125,119.17742919921875,80.06941223144531,52.834632873535156
2013-01-31,65.87699890136719,36.83156967163086,161.1999969482422,78.9283218383789,24.512657165527344,48.55574035644531,59.79998016357422,118.88356018066406,80.4603271484375,52.426727294921875
2013-02-01,66.64934539794922,37.3625373840332,161.4499969482422,78.66015625,24.710134506225586,48.43574905395508,60.50646209716797,120.10653686523438,79.41557312011719,52.46753692626953
2013-02-04,65.90560150146484,37.4687385559082,162.0,79.11454010009766,24.58506965637207,48.28911209106445,59.45121765136719,118.75650024414062,80.43278503417969,51.94891357421875
2013-02-05,66.25457000732422,37.397945404052734,161.9600067138672,78.83148956298828,25.105060577392578,48.75567626953125,60.32759094238281,119.95567321777344,79.71793365478516,52.2927131652832
2013-02-06,66.3117904663086,37.64572525024414,162.38999938964844,79.06987762451172,25.21697235107422,48.50238800048828,60.13084411621094,120.0430679321289,80.37098693847656,52.321834564208984
2013-02-07,65.80261993408203,37.69881820678711,161.83999633789062,79.10711669921875,25.611907958984375,48.529048919677734,60.18451690673828,119.88420867919922,80.1922607421875,51.75299072265625
2013-02-08,66.15729522705078,37.45104217529297,161.57000732421875,79.16668701171875,25.519758224487305,48.389076232910156,60.80155944824219,120.5512924194336,80.50154113769531,51.96412658691406
2013-02-11,66.15729522705078,36.69883346557617,159.6999969482422,79.08478546142578,25.41444206237793,48.22911834716797,60.819454193115234,120.52748107910156,80.43972778320312,51.770599365234375
2013-02-12,66.64934539794922,37.0970573425293,159.88999938964844,79.00282287597656,24.723297119140625,48.10248947143555,60.56904983520508,120.72600555419922,80.24034881591797,51.87615966796875
2013-02-13,66.60897064208984,36.459896087646484,159.0500030517578,78.7271957397461,24.492908477783203,47.65593338012695,60.783660888671875,120.8292465209961,79.58741760253906,51.999305725097656
2013-02-14,66.71272277832031,36.60148620605469,158.35000610351562,79.06243133544922,24.249364852905273,48.17580032348633,60.76578903198242,120.94038391113281,80.30913543701172,51.91134262084961
2013-02-15,66.28034210205078,35.30060577392578,155.75999450683594,78.98789978027344,24.631141662597656,49.10893249511719,60.5869255065918,120.7974853515625,80.07540893554688,51.8175048828125
2013-02-19,66.83383178710938,34.84043884277344,155.3300018310547,78.86128234863281,24.795700073242188,50.32199478149414,61.02516555786133,121.7027587890625,79.67669677734375,52.380489349365234
2013-02-20,66.2976303100586,33.141334533691406,151.44000244140625,79.0325927734375,24.835195541381836,50.26866912841797,60.08613586425781,120.18599700927734,79.91729736328125,52.17523193359375
2013-02-21,66.2976303100586,33.73426055908203,152.6199951171875,79.18901824951172,24.822019577026367,50.22868347167969,59.4422721862793,119.45541381835938,80.38472747802734,51.95237731933594
2013-02-22,66.85688781738281,33.56612014770508,152.97000122070312,79.2859115600586,25.35519790649414,50.368648529052734,60.04143524169922,120.62279510498047,80.43972778320312,52.310115814208984
2013-02-25,65.46163177490234,34.13248062133789,154.33999633789062,79.89672088623047,24.828615188598633,50.11537551879883,59.29917907714844,118.32766723632812,82.02059173583984,51.430458068847656
2013-02-26,66.28034210205078,34.557254791259766,156.22000122070312,79.7477035522461,25.085323333740234,50.40195846557617,59.522762298583984,119.1376953125,81.54631805419922,51.90548324584961
2013-02-27,67.25471496582031,33.85813903808594,154.57000732421875,79.71044921875,25.30911636352539,50.66845703125,60.13084411621094,120.63863372802734,81.3057632446289,52.503623962402344
2013-02-28,67.5429916381836,33.09708786010742,153.0,79.82220458984375,25.486841201782227,50.86315155029297,60.00565719604492,120.40035247802734,81.45697021484375,52.515357971191406
2013-03-01,67.39884185791016,32.840450286865234,152.44000244140625,80.0213394165039,25.473674774169922,50.9705696105957,60.25607681274414,120.7974853515625,81.90057373046875,52.444984436035156
2013-03-04,67.73900604248047,31.77851104736328,152.3000030517578,79.8348617553711,25.55267333984375,51.420310974121094,60.524349212646484,121.44072723388672,81.46658325195312,52.16349792480469
2013-03-05,67.99268341064453,31.796213150024414,152.3800048828125,79.75282287597656,25.46052360534668,51.6217041015625,61.41862869262695,122.52867889404297,81.23240661621094,52.55054473876953
2013-03-06,68.30402374267578,33.132484436035156,153.22999572753906,79.49928283691406,25.684322357177734,51.554569244384766,61.2665901184082,122.69548797607422,80.495361328125,52.52122497558594
2013-03-07,68.35594940185547,32.6634635925293,152.69000244140625,79.19349670410156,25.750141143798828,51.78279495239258,61.427547454833984,122.9178695678711,79.87541961669922,52.02274703979492
2013-03-08,68.36168670654297,32.840450286865234,152.7100067138672,78.79081726074219,25.815961837768555,51.82307434082031,61.49909591674805,123.44193267822266,79.04199981689453,52.17523193359375
2013-03-11,68.45394134521484,32.70771026611328,152.99000549316406,78.82809448242188,25.875207901000977,51.5881233215332,61.67795944213867,123.91053771972656,79.11771392822266,52.28664779663086
2013-03-12,68.17716979980469,33.5218620300293,154.19000244140625,79.04435729980469,25.64482879638672,51.61496353149414,61.45438766479492,123.63260650634766,79.68944549560547,52.28664779663086
2013-03-13,68.2406005859375,32.6280632019043,153.66000366210938,78.97721099853516,25.585147857666016,51.6552619934082,61.37389373779297,123.80728149414062,79.60679626464844,52.34529495239258
2013-03-14,69.18616485595703,32.96434783935547,153.67999267578125,78.99962615966797,25.87024688720703,51.816368103027344,61.57956314086914,124.46637725830078,79.36568450927734,52.67957305908203
2013-03-15,69.00167083740234,33.04399108886719,154.0,79.27552795410156,25.744272232055664,51.71566390991211,61.40836715698242,124.30210876464844,79.73772430419922,52.4098014831543
2013-03-18,68.68455505371094,33.167884826660156,155.3800048828125,79.53652954101562,25.69786262512207,51.474002838134766,61.2739372253418,123.61612701416016,80.34378051757812,52.057960510253906
2013-03-19,68.87483215332031,33.256378173828125,156.0800018310547,79.78267669677734,26.075767517089844,51.4672966003418,61.15739440917969,123.32889556884766,80.88799285888672,51.94651794433594
2013-03-20,69.38792419433594,33.141334533691406,155.3699951171875,79.47693634033203,26.433788299560547,51.23233413696289,61.5876350402832,124.19042205810547,79.98562622070312,51.97583770751953
2013-03-21,69.3821792602539,34.00858688354492,156.25,79.68571472167969,26.56639862060547,51.11823654174805,60.888519287109375,123.12950897216797,80.75708770751953,51.70607376098633
2013-03-22,69.86648559570312,33.769649505615234,155.5500030517578,79.71553802490234,26.546504974365234,52.78973388671875,61.480079650878906,124.11865234375,80.81907653808594,52.36289978027344
2013-03-25,69.28993225097656,33.33602523803711,155.24000549316406,79.77517700195312,26.59953498840332,52.245975494384766,61.25600814819336,123.60014343261719,80.74332427978516,52.20454788208008
2013-03-26,69.75117492675781,33.07939529418945,154.72000122070312,79.85728454589844,26.977453231811523,52.97768020629883,61.5876350402832,124.5893325805664,80.83980560302734,52.85549545288086
2013-03-27,69.29570007324219,33.62805938720703,155.36000061035156,80.20033264160156,26.665842056274414,52.55478286743164,61.66830825805664,124.5893325805664,81.52859497070312,53.119384765625
2013-03-28,68.50581359863281,33.49531173706055,154.4499969482422,80.0511474609375,26.811704635620117,53.105247497558594,61.820682525634766,124.97212219238281,81.11528015136719,52.843772888183594
2013-04-01,68.96128845214844,33.141334533691406,154.6699981689453,80.26398468017578,26.818334579467773,53.098506927490234,61.399417877197266,124.47761535644531,81.72625732421875,53.23080825805664
2013-04-02,68.60958862304688,31.751968383789062,152.42999267578125,80.10717010498047,26.99733543395996,53.52814483642578,61.883460998535156,125.09181213378906,81.39485931396484,53.119384765625
2013-04-03,67.90619659423828,30.309499740600586,150.72999572753906,80.44322967529297,26.632692337036133,53.004547119140625,61.3187370300293,123.8234634399414,82.12661743164062,52.73822021484375
2013-04-04,68.07340240478516,31.167903900146484,150.2899932861328,80.76435852050781,26.87800407409668,53.387149810791016,61.3366584777832,124.32601165771484,83.10684967041016,52.64438247680664
2013-04-05,67.75630187988281,31.02631378173828,152.80999755859375,81.01820373535156,26.573017120361328,52.756168365478516,60.82577133178711,123.76762390136719,84.7843017578125,52.198692321777344
2013-04-08,67.92347717285156,30.663482666015625,152.16000366210938,80.75684356689453,27.090160369873047,53.367027282714844,61.14844512939453,124.60519409179688,84.13540649414062,51.958255767822266
2013-04-09,68.40204620361328,31.884706497192383,153.33999633789062,80.78672790527344,26.990711212158203,53.172359466552734,61.56076431274414,125.03599548339844,83.92830657958984,52.057960510253906
2013-04-10,68.97859191894531,30.663482666015625,150.75,80.45071411132812,27.229385375976562,53.742950439453125,62.761844635009766,126.5675048828125,82.7755355834961,52.005149841308594
2013-04-11,69.73387145996094,30.247554779052734,151.0500030517578,80.54029083251953,27.302326202392578,53.675819396972656,62.73496627807617,126.9822769165039,82.93428039550781,52.32184600830078
2013-04-12,69.15155029296875,28.51305389404297,143.9499969482422,80.98834228515625,27.23601722717285,53.695960998535156,62.690147399902344,126.67115783691406,84.16992950439453,52.18695831298828
2013-04-15,67.20858764648438,25.68121910095215,131.30999755859375,81.16756439208984,26.57965087890625,52.97768020629883,61.45320129394531,123.73571014404297,84.9017105102539,50.720855712890625
2013-04-16,67.46224975585938,25.50422477722168,132.8000030517578,80.93606567382812,28.091276168823242,53.702674865722656,62.26887893676758,125.56245422363281,84.20450592041016,50.79123306274414
2013-04-17,66.19383239746094,24.229900360107422,132.8699951171875,81.08544158935547,28.210630416870117,52.930702209472656,61.049842834472656,123.7277603149414,84.76359558105469,50.48042678833008
2013-04-18,66.6435546875,24.97325897216797,134.3000030517578,81.13023376464844,27.912275314331055,54.54178237915039,60.20726776123047,122.95404052734375,84.97074127197266,50.79711151123047
2013-04-19,66.8222885131836,25.300689697265625,135.47000122070312,81.08544158935547,28.283567428588867,55.562129974365234,61.03190231323242,124.02294921875,84.79121398925781,51.2838249206543
2013-04-22,67.20858764648438,25.636974334716797,137.89999389648438,81.13023376464844,28.323335647583008,55.97160339355469,61.65937805175781,124.57327270507812,84.85334777832031,51.6591682434082
2013-04-23,67.73322296142578,25.061752319335938,136.8800048828125,81.07796478271484,28.310081481933594,56.454933166503906,62.250938415527344,125.85762786865234,84.55652618408203,52.368770599365234
2013-04-24,68.19447326660156,26.75200653076172,138.3699951171875,81.11531066894531,27.945432662963867,55.27345275878906,62.22406768798828,125.93734741210938,84.77053833007812,52.444984436035156
2013-04-25,68.32710266113281,27.06174087524414,141.6300048828125,81.02561950683594,28.07802963256836,55.59568405151367,62.555686950683594,126.44793701171875,84.4046401977539,51.647430419921875
2013-04-26,69.20919799804688,26.07059669494629,140.91000366210938,81.31694793701172,27.912275314331055,55.38758850097656,62.35850524902344,126.2245101928711,85.17780303955078,51.60639953613281
2013-04-29,69.94720458984375,26.468820571899414,142.3000030517578,81.28707885742188,28.005096435546875,55.4815788269043,62.93217468261719,127.07002258300781,84.86714172363281,51.72954559326172
2013-04-30,70.34503936767578,26.867046356201172,142.77000427246094,81.27213287353516,28.064773559570312,55.36075210571289,63.38930892944336,127.37316131591797,84.91552734375,52.18695831298828
2013-05-01,69.3418197631836,26.238737106323242,141.11000061035156,81.53760528564453,27.98520278930664,55.186214447021484,63.093502044677734,126.25642395019531,85.7878189086914,51.31904220581055
2013-05-02,70.3623046875,26.22103500366211,141.9199981689453,81.53760528564453,27.819456100463867,55.42115020751953,63.8912353515625,127.42903137207031,85.67711639404297,51.97583770751953
2013-05-03,71.19833374023438,26.27413558959961,142.08999633789062,80.84220886230469,28.005096435546875,55.602413177490234,64.6441879272461,128.72122192382812,83.65715026855469,52.79096984863281
2013-05-06,71.05994415283203,26.309532165527344,142.14999389648438,80.7375259399414,27.899023056030273,55.38088607788086,64.8951644897461,129.0482635498047,83.44963073730469,53.119384765625
2013-05-07,70.93885040283203,25.530778884887695,140.3800048828125,80.62532806396484,28.310081481933594,55.944759368896484,64.8592758178711,129.70233154296875,83.12445831298828,53.45364761352539
2013-05-08,71.12335205078125,26.93784523010254,142.4600067138672,80.72257995605469,28.15094757080078,55.88434982299805,65.17300415039062,130.2926483154297,83.25589752197266,53.776187896728516
2013-05-09,71.28480529785156,26.415725708007812,140.80999755859375,80.7076416015625,27.925533294677734,55.61582565307617,65.08335876464844,129.92575073242188,83.04148864746094,53.752586364746094
2013-05-10,71.04840850830078,26.380325317382812,139.60000610351562,80.25155639648438,27.945432662963867,55.71650695800781,65.4777603149414,130.34852600097656,82.14911651611328,53.22703552246094
2013-05-13,70.82930755615234,25.690067291259766,138.42999267578125,80.10943603515625,27.97195816040039,55.73664093017578,65.55843353271484,130.45223999023438,81.51953887939453,53.203407287597656
2013-05-14,72.06889343261719,25.40688133239746,137.80999755859375,79.78795623779297,28.190736770629883,56.052181243896484,65.89908599853516,131.8002166748047,80.63406372070312,53.799808502197266
2013-05-15,71.49351501464844,24.24759864807129,134.6300048828125,79.99726867675781,28.455949783325195,56.55560302734375,66.03350830078125,132.51016235351562,81.17362976074219,53.8765754699707
2013-05-16,71.34822845458984,24.318395614624023,134.08999633789062,80.37862396240234,28.568655014038086,56.213260650634766,65.96178436279297,131.88804626464844,82.01762390136719,53.55770492553711
2013-05-17,71.7318344116211,23.344955444335938,131.07000732421875,79.9449462890625,28.489086151123047,56.25356674194336,66.59818267822266,133.1643524169922,80.97994995117188,54.18363571166992
2013-05-20,72.5222396850586,24.7962646484375,135.1199951171875,79.88516235351562,28.097915649414062,55.44130325317383,66.49960327148438,133.1563262939453,80.88306427001953,54.632442474365234
2013-05-21,73.1964340209961,24.176803588867188,132.8800048828125,80.09449005126953,28.071393966674805,55.46814727783203,66.57128143310547,133.3477325439453,81.51953887939453,54.79777145385742
2013-05-22,72.60940551757812,24.486536026000977,131.94000244140625,79.45893859863281,28.011728286743164,55.69637680053711,65.98868560791016,132.35861206054688,80.30889129638672,54.43756103515625
2013-05-23,72.8825912475586,24.663530349731445,134.61000061035156,79.54120635986328,27.799571990966797,55.125797271728516,65.83629608154297,131.9757537841797,80.68941497802734,54.20135498046875
2013-05-24,72.9116439819336,24.33609962463379,133.75999450683594,79.57112121582031,28.005096435546875,55.434608459472656,65.80044555664062,131.86412048339844,80.800048828125,54.047813415527344
2013-05-28,73.48121643066406,24.088308334350586,133.49000549316406,78.6364974975586,28.210630416870117,55.333892822265625,66.2306900024414,132.65377807617188,78.75237274169922,54.549739837646484
2013-05-29,72.93488311767578,25.221044540405273,134.8300018310547,78.9579849243164,27.448183059692383,54.45452117919922,65.91696166992188,131.79226684570312,79.63789367675781,54.37260818481445
2013-05-30,72.71403503417969,26.601564407348633,136.6999969482422,78.9654541015625,27.03049087524414,54.52163314819336,66.26655578613281,132.27890014648438,79.4441909790039,54.378482818603516
2013-05-31,71.34241485595703,26.105993270874023,133.9199981689453,78.74859619140625,26.513343811035156,54.21957015991211,65.65703582763672,130.38035583496094,79.17440032958984,53.42192077636719
2013-06-03,72.12120819091797,26.867046356201172,136.50999450683594,78.86238861083984,27.057010650634766,54.64247512817383,65.77360534667969,131.0983123779297,79.59390258789062,54.00650405883789
2013-06-04,71.46443939208984,26.40687370300293,135.22999572753906,78.66030883789062,27.461442947387695,54.796852111816406,65.4329605102539,130.46812438964844,78.85887145996094,53.61086654663086
2013-06-05,70.6565933227539,26.486520767211914,135.52000427246094,79.04206848144531,26.950942993164062,54.89013671875,64.58143615722656,128.64144897460938,79.94754791259766,52.937713623046875
2013-06-06,70.08702850341797,26.813949584960938,136.52999877929688,79.13945770263672,27.04375648498535,55.20111083984375,64.8951644897461,129.8060760498047,79.89905548095703,53.28019332885742
2013-06-07,70.7321548461914,25.654664993286133,133.27999877929688,78.5254898071289,27.454809188842773,55.77568817138672,65.78252410888672,131.457275390625,78.47049713134766,54.00056838989258
2013-06-10,71.3075180053711,25.743165969848633,133.94000244140625,78.33084106445312,27.302326202392578,56.00552749633789,65.80943298339844,131.457275390625,78.09606170654297,53.80572509765625
2013-06-11,70.58683776855469,24.893613815307617,133.25,78.5254898071289,27.04375648498535,55.78921127319336,65.15509796142578,130.10125732421875,79.02529907226562,53.41600799560547
2013-06-12,69.7266845703125,25.088306427001953,134.25,78.17364501953125,26.96363067626953,55.50530242919922,64.40218353271484,129.02435302734375,77.89494323730469,52.9908447265625
2013-06-13,70.70891571044922,25.336084365844727,133.74000549316406,78.76507568359375,26.97698974609375,55.41741180419922,65.21784210205078,130.9866485595703,79.1154556274414,53.929725646972656
2013-06-14,69.90684509277344,24.884763717651367,134.42999267578125,78.8698959350586,26.930261611938477,55.5188102722168,64.78759002685547,130.1649932861328,78.92823028564453,53.48686981201172
2013-06-17,70.45317077636719,24.94671058654785,133.77000427246094,78.68274688720703,27.157245635986328,55.802734375,65.41502380371094,131.1700897216797,78.51214599609375,54.03602981567383
2013-06-18,70.6275405883789,24.229900360107422,132.1300048828125,78.6378173828125,27.324142456054688,55.816253662109375,65.95282745361328,132.20709228515625,78.5537338256836,54.284019470214844
2013-06-19,70.0346908569336,23.459997177124023,130.58999633789062,77.55962371826172,26.97698974609375,54.68060302734375,65.21784210205078,130.38035583496094,77.74242401123047,53.73487091064453
2013-06-20,68.55260467529297,21.725496292114258,123.5999984741211,77.20777130126953,26.122488021850586,53.342124938964844,63.66716003417969,127.14979553222656,76.46646118164062,52.58339309692383
2013-06-21,69.12222290039062,22.035228729248047,125.05000305175781,76.39163208007812,26.54306411743164,54.166839599609375,63.32905578613281,127.55797576904297,75.16976165771484,52.8372917175293
2013-06-24,67.8958969116211,21.017532348632812,123.93000030517578,76.20448303222656,26.389524459838867,54.166839599609375,62.699642181396484,125.94618225097656,75.48179626464844,52.246826171875
2013-06-25,68.26204681396484,20.93789291381836,123.47000122070312,76.1146469116211,26.516359329223633,54.105995178222656,63.15825653076172,127.15699768066406,74.80912780761719,52.618812561035156
2013-06-26,68.66889190673828,19.66356658935547,118.27999877929688,76.42159271240234,26.923593521118164,54.95774459838867,63.72468948364258,128.41600036621094,75.29456329345703,53.02627182006836
2013-06-27,68.99433898925781,20.16798973083496,115.94000244140625,76.83341217041016,26.876850128173828,55.25518798828125,63.99445724487305,129.16978454589844,76.06424713134766,53.16799545288086
2013-06-28,68.77931213378906,21.672401428222656,119.11000061035156,76.74358367919922,26.776714324951172,55.28899002075195,64.08442687988281,128.64048767089844,76.58441162109375,53.35105895996094
2013-07-01,69.20941162109375,22.026378631591797,121.12999725341797,76.7728042602539,27.01036834716797,55.457969665527344,64.48003387451172,129.39437866210938,76.73867797851562,53.32151794433594
2013-07-02,69.25009155273438,21.017532348632812,120.05000305175781,76.80284881591797,26.950288772583008,55.21463394165039,64.50698852539062,129.27401733398438,76.69001007080078,53.52227783203125
2013-07-03,69.20941162109375,21.39806365966797,120.73999786376953,76.65284729003906,27.030399322509766,54.572452545166016,64.76776885986328,129.33018493652344,76.46068572998047,53.55182647705078
2013-07-05,70.04053497314453,20.725505828857422,118.08999633789062,75.3633041381836,27.05044174194336,54.619747161865234,65.26232147216797,130.72547912597656,73.85424041748047,54.071441650390625
2013-07-08,70.46478271484375,20.265335083007812,119.51000213623047,75.8056411743164,27.063779830932617,55.28223419189453,65.32524108886719,131.4712371826172,74.57015228271484,54.47298812866211
2013-07-09,71.64462280273438,20.548513412475586,120.62000274658203,75.93309783935547,27.257373809814453,55.951454162597656,65.72089385986328,132.4175567626953,74.64656829833984,55.11661911010742
2013-07-10,71.42957305908203,20.52196502685547,120.94999694824219,75.66319274902344,27.157245635986328,56.100162506103516,66.0984878540039,132.46559143066406,74.06275177001953,54.809547424316406
2013-07-11,71.93524932861328,22.097171783447266,124.23999786376953,76.42044830322266,27.390888214111328,57.15470504760742,67.41133117675781,134.2698516845703,74.93156433105469,55.07530975341797
2013-07-12,72.10377502441406,21.566204071044922,124.12999725341797,76.36039733886719,27.390888214111328,56.999244689941406,67.70807647705078,134.3260040283203,74.86900329589844,55.152042388916016
2013-07-15,72.46412658691406,21.495410919189453,124.18000030517578,76.60034942626953,27.377538681030273,57.269615173339844,67.86091613769531,134.83921813964844,75.26519012451172,55.0634765625
2013-07-16,72.13864135742188,22.69894027709961,124.88999938964844,76.63783264160156,26.856840133666992,56.796424865722656,67.77100372314453,134.33404541015625,75.52232360839844,55.09299087524414
2013-07-17,72.27234649658203,22.017526626586914,123.31999969482422,76.97527313232422,27.264047622680664,57.62114715576172,67.94187927246094,134.67881774902344,75.661376953125,55.18747329711914
2013-07-18,72.92325592041016,21.92903709411621,124.01000213623047,76.61537170410156,27.244020462036133,58.6756706237793,67.77100372314453,135.41659545898438,74.71613311767578,55.730735778808594
2013-07-19,73.76019287109375,22.88477897644043,125.11000061035156,77.03520202636719,27.43095588684082,58.41204833984375,67.06963348388672,135.65713500976562,75.8976821899414,56.19723129272461
2013-07-22,73.82996368408203,24.28299903869629,128.83999633789062,77.02771759033203,27.264047622680664,58.405296325683594,67.2674560546875,135.9217987060547,76.00884246826172,55.99645233154297
2013-07-23,73.9636001586914,25.088306427001953,129.7100067138672,76.93778228759766,27.344154357910156,58.27009201049805,66.77291870117188,135.63308715820312,75.68920135498047,56.214927673339844
2013-07-24,73.44635009765625,23.849374771118164,127.4800033569336,76.42044830322266,27.277408599853516,57.89155197143555,66.98873138427734,135.13592529296875,74.73001861572266,56.090911865234375
2013-07-25,74.25421142578125,24.079456329345703,128.6699981689453,76.53289031982422,27.264047622680664,57.83068084716797,67.41133117675781,135.4646759033203,74.70218658447266,56.07911682128906
2013-07-26,74.1379623413086,24.406892776489258,128.77999877929688,76.60034942626953,27.130531311035156,57.6684684753418,67.77100372314453,135.60910034179688,75.16094970703125,55.97283172607422
2013-07-29,73.33010864257812,24.097158432006836,128.47000122070312,76.44291687011719,26.890216827392578,57.62791442871094,67.64513397216797,135.19207763671875,74.61186218261719,55.524070739746094
2013-07-30,73.10344696044922,23.946718215942383,128.1199951171875,76.42044830322266,26.916912078857422,57.533260345458984,68.0047836303711,135.19207763671875,74.58406066894531,55.39415740966797
2013-07-31,73.16738891601562,23.88477325439453,127.95999908447266,76.472900390625,26.75669288635254,56.471954345703125,68.13069152832031,135.28826904296875,74.85511016845703,55.35873031616211
2013-08-01,73.48701477050781,23.159114837646484,126.61000061035156,75.79789733886719,27.083812713623047,56.91810989379883,68.82304382324219,136.85198974609375,73.41277313232422,54.75642013549805
2013-08-02,72.62104797363281,22.645843505859375,126.36000061035156,76.44364166259766,26.850160598754883,56.97895050048828,69.20970153808594,137.08450317382812,74.22105407714844,54.295833587646484
2013-08-05,72.0630874633789,22.504249572753906,125.69999694824219,76.20336151123047,26.896879196166992,57.10737609863281,69.25464630126953,136.88406372070312,73.64971923828125,54.08325958251953
2013-08-06,71.56907653808594,21.265321731567383,123.97000122070312,76.22592163085938,26.950288772583008,57.492698669433594,68.8410415649414,136.10623168945312,73.86569213867188,54.01239776611328
2013-08-07,71.67950439453125,21.18567657470703,124.1500015258789,76.5036849975586,26.803422927856445,57.296695709228516,68.71514892578125,135.66514587402344,74.41614532470703,53.935638427734375
2013-08-08,71.52839660644531,23.0086727142334,126.86000061035156,76.61628723144531,26.836811065673828,57.242591857910156,69.05683135986328,136.16233825683594,74.61823272705078,54.1954460144043
2013-08-09,71.19711303710938,23.424598693847656,126.86000061035156,76.66886901855469,26.810108184814453,57.01274108886719,68.77806854248047,135.7694091796875,74.73667907714844,53.9398078918457
2013-08-12,70.79026794433594,24.78742027282715,129.1300048828125,76.51870727539062,26.58979034423828,56.654457092285156,68.93992614746094,135.60910034179688,74.2280502319336,53.44629669189453
2013-08-13,71.19711303710938,24.0617618560791,127.73999786376953,75.82796478271484,26.469636917114258,56.37058639526367,69.32658386230469,136.010009765625,73.15502166748047,53.154930114746094
2013-08-14,70.93556213378906,25.398033142089844,129.0,75.8955307006836,26.389524459838867,55.93791580200195,69.0658187866211,135.3123321533203,73.26646423339844,52.88739013671875
2013-08-15,70.46675872802734,26.92899513244629,131.69000244140625,75.47514343261719,26.095767974853516,54.69410705566406,67.89686584472656,133.4198760986328,72.2770004272461,52.41767883300781
2013-08-16,70.24995422363281,26.362627029418945,132.5800018310547,75.18234252929688,26.06908416748047,54.20063400268555,67.86992645263672,132.97882080078125,72.02617645263672,52.269039154052734
2013-08-19,69.53502655029297,25.8670597076416,132.00999450683594,74.85948181152344,25.888835906982422,54.67383575439453,67.7530288696289,132.1287384033203,71.39910888671875,51.68040466308594
2013-08-20,69.31820678710938,26.84050178527832,132.4499969482422,75.26492309570312,25.802047729492188,54.27500534057617,68.04975128173828,132.77828979492188,71.9495849609375,51.626888275146484
2013-08-21,68.97245025634766,25.601572036743164,132.07000732421875,74.79193878173828,25.555042266845703,53.45706558227539,67.81596374511719,131.96043395996094,71.16219329833984,51.38311767578125
2013-08-22,69.31820678710938,25.990949630737305,132.80999755859375,74.76187896728516,25.575071334838867,53.571964263916016,68.48135375976562,133.16319274902344,71.8868179321289,51.716064453125
2013-08-23,70.04485321044922,26.672361373901367,134.89999389648438,75.18234252929688,25.715261459350586,53.977561950683594,68.93992614746094,133.61224365234375,72.66718292236328,52.03715133666992
2013-08-26,69.64049530029297,26.91129493713379,135.4499969482422,75.33247375488281,25.44822883605957,53.869407653808594,68.97593688964844,133.11509704589844,73.02954864501953,51.78145980834961
2013-08-27,69.62290954589844,25.752010345458984,136.75,75.76045227050781,25.4682559967041,53.44353103637695,67.5641860961914,130.9740753173828,73.94928741455078,51.62094497680664
2013-08-28,71.38095092773438,25.04405403137207,136.7100067138672,75.45259094238281,25.601774215698242,53.653079986572266,67.824951171875,131.43917846679688,73.3500747680664,52.82198715209961
2013-08-29,70.53707122802734,25.25644302368164,135.8699951171875,75.52770233154297,25.43486785888672,53.626060485839844,68.30155181884766,131.6476287841797,73.93537139892578,51.88850784301758
2013-08-30,70.5722427368164,24.893613815307617,134.6199951171875,75.38506317138672,25.488285064697266,53.89645004272461,67.86091613769531,131.23065185546875,73.85173797607422,51.823097229003906
2013-09-03,70.64259338378906,25.13254737854004,136.4199981689453,74.95716857910156,25.301366806030273,54.21414566040039,68.24755859375,131.8240509033203,72.81010437011719,51.81715393066406
2013-09-04,70.82421112060547,25.291841506958008,134.66000366210938,74.70909118652344,25.72861099243164,54.14472198486328,68.97593688964844,132.91465759277344,72.64940643310547,52.17984390258789
2013-09-05,71.12309265136719,24.36264419555664,132.1999969482422,74.13762664794922,25.52834129333496,53.8315315246582,69.0927734375,133.0830535888672,71.63640594482422,51.93606948852539
2013-09-06,71.02933502197266,24.78742027282715,134.14999389648438,74.58877563476562,25.601774215698242,53.960899353027344,69.1736831665039,133.147216796875,71.9926986694336,51.876617431640625
2013-09-09,71.6211929321289,24.468841552734375,133.91000366210938,74.73909759521484,25.715261459350586,54.04261016845703,69.98299407958984,134.42225646972656,72.02763366699219,52.346336364746094
2013-09-10,72.08413696289062,23.513097763061523,131.74000549316406,74.39328002929688,25.788698196411133,54.076629638671875,70.32466888427734,135.41659545898438,71.5246810913086,52.215511322021484
2013-09-11,72.61738586425781,23.70778465270996,131.6999969482422,74.76925659179688,25.888835906982422,54.36259460449219,70.18978881835938,135.84161376953125,72.16039276123047,52.82198715209961
2013-09-12,72.59982299804688,22.380361557006836,127.66999816894531,74.77674865722656,25.84848403930664,54.376197814941406,70.14483642578125,135.48072814941406,72.06260681152344,52.3106689453125
2013-09-13,72.74630737304688,22.681241989135742,127.81999969482422,74.87446594238281,26.016592025756836,54.68255615234375,70.18978881835938,135.78546142578125,72.34205627441406,52.56036376953125
2013-09-16,72.71117401123047,22.468852996826172,126.44999694824219,75.03988647460938,26.130903244018555,55.15913009643555,70.00096893310547,136.57125854492188,71.85993957519531,52.72090148925781
2013-09-17,72.86349487304688,22.946727752685547,126.5,75.1903305053711,26.083826065063477,55.59485626220703,70.46858978271484,137.18080139160156,72.45381164550781,52.88143539428711
2013-09-18,73.73078918457031,24.99980926513672,132.00999450683594,76.12262725830078,26.621784210205078,56.42543029785156,71.31378173828125,138.76852416992188,73.34809875488281,53.2619743347168
2013-09-19,73.50811004638672,24.212203979492188,131.75,75.85951232910156,26.433513641357422,55.70376968383789,71.48462677001953,138.53598022460938,72.91492462158203,53.083587646484375
2013-09-20,73.203369140625,22.796283721923828,127.95999908447266,75.93467712402344,26.494035720825195,55.649314880371094,71.23931884765625,137.56739807128906,73.29914855957031,52.71498107910156
2013-09-23,73.55499267578125,22.27416229248047,127.55000305175781,76.22040557861328,25.976253509521484,55.15913009643555,71.09500122070312,136.93081665039062,73.83708953857422,52.17389678955078
2013-09-24,72.95140075683594,22.194520950317383,127.66000366210938,76.49857330322266,25.909008026123047,54.832332611083984,71.09500122070312,136.6084747314453,74.633544921875,51.9420051574707
2013-09-25,72.7052993774414,22.58389663696289,128.7899932861328,76.7091293334961,25.77451515197754,54.60765838623047,70.85149383544922,136.2135772705078,74.78719329833984,51.81122589111328
2013-09-26,72.36541748046875,22.2210693359375,127.79000091552734,76.543701171875,26.050230026245117,54.832332611083984,71.40164184570312,136.73741149902344,74.26322937011719,51.769596099853516
2013-09-27,71.86734008789062,22.27416229248047,128.97000122070312,76.64898681640625,25.82158851623535,54.600852966308594,71.31146240234375,136.1089324951172,74.44489288330078,51.668514251708984
2013-09-30,71.19926452636719,22.141420364379883,128.17999267578125,76.7768325805664,25.471921920776367,54.12428665161133,71.14010620117188,135.3836212158203,74.33311462402344,51.15718078613281
2013-10-01,71.09378814697266,21.60160255432129,124.58999633789062,76.60585021972656,25.518991470336914,54.3421516418457,71.86160278320312,136.4553680419922,74.10755920410156,51.133392333984375
2013-10-02,70.80663299560547,21.672401428222656,127.05999755859375,76.73387908935547,25.169322967529297,54.16515350341797,71.83454895019531,136.32643127441406,74.21958923339844,51.180938720703125
2013-10-03,69.29475402832031,21.46886444091797,127.18000030517578,76.83934020996094,24.987762451171875,54.08343505859375,70.99581909179688,135.06944274902344,74.10055541992188,50.836097717285156
2013-10-04,69.22444152832031,21.40691375732422,126.52999877929688,76.62847137451172,25.014665603637695,54.20600509643555,71.60906219482422,136.09271240234375,74.04451751708984,51.32366180419922
2013-10-07,69.07206726074219,21.76089096069336,127.63999938964844,76.69622039794922,24.913795471191406,53.82472229003906,71.0138168334961,134.91632080078125,74.345703125,51.07393264770508
2013-10-08,68.40404510498047,21.079483032226562,127.4000015258789,76.6585693359375,25.06845474243164,53.736236572265625,69.64297485351562,133.34490966796875,74.36674499511719,50.84206008911133
2013-10-09,68.05244445800781,21.167978286743164,126.11000061035156,76.52304077148438,24.933969497680664,54.12428665161133,69.42652893066406,133.44166564941406,73.77133178710938,50.63394546508789
2013-10-10,68.1989517211914,20.84939193725586,124.2699966430664,76.35733032226562,25.404685974121094,54.93445587158203,70.89657592773438,136.31838989257812,73.89041137695312,51.15718078613281
2013-10-11,68.95487976074219,20.398075103759766,122.5999984741211,76.4703140258789,25.397947311401367,55.0297737121582,71.45575714111328,137.19674682617188,73.86941528320312,51.698246002197266
2013-10-14,69.4881362915039,20.451171875,122.83000183105469,76.21434783935547,25.49209213256836,55.206790924072266,71.96080017089844,137.7446746826172,73.2740478515625,52.0847282409668
2013-10-15,69.23616027832031,21.026386260986328,123.7300033569336,76.22938537597656,25.323986053466797,54.8731803894043,71.68118286132812,136.74545288085938,73.2249755859375,51.60311508178711
2013-10-16,69.82801818847656,20.601608276367188,123.54000091552734,76.59832763671875,25.5526180267334,56.01013946533203,72.4929428100586,138.6552276611328,74.142578125,51.91228103637695
2013-10-17,70.03898620605469,21.68124771118164,127.41999816894531,77.03508758544922,25.922452926635742,56.2211799621582,72.90777587890625,139.58197021484375,74.81500244140625,52.01337814331055
2013-10-18,70.11515045166016,21.575054168701172,126.8499984741211,77.0425796508789,26.07712173461914,56.51393127441406,74.08924102783203,140.5247344970703,74.97613525390625,52.05498504638672
2013-10-21,70.21479797363281,22.061771392822266,126.9800033569336,76.98990631103516,26.104015350341797,56.07819747924805,74.25157928466797,140.53277587890625,74.7379379272461,51.8647346496582
2013-10-22,70.6953353881836,23.026371002197266,129.33999633789062,77.5245361328125,26.28555679321289,56.806697845458984,74.35980987548828,141.3466339111328,75.5715103149414,52.3106689453125
2013-10-23,70.39644622802734,22.28301429748535,128.69000244140625,77.66014099121094,26.28555679321289,56.7318000793457,73.90885925292969,140.66969299316406,75.86566925048828,52.09065628051758
2013-10-24,70.64844512939453,23.123714447021484,129.89999389648438,77.50196838378906,26.090564727783203,56.19396209716797,74.2335433959961,141.13706970214844,75.5715103149414,52.5722770690918
2013-10-25,70.66603088378906,23.29185676574707,130.4600067138672,77.63751983642578,26.245223999023438,56.745418548583984,74.765625,141.78173828125,75.85163879394531,52.304725646972656
2013-10-28,70.85350799560547,23.486543655395508,130.55999755859375,77.56220245361328,26.63524055480957,57.603206634521484,74.78368377685547,142.0074462890625,75.5925064086914,52.45927810668945
2013-10-29,71.19926452636719,22.813983917236328,129.77000427246094,77.66769409179688,26.763004302978516,58.20233154296875,74.9099349975586,142.7648162841797,75.69054412841797,52.8754997253418
2013-10-30,70.4960708618164,23.212209701538086,129.60000610351562,77.46434020996094,26.6419620513916,57.6781120300293,74.83781433105469,142.05569458007812,75.23529815673828,52.80416488647461
2013-10-31,70.29679870605469,22.21221923828125,127.73999786376953,77.37391662597656,26.608339309692383,57.24921417236328,74.66643524169922,141.65280151367188,75.39639282226562,53.28574752807617
2013-11-01,69.15412139892578,21.3095703125,126.94999694824219,76.94477081298828,26.63524055480957,57.56917190551758,74.6844711303711,141.99130249023438,74.58031463623047,53.404666900634766
2013-11-04,69.20684051513672,21.95557975769043,126.80999755859375,77.09564208984375,26.567991256713867,57.43983840942383,74.79268646240234,142.49081420898438,74.65052795410156,54.76027297973633
2013-11-05,69.4119644165039,21.672401428222656,126.55999755859375,76.74874114990234,26.561275482177734,57.610050201416016,74.87385559082031,142.0396270751953,73.75857543945312,54.694889068603516
2013-11-06,70.98828887939453,21.937883377075195,127.19999694824219,76.98252868652344,26.93111228942871,59.012508392333984,74.85584259033203,142.7648162841797,73.79360961914062,55.42621612548828
2013-11-07,70.26751708984375,21.362667083740234,126.16000366210938,77.18610382080078,26.783178329467773,58.0729866027832,73.44886779785156,140.95986938476562,74.4188003540039,55.049095153808594
2013-11-08,71.01759338378906,21.486560821533203,124.27999877929688,76.31880950927734,26.93111228942871,58.447444915771484,74.44097137451172,142.86146545410156,72.6278305053711,55.510032653808594
2013-11-11,70.95316314697266,21.504257202148438,123.87000274658203,76.28105926513672,26.810077667236328,58.17511749267578,74.32372283935547,142.88571166992188,72.35391235351562,55.647708892822266
2013-11-12,70.32027435302734,21.044086456298828,122.44999694824219,76.21320343017578,26.816797256469727,58.304466247558594,74.44097137451172,142.5956268310547,72.6910171508789,55.47410583496094
2013-11-13,70.37300872802734,21.159130096435547,122.8499984741211,76.53001403808594,26.978181838989258,58.51552963256836,75.34284210205078,143.7398223876953,72.95787811279297,55.42621612548828
2013-11-14,70.6507339477539,21.725496292114258,124.2699966430664,76.8995590209961,27.038705825805664,58.81504440307617,75.57730865478516,144.4571075439453,73.40743255615234,55.80332946777344
2013-11-15,70.94619750976562,21.35381507873535,124.31999969482422,76.83927154541016,27.045429229736328,58.569969177246094,75.72161865234375,145.08558654785156,73.55488586425781,57.030517578125
2013-11-18,71.24166107177734,20.94674301147461,122.9000015258789,77.11070251464844,27.011810302734375,58.45425033569336,74.98208618164062,144.57791137695312,73.99732208251953,57.13827896118164
2013-11-19,72.12803649902344,20.964439392089844,122.94999694824219,76.82412719726562,26.991626739501953,58.066192626953125,74.765625,144.26361083984375,73.43547058105469,57.12031173706055
2013-11-20,72.09258270263672,20.22108268737793,120.12000274658203,76.40181732177734,26.937824249267578,57.957252502441406,74.58528137207031,143.81239318847656,72.18534851074219,56.677345275878906
2013-11-21,72.95532989501953,19.937902450561523,119.94000244140625,76.46965026855469,27.186634063720703,58.290828704833984,75.34284210205078,144.9727783203125,72.30471801757812,56.68332290649414
2013-11-22,73.29214477539062,19.690113067626953,119.91999816894531,76.68836975097656,27.186634063720703,58.37253952026367,75.74868774414062,145.6980438232422,72.97901153564453,56.8748893737793
2013-11-25,73.12081146240234,19.645864486694336,120.45999908447266,76.74874114990234,27.146291732788086,58.12062454223633,75.9290771484375,145.55296325683594,73.1896743774414,56.922752380371094
2013-11-26,72.55350494384766,19.167993545532227,119.81999969482422,76.91465759277344,27.065603256225586,57.45343017578125,76.32591247558594,145.59320068359375,73.46359252929688,56.431888580322266
2013-11-27,72.34078216552734,19.300735473632812,119.45999908447266,76.74114990234375,27.21455955505371,57.47386169433594,76.85799407958984,145.94781494140625,73.33717346191406,56.15055465698242
2013-11-29,72.35260009765625,19.716665267944336,120.69999694824219,76.6959228515625,27.21455955505371,57.501094818115234,77.31797790527344,145.85104370117188,73.35826110839844,55.95900344848633
2013-12-02,72.29350280761719,18.495431900024414,117.58000183105469,76.36656951904297,27.14008331298828,56.98369216918945,77.09246826171875,145.4723358154297,72.7876205444336,55.98292541503906
2013-12-03,72.39988708496094,18.203397750854492,117.95999908447266,76.50251770019531,27.322914123535156,57.051795959472656,77.02936553955078,144.8437957763672,73.05531311035156,56.50371551513672
2013-12-04,71.95667266845703,18.77861976623535,119.95999908447266,76.15502166748047,27.33646011352539,56.65285110473633,77.10150146484375,144.82769775390625,72.35797119140625,56.67132568359375
2013-12-05,71.56076049804688,18.291894912719727,118.30000305175781,75.9661636352539,26.970800399780273,56.138755798339844,77.00227355957031,144.19114685058594,72.1537094116211,56.34809112548828
2013-12-06,72.26395416259766,18.283044815063477,118.55000305175781,76.0341796875,27.397401809692383,56.99557113647461,77.56144714355469,145.8026885986328,72.4988021850586,57.25802230834961
2013-12-09,72.88442993164062,18.769765853881836,119.72000122070312,76.12480163574219,27.356775283813477,56.680240631103516,77.87710571289062,146.17337036132812,72.66795349121094,57.371734619140625
2013-12-10,73.0735092163086,19.495426177978516,121.81999969482422,76.44208526611328,26.984346389770508,56.481475830078125,77.82301330566406,145.64968872070312,73.18911743164062,57.29392623901367
2013-12-11,72.15165710449219,18.75206756591797,120.86000061035156,76.14750671386719,27.1739444732666,56.66654586791992,76.82196044921875,144.01385498046875,72.62561798095703,56.42591857910156
2013-12-12,71.49574279785156,18.592775344848633,118.29000091552734,75.92842102050781,26.55096435546875,55.71376419067383,76.62350463867188,143.5384521484375,72.35089111328125,57.084388732910156
2013-12-13,70.85163116455078,18.6812686920166,119.37999725341797,76.0417251586914,26.56451416015625,55.47385025024414,76.5242691040039,143.5223388671875,72.703125,57.05445861816406
2013-12-16,71.040771484375,18.92020606994629,119.69000244140625,76.00391387939453,26.591602325439453,55.5218391418457,76.94818878173828,144.41671752929688,72.43547058105469,58.197837829589844
2013-12-17,70.16617584228516,18.75206756591797,118.6500015258789,76.24565887451172,26.476478576660156,55.151702880859375,76.79484558105469,143.95745849609375,72.75946044921875,57.91648483276367
2013-12-18,71.85621643066406,18.460037231445312,117.61000061035156,75.95867156982422,27.09946060180664,55.80974197387695,77.68773651123047,146.41514587402344,72.3931655883789,59.58663558959961
2013-12-19,72.81351470947266,18.14145278930664,114.81999969482422,75.64134979248047,26.991111755371094,55.97425079345703,77.47128295898438,146.2459259033203,72.3227310180664,59.52077102661133
2013-12-20,72.55350494384766,18.168001174926758,115.94000244140625,75.87550354003906,27.112998962402344,56.07704544067383,78.26020050048828,147.09664916992188,73.43573760986328,59.071834564208984
2013-12-23,72.56535339355469,18.213558197021484,115.56999969482422,75.63377380371094,27.194265365600586,56.111331939697266,79.08352661132812,147.8825225830078,73.02014923095703,58.97004318237305
2013-12-24,72.98490142822266,18.78524398803711,116.0999984741211,75.33917999267578,27.21455955505371,56.23471450805664,79.1197280883789,148.20655822753906,72.43547058105469,59.39506530761719
2013-12-26,73.75309753417969,18.803110122680664,116.73999786376953,75.27411651611328,27.41771125793457,56.51573944091797,79.38208770751953,148.96005249023438,72.15631103515625,60.40074920654297
2013-12-27,74.00128173828125,18.981760025024414,117.12000274658203,75.22874450683594,27.532835006713867,56.6939582824707,79.18305969238281,148.95199584960938,71.9513168334961,60.76588821411133
2013-12-30,73.41033935546875,18.436872482299805,115.38999938964844,75.43299102783203,27.82400131225586,56.83104705810547,79.06544494628906,148.92764282226562,72.44605255126953,60.047569274902344
2013-12-31,73.81217956542969,18.874568939208984,116.12000274658203,75.09248352050781,27.97298812866211,56.851627349853516,79.58113861083984,149.63247680664062,71.98664855957031,60.58034896850586
2014-01-02,73.35714721679688,19.678503036499023,118.0,75.38760375976562,27.532835006713867,56.27581024169922,78.95687103271484,148.19845581054688,72.20574188232422,59.71233367919922
2014-01-03,73.48123931884766,19.499849319458008,119.29000091552734,75.34220886230469,27.397401809692383,56.371803283691406,78.38687896728516,148.17416381835938,72.20574188232422,59.568668365478516
2014-01-06,73.2862319946289,19.589181900024414,119.5,75.55406951904297,27.268739700317383,56.399234771728516,78.09737396240234,147.74476623535156,72.5096664428711,59.658470153808594
2014-01-07,73.90672302246094,19.624902725219727,118.81999969482422,75.67508697509766,27.349994659423828,57.221763610839844,78.82113647460938,148.65219116210938,72.69338989257812,60.50251770019531
2014-01-08,72.85487365722656,19.303333282470703,118.12000274658203,75.30436706542969,27.045276641845703,57.0572624206543,78.9930419921875,148.68458557128906,72.4955062866211,60.304969787597656
2014-01-09,72.85487365722656,18.99962615966797,118.45999908447266,75.5010757446289,26.9030818939209,56.78994369506836,78.73065948486328,148.78184509277344,72.9195327758789,59.718318939208984
2014-01-10,71.50759887695312,19.66063690185547,120.26000213623047,76.1366958618164,27.1739444732666,57.235450744628906,78.98402404785156,149.1869354248047,73.78883361816406,60.173255920410156
2014-01-13,70.46754455566406,20.232324600219727,121.0199966430664,76.35610961914062,26.767648696899414,56.46089553833008,77.8168716430664,147.20193481445312,74.15632629394531,58.99399185180664
2014-01-14,70.65663146972656,19.741031646728516,119.88999938964844,76.0686264038086,26.875993728637695,56.46089553833008,79.30064392089844,148.80609130859375,73.81709289550781,59.33521270751953
2014-01-15,70.42618560791016,20.000078201293945,119.66000366210938,76.00050354003906,26.92339324951172,56.81736373901367,79.95207977294922,149.6082305908203,73.73934173583984,59.13167190551758
2014-01-16,70.2193603515625,20.205530166625977,119.79000091552734,76.2123794555664,26.889537811279297,56.79677963256836,79.96111297607422,149.4137725830078,74.23407745361328,59.22745132446289
2014-01-17,70.49118041992188,20.83974266052246,120.93000030517578,76.39400482177734,26.598363876342773,56.34437942504883,79.50873565673828,148.78184509277344,74.54498291015625,59.3591423034668
2014-01-21,71.12346649169922,21.17024803161621,119.69999694824219,76.31072235107422,27.031736373901367,56.83791732788086,80.11493682861328,149.2192840576172,74.60155487060547,58.96406936645508
2014-01-22,71.16482543945312,20.62535858154297,119.19000244140625,76.09889221191406,27.018198013305664,56.78994369506836,80.32302856445312,149.31646728515625,74.41777038574219,58.59291076660156
2014-01-23,69.9593505859375,21.1881103515625,121.79000091552734,76.6134033203125,26.571273803710938,56.50205612182617,80.05162048339844,148.09315490722656,75.47078704833984,58.04817199707031
2014-01-24,68.71842193603516,21.143449783325195,122.29000091552734,76.92367553710938,26.3004150390625,55.81657028198242,78.47735595703125,144.93350219726562,75.95845031738281,56.77910614013672
2014-01-27,68.80116271972656,20.44670295715332,120.95999908447266,76.68907928466797,26.22593116760254,56.248409271240234,77.71736907958984,144.22047424316406,75.42840576171875,56.82100296020508
2014-01-28,69.04342651367188,20.90226936340332,120.94999694824219,76.80258178710938,26.32073402404785,56.4266357421875,77.672119140625,145.07928466796875,75.61215209960938,57.25802230834961
2014-01-29,68.54705810546875,21.447154998779297,122.47000122070312,77.16577911376953,25.663904190063477,54.987186431884766,76.83977508544922,143.68582153320312,76.23410034179688,56.934715270996094
2014-01-30,68.8129653930664,20.9826602935791,119.7699966430664,77.09012603759766,25.846729278564453,55.57667922973633,78.26020050048828,145.2089080810547,76.01500701904297,56.2642936706543
2014-01-31,65.96470642089844,20.973730087280273,120.08999633789062,77.39277648925781,25.609722137451172,55.08313751220703,78.0521240234375,144.35821533203125,76.52384948730469,55.168827056884766
2014-02-03,65.67516326904297,20.81294059753418,121.31999969482422,77.81346130371094,25.189897537231445,53.8561897277832,76.26073455810547,141.10935974121094,77.45620727539062,53.90573501586914
2014-02-04,65.4919662475586,21.071989059448242,120.98999786376953,77.5784912109375,25.379493713378906,54.02753829956055,76.82168579101562,142.0978240966797,76.63438415527344,53.88776397705078
2014-02-05,64.7178726196289,20.7325496673584,121.29000091552734,77.29800415039062,25.467525482177734,54.43883514404297,76.62262725830078,141.9195556640625,75.92583465576172,53.62438201904297
2014-02-06,65.75199127197266,20.714683532714844,121.23999786376953,77.15399169921875,25.75193214416504,54.41826248168945,77.59973907470703,143.7910614013672,75.59992980957031,54.136810302734375
2014-02-07,66.2129135131836,21.357830047607422,122.16999816894531,77.35863494873047,25.697755813598633,54.987186431884766,78.98402404785156,145.57347106933594,75.66363525390625,54.60702896118164
2014-02-10,66.00017547607422,22.063507080078125,122.91999816894531,77.39659118652344,26.11759376525879,55.24765396118164,79.43636322021484,145.84088134765625,75.8762435913086,53.968017578125
2014-02-11,67.11703491210938,22.91210174560547,124.36000061035156,77.05550384521484,26.164993286132812,55.69318389892578,80.34111785888672,147.43692016601562,75.4369125366211,54.763755798339844
2014-02-12,66.78913116455078,22.126033782958984,124.43000030517578,76.87358856201172,26.076969146728516,55.85770797729492,80.49491882324219,147.5098419189453,75.0472412109375,54.90845489501953
2014-02-13,67.0752944946289,23.10862159729004,125.48999786376953,77.23735809326172,26.171764373779297,54.623905181884766,81.0920181274414,148.27137756347656,75.47236633300781,55.11947250366211
2014-02-14,67.65357971191406,23.537384033203125,127.1500015258789,77.18437957763672,26.361370086669922,53.52717590332031,81.25489044189453,149.08966064453125,75.51490020751953,56.735145568847656
2014-02-18,67.19451904296875,23.63564109802246,127.4000015258789,77.37387084960938,25.37273597717285,53.588863372802734,81.65301513671875,149.2679443359375,75.68494415283203,56.711021423339844
2014-02-19,67.7251205444336,22.894237518310547,126.2699966430664,77.22222137451172,25.1221866607666,52.84855270385742,81.0920181274414,148.2794952392578,75.36607360839844,56.638671875
2014-02-20,68.3212890625,23.823225021362305,127.5999984741211,77.13887023925781,25.257617950439453,53.47233200073242,81.47205352783203,149.15452575683594,75.18187713623047,57.49474334716797
2014-02-21,67.1766357421875,23.698171615600586,127.58000183105469,77.23735809326172,25.17635726928711,53.616275787353516,81.36347198486328,148.9842987060547,75.57865142822266,57.28976058959961
2014-02-24,68.05302429199219,23.850027084350586,128.99000549316406,77.16159057617188,25.393043518066406,54.06867599487305,81.7977523803711,149.81076049804688,75.38737487792969,58.13981246948242
2014-02-25,68.54187774658203,23.51951789855957,129.2100067138672,77.42684173583984,25.57586669921875,54.30857849121094,81.707275390625,149.75405883789062,76.06043243408203,58.06143569946289
2014-02-26,68.86380767822266,23.269405364990234,128.11000061035156,77.65428924560547,25.643590927124023,53.9110221862793,81.6349105834961,149.7621307373047,76.46426391601562,57.7479362487793
2014-02-27,68.97112274169922,23.19794273376465,128.1999969482422,77.7452163696289,25.779016494750977,54.19889450073242,82.16456604003906,150.54803466796875,76.88233947753906,57.778079986572266
2014-02-28,68.75645446777344,23.117551803588867,127.62000274658203,77.66943359375,25.867050170898438,54.88437271118164,82.07369232177734,150.92877197265625,76.92488861083984,58.03730773925781
2014-03-03,68.46436309814453,23.492717742919922,130.2899932861328,78.0535888671875,25.81287384033203,54.507381439208984,81.46499633789062,149.8674774169922,77.43827819824219,57.57309341430664
2014-03-04,68.7505111694336,23.31407356262207,128.67999267578125,77.4538345336914,25.941537857055664,55.41903305053711,82.50068664550781,151.97389221191406,76.2735824584961,58.188045501708984
2014-03-05,68.21994018554688,23.671371459960938,128.88999938964844,77.53731536865234,25.968624114990234,55.99061584472656,82.72779083251953,152.11163330078125,76.4369125366211,56.548248291015625
2014-03-06,68.47032928466797,23.930419921875,130.1699981689453,77.20329284667969,26.049877166748047,56.14246368408203,82.65514373779297,152.45999145507812,75.68406677246094,56.52413558959961
2014-03-07,68.60745239257812,23.385528564453125,129.08999633789062,76.86924743652344,26.104045867919922,56.301239013671875,82.24629974365234,152.52484130859375,75.2081298828125,57.26564407348633
2014-03-10,69.06053161621094,23.19794273376465,129.1300048828125,76.95276641845703,26.171764373779297,56.4185905456543,82.31902313232422,152.44386291503906,75.31476593017578,57.57309341430664
2014-03-11,68.26763916015625,23.340862274169922,129.86000061035156,77.02863311767578,26.27333641052246,57.16413497924805,81.96466064453125,151.69033813476562,75.5135726928711,56.67485046386719
2014-03-12,68.94725799560547,24.046541213989258,131.75999450683594,77.33234405517578,26.25627326965332,56.708499908447266,82.27359008789062,151.73085021972656,76.03921508789062,56.79541015625
2014-03-13,68.23186492919922,24.680753707885742,132.2100067138672,77.78791046142578,25.91501808166504,56.466896057128906,81.11067962646484,150.0294647216797,77.06192016601562,56.451786041259766
2014-03-14,68.02320098876953,24.770082473754883,133.10000610351562,77.79547882080078,26.051515579223633,55.9146614074707,80.5564956665039,149.6082305908203,77.07612609863281,56.34929275512695
2014-03-17,68.60147857666016,23.939350128173828,131.63999938964844,77.48416900634766,26.119768142700195,56.639488220214844,81.26513671875,150.961181640625,76.50080108642578,56.861724853515625
2014-03-18,69.29901123046875,23.608842849731445,130.6199951171875,77.67400360107422,26.20849609375,56.57045364379883,82.24629974365234,152.0387420654297,76.77782440185547,57.09683609008789
2014-03-19,68.67898559570312,22.724517822265625,128.08999633789062,76.95276641845703,26.031044006347656,56.17007064819336,81.80115509033203,151.22860717773438,76.18118286132812,56.50605010986328
2014-03-20,68.86380767822266,22.751312255859375,127.86000061035156,76.96792602539062,26.242618560791016,56.50831985473633,82.02828979492188,152.11163330078125,76.04625701904297,57.018463134765625
2014-03-21,68.93535614013672,22.795976638793945,128.47000122070312,77.1121826171875,26.235795974731445,56.701602935791016,81.04122161865234,151.52171325683594,76.87014770507812,56.85568618774414
2014-03-24,69.06649780273438,21.73299789428711,126.18000030517578,77.14257049560547,26.20849609375,56.5290412902832,80.33097839355469,150.8950958251953,77.41709899902344,57.05463409423828
2014-03-25,69.80574798583984,21.866985321044922,126.41000366210938,77.09700775146484,26.3586483001709,56.88108444213867,80.59504699707031,151.6111602783203,77.12584686279297,57.217411041259766
2014-03-26,70.17538452148438,20.9826602935791,125.41000366210938,77.42344665527344,26.35182762145996,57.20551300048828,79.55699920654297,150.52076721191406,77.72953796386719,57.0908203125
2014-03-27,70.15153503417969,21.277437210083008,124.58999633789062,77.49945068359375,26.495155334472656,56.97773361206055,79.11079406738281,150.20338439941406,78.12018585205078,58.019229888916016
2014-03-28,70.64635467529297,21.527551651000977,124.55999755859375,77.22608947753906,26.58387565612793,57.260746002197266,79.26557159423828,150.9439239501953,77.67988586425781,58.89939498901367
2014-03-31,70.89078521728516,21.08985137939453,123.61000061035156,77.23365783691406,26.38595199584961,57.6403923034668,79.83015441894531,152.1808319091797,77.488037109375,58.887325286865234
2014-04-01,70.9444580078125,21.161314010620117,123.38999938964844,77.07395935058594,26.215328216552734,57.21242904663086,81.23241424560547,153.18983459472656,76.82585906982422,58.91748046875
2014-04-02,71.15311431884766,21.72406768798828,124.31999969482422,76.7392807006836,26.16071891784668,57.10888671875,81.44185638427734,153.70252990722656,76.3843765258789,59.05011749267578
2014-04-03,70.96829223632812,21.500749588012695,123.91999816894531,76.79249572753906,25.983264923095703,57.23312759399414,80.79537963867188,153.49913024902344,76.71900177001953,59.03804397583008
2014-04-04,70.8252182006836,21.670473098754883,125.56999969482422,77.26409149169922,26.08564567565918,57.01223373413086,78.64641571044922,151.68446350097656,77.23170471191406,58.69440460205078
2014-04-07,69.95478820800781,21.670473098754883,124.91000366210938,77.4466323852539,26.3586483001709,57.9234504699707,77.89976501464844,150.00804138183594,77.69459533691406,58.34477615356445
2014-04-08,70.22904968261719,22.224288940429688,126.08999633789062,77.55317687988281,26.549758911132812,57.619720458984375,78.61907958984375,150.6265411376953,77.87975311279297,58.74868392944336
2014-04-09,71.0040512084961,22.394010543823242,126.31999969482422,77.53031158447266,26.61117935180664,57.9234504699707,79.96673583984375,152.2459259033203,77.49520874023438,58.676353454589844
2014-04-10,69.56729125976562,21.9473819732666,127.01000213623047,77.85733032226562,26.542930603027344,57.7232551574707,77.48999786376953,149.0478515625,78.21440887451172,58.34477615356445
2014-04-11,69.76997375488281,21.63473892211914,126.93000030517578,78.01709747314453,26.365478515625,57.39881896972656,76.58850860595703,147.7052001953125,78.84810638427734,58.30860900878906
2014-04-14,70.76559448242188,21.902721405029297,127.8499984741211,77.89540100097656,26.43372344970703,57.67493438720703,77.18949890136719,148.86883544921875,78.64161682128906,58.995845794677734
2014-04-15,71.71947479248047,21.45608901977539,125.48999786376953,77.98668670654297,27.423368453979492,57.95794677734375,77.44442749023438,149.8941650390625,79.13298034667969,59.49021530151367
2014-04-16,72.6316146850586,21.259571075439453,125.54000091552734,77.8650131225586,27.703214645385742,58.517086029052734,78.47341918945312,151.46470642089844,79.23262786865234,60.249794006347656
2014-04-17,73.73452758789062,21.054122924804688,124.75,77.4238052368164,27.791929244995117,59.055545806884766,78.49159240722656,151.67630004882812,78.36396789550781,60.5391845703125
2014-04-21,74.06838989257812,21.000526428222656,124.23999786376953,77.4085693359375,27.812395095825195,59.30405807495117,79.07438659667969,152.2052459716797,78.29985809326172,60.84663772583008
2014-04-22,73.92529296875,21.250638961791992,123.77999877929688,77.37820434570312,27.78510093688965,58.772525787353516,79.70267486572266,152.8969268798828,78.56332397460938,60.509033203125
2014-04-23,74.33666229248047,21.679405212402344,123.76000213623047,77.57592010498047,27.798751831054688,58.958919525146484,79.00154876708984,152.5388641357422,79.01193237304688,60.5873908996582
2014-04-24,74.10414123535156,21.384628295898438,124.55999755859375,77.55317687988281,27.77828598022461,59.03482437133789,79.75729370117188,152.84814453125,79.16142272949219,60.29200744628906
2014-04-25,73.91931915283203,21.84912109375,125.43000030517578,77.65957641601562,27.98985481262207,58.84846496582031,78.48249053955078,151.5948944091797,79.275390625,60.53316116333008
2014-04-28,74.95665740966797,21.429290771484375,124.87999725341797,77.54549407958984,28.003507614135742,59.93223190307617,78.73744201660156,152.07501220703125,78.89089965820312,60.99132537841797
2014-04-29,75.09976959228516,21.715131759643555,124.86000061035156,77.61397552490234,27.689550399780273,59.20050048828125,79.36578369140625,152.7830047607422,78.78404998779297,61.160125732421875
2014-04-30,74.83148956298828,21.536483764648438,124.22000122070312,77.81932830810547,27.839706420898438,59.2902717590332,79.5751953125,153.2387237548828,79.11161041259766,61.738868713378906
2014-05-01,74.48567962646484,21.250638961791992,123.80000305175781,78.04338836669922,27.832883834838867,59.06937026977539,79.81194305419922,153.25498962402344,79.96031188964844,61.13600540161133
2014-05-02,74.35453796386719,21.72406768798828,125.05999755859375,78.15770721435547,27.948909759521484,59.03482437133789,79.66622924804688,153.0352325439453,80.452880859375,61.497711181640625
2014-05-05,74.7361068725586,21.804458618164062,126.22000122070312,78.11197662353516,27.81922149658203,59.30405807495117,80.08512115478516,153.32818603515625,79.96745300292969,62.04031753540039
2014-05-06,74.50359344482422,21.688339233398438,125.9800033569336,78.20338439941406,27.634944915771484,58.931278228759766,79.04705047607422,151.99365234375,80.28868103027344,61.89561080932617
2014-05-07,75.2547607421875,21.268505096435547,124.16999816894531,78.26437377929688,27.92160415649414,59.91842269897461,78.81940460205078,152.88877868652344,80.00314331054688,62.1608772277832
2014-05-08,74.57513427734375,21.232772827148438,124.16999816894531,78.34819793701172,27.798751831054688,59.82179260253906,78.7465591430664,152.72604370117188,79.6604995727539,61.68460464477539
2014-05-09,74.53937530517578,21.197040557861328,124.0999984741211,78.2872085571289,27.89430046081543,60.173851013183594,79.0379409790039,152.95391845703125,79.4035415649414,61.87883758544922
2014-05-12,74.66456604003906,21.37569808959961,124.94000244140625,78.08148956298828,27.86017417907715,60.0081901550293,80.34009552001953,154.4430389404297,79.0823974609375,62.04880142211914
2014-05-13,75.02820587158203,21.214906692504883,124.5999984741211,78.38630676269531,28.058107376098633,60.21525955200195,80.39471435546875,154.5814208984375,79.76766967773438,62.12770080566406
2014-05-14,75.3680191040039,21.447154998779297,125.80999755859375,78.74452209472656,27.907958984375,59.9460334777832,79.97584533691406,153.84898376464844,80.63127899169922,62.08518600463867
2014-05-15,74.44207763671875,21.098783493041992,124.7699966430664,79.02645874023438,27.655433654785156,59.18669891357422,79.34754180908203,152.49818420410156,81.27373504638672,61.16868209838867
2014-05-16,74.06330871582031,20.920133590698242,124.5,78.85881805419922,27.907958984375,59.73893737792969,79.86658477783203,153.02711486816406,81.04529571533203,61.14440155029297
2014-05-19,73.92501831054688,20.91119956970215,124.58000183105469,78.759765625,27.78510093688965,59.435218811035156,80.42201232910156,153.58860778808594,80.44572448730469,61.22331237792969
2014-05-20,73.6544418334961,20.893335342407227,124.69000244140625,78.98834228515625,27.696369171142578,59.12458419799805,80.13064575195312,152.6202850341797,80.62415313720703,61.10192108154297
2014-05-21,74.65252685546875,20.946929931640625,124.38999938964844,78.86644744873047,27.89430046081543,59.435218811035156,80.89554595947266,153.90594482421875,80.13162994384766,61.92739486694336
2014-05-22,74.33386993408203,20.893335342407227,124.66999816894531,78.7825698852539,27.696369171142578,59.07625961303711,81.25064086914062,154.2803192138672,80.01740264892578,61.605712890625
2014-05-23,74.17753601074219,20.82187271118164,124.51000213623047,78.94264221191406,27.696369171142578,59.24882507324219,81.84254455566406,154.89878845214844,80.44572448730469,61.49644470214844
2014-05-27,73.85887145996094,20.017942428588867,121.8499984741211,78.96546173095703,27.826059341430664,59.732025146484375,82.86235809326172,155.850830078125,80.91682434082031,61.52074432373047
2014-05-28,73.66645812988281,19.687437057495117,121.19999694824219,79.3998794555664,27.696369171142578,60.10483932495117,82.60741424560547,155.73692321777344,81.91614532470703,61.33864212036133
2014-05-29,73.54621887207031,19.866086959838867,120.94000244140625,79.30085754394531,27.7509822845459,60.5604248046875,83.13555145263672,156.5425262451172,81.48072052001953,61.466094970703125
2014-05-30,73.82880401611328,20.09833526611328,120.43000030517578,79.23983001708984,27.92160415649414,60.974613189697266,83.14464569091797,156.79476928710938,81.44502258300781,61.0169677734375
2014-06-02,73.4800796508789,19.910747528076172,119.69999694824219,78.87725830078125,27.887483596801758,60.657047271728516,83.06270599365234,156.97386169433594,80.83959197998047,60.65884780883789
2014-06-03,73.68447875976562,19.98221206665039,120.01000213623047,78.48030090332031,27.9011173248291,60.89867401123047,83.02629852294922,156.89248657226562,79.8448486328125,60.93198776245117
2014-06-04,73.56423950195312,19.90182113647461,119.76000213623047,78.41923522949219,27.839706420898438,60.80477523803711,83.33585357666016,157.20980834960938,79.8233413696289,60.71954345703125
2014-06-05,74.26770782470703,20.232324600219727,120.66000366210938,78.53370666503906,27.907958984375,61.03428649902344,84.0370101928711,158.23521423339844,79.8591537475586,61.02910614013672
2014-06-06,74.67058563232422,20.223392486572266,120.61000061035156,78.47267150878906,27.976207733154297,61.138587951660156,84.51962280273438,158.99195861816406,79.8591537475586,61.66640853881836
2014-06-09,74.7787857055664,20.14299201965332,120.6500015258789,78.35818481445312,27.92160415649414,61.201202392578125,84.45585632324219,159.1547088623047,79.7446517944336,61.61784744262695
2014-06-10,75.36202239990234,20.571760177612305,121.38999938964844,78.22077941894531,28.030799865722656,61.49327087402344,84.60157775878906,159.17103576660156,79.45125579833984,61.58142852783203
2014-06-11,75.26582336425781,20.91119956970215,121.41000366210938,78.32760620117188,27.887483596801758,61.048179626464844,84.58334350585938,158.61761474609375,79.59439086914062,61.87883758544922
2014-06-12,75.82501220703125,21.46501922607422,122.63999938964844,78.6329574584961,27.79465103149414,60.658729553222656,83.8184814453125,157.49464416503906,80.30287170410156,61.702816009521484
2014-06-13,76.5164566040039,21.536483764648438,122.95999908447266,78.48030090332031,27.760263442993164,60.63782501220703,84.06431579589844,157.9747772216797,80.25995635986328,62.303714752197266
2014-06-16,77.28604125976562,21.420358657836914,122.41999816894531,78.48030090332031,27.959684371948242,60.88823699951172,84.1371841430664,158.10501098632812,80.46028900146484,62.46759033203125
2014-06-17,77.46041107177734,21.5454158782959,122.27999877929688,78.15203094482422,28.138465881347656,60.700439453125,84.18270111083984,158.54441833496094,79.8233413696289,62.164085388183594
2014-06-18,78.3322525024414,22.117101669311523,122.66999816894531,78.56430053710938,28.57855987548828,61.82709884643555,84.6562271118164,159.7081298828125,80.43882751464844,62.35226058959961
2014-06-19,79.36042022705078,23.30513572692871,126.94000244140625,78.36580657958984,28.736722946166992,62.661659240722656,84.60157775878906,159.88702392578125,79.40830993652344,62.29154586791992
2014-06-20,79.57084655761719,23.06395721435547,126.5,78.45743560791016,28.667964935302734,61.96621322631836,84.70108032226562,160.21173095703125,80.00943756103516,63.01992416381836
2014-06-23,79.95567321777344,23.46592140197754,126.8499984741211,78.4039306640625,28.69545555114746,61.472415924072266,84.7193374633789,160.16258239746094,79.75894165039062,63.35372543334961
2014-06-24,79.22813415527344,22.751312255859375,126.9800033569336,78.7245864868164,28.77797508239746,61.235965728759766,84.63716888427734,159.19784545898438,80.56761932373047,62.35226058959961
2014-06-25,78.9034194946289,23.010360717773438,126.98999786376953,78.80091857910156,28.85362434387207,61.60456848144531,85.17586517333984,159.91734313964844,80.77519226074219,61.99415969848633
2014-06-26,78.71705627441406,23.180082321166992,126.7300033569336,79.00697326660156,28.90176773071289,61.62541580200195,85.22150421142578,159.8029022216797,81.16163635253906,61.92739486694336
2014-06-27,78.38035583496094,23.206878662109375,126.66000366210938,79.00697326660156,29.011781692504883,61.72972106933594,85.59585571289062,160.11363220214844,81.03997802734375,61.42967987060547
2014-06-30,78.49459075927734,23.626710891723633,128.0399932861328,79.0680923461914,29.12868309020996,62.133113861083984,85.741943359375,160.03189086914062,81.24031066894531,61.108009338378906
2014-07-01,78.4885482788086,23.43912124633789,127.69999694824219,78.8095703125,29.08054542541504,61.98708724975586,86.68235778808594,161.1029510498047,80.5602035522461,61.52074432373047
2014-07-02,78.30218505859375,23.653505325317383,127.69999694824219,78.4883804321289,29.08054542541504,62.36260223388672,86.82841491699219,161.26649475097656,79.6991958618164,61.6482048034668
2014-07-03,78.87939453125,23.671371459960938,127.16000366210938,78.3277816772461,29.039291381835938,62.606014251708984,87.3762435913086,162.05963134765625,79.41215515136719,62.26728820800781
2014-07-07,78.44648742675781,23.260473251342773,127.0199966430664,78.51898193359375,28.977399826049805,62.494747161865234,87.1114730834961,161.4954376220703,79.99333190917969,62.303714752197266
2014-07-08,78.10379028320312,23.63564109802246,127.06999969482422,78.87841796875,28.839876174926758,62.40433120727539,86.06149291992188,160.45700073242188,80.89018249511719,62.41294479370117
2014-07-09,78.99966430664062,24.251991271972656,127.83999633789062,78.89374542236328,28.846744537353516,62.432132720947266,86.70059204101562,161.17652893066406,80.95481872558594,62.849945068359375
2014-07-10,78.31422424316406,23.769628524780273,128.5399932861328,79.06192779541016,29.05990982055664,62.661659240722656,86.42669677734375,160.53878784179688,80.9762954711914,62.25516128540039
2014-07-11,77.24397277832031,24.40384292602539,128.77999877929688,79.19197082519531,28.860504150390625,62.48780822753906,86.98365020751953,160.759521484375,81.49293518066406,61.75136947631836
2014-07-14,77.71896362304688,23.760696411132812,125.72000122070312,79.01608276367188,29.142425537109375,63.34323501586914,87.50406646728516,161.56907653808594,81.14138793945312,62.321922302246094
2014-07-15,77.71896362304688,23.02822494506836,124.52999877929688,78.9472427368164,28.949886322021484,62.828582763671875,87.2027587890625,161.26649475097656,80.9762954711914,62.145912170410156
2014-07-16,78.69902038574219,23.474855422973633,124.97000122070312,79.06192779541016,28.96364974975586,62.939884185791016,87.54971313476562,161.86337280273438,81.4068374633789,62.98350524902344
2014-07-17,78.2120132446289,24.109071731567383,127.08999633789062,79.52080535888672,28.89488410949707,62.58513641357422,86.39018249511719,160.02365112304688,82.4328842163086,62.09733963012695
2014-07-18,78.39839172363281,24.064407348632812,126.12999725341797,79.3602523803711,29.17682456970215,62.65473175048828,87.75968933105469,161.6590118408203,82.16732788085938,62.35226058959961
2014-07-21,78.93952178955078,24.028676986694336,126.33999633789062,79.3831558227539,29.156187057495117,62.52951431274414,87.6501693725586,161.35641479492188,82.57633972167969,62.56468200683594
2014-07-22,79.71516418457031,23.751766204833984,125.73999786376953,79.48255920410156,28.324132919311523,62.0148811340332,88.20709228515625,162.05963134765625,82.74848937988281,62.8438720703125
2014-07-23,80.49678802490234,23.66243553161621,125.62000274658203,79.47492980957031,28.06282615661621,63.16239547729492,88.77318572998047,162.4193572998047,82.64087677001953,63.27485275268555
2014-07-24,81.08001708984375,23.296201705932617,124.3499984741211,79.15371704101562,28.1728458404541,63.92045593261719,88.6727294921875,162.42755126953125,82.02388763427734,63.29301071166992
2014-07-25,80.3104248046875,23.957218170166016,125.79000091552734,79.45966339111328,28.1934871673584,63.670074462890625,88.32577514648438,161.66708374023438,82.99244689941406,62.6253547668457
2014-07-28,80.11199188232422,24.109071731567383,125.58000183105469,79.3678970336914,27.97344207763672,63.2667350769043,88.35320281982422,161.73251342773438,82.87767791748047,63.34764099121094
2014-07-29,79.61893463134766,23.903621673583984,125.19999694824219,79.47492980957031,27.746511459350586,62.68948745727539,88.19798278808594,161.03756713867188,83.17904663085938,62.849945068359375
2014-07-30,79.68510437011719,23.644573211669922,124.83000183105469,78.9166259765625,27.244525909423828,61.83407211303711,88.54491424560547,161.06202697753906,82.02388763427734,62.667869567871094
2014-07-31,77.70695495605469,23.144350051879883,123.38999938964844,78.89374542236328,27.01761245727539,61.2707405090332,86.75538635253906,157.8813934326172,81.77991485595703,60.05192947387695
2014-08-01,76.9012222290039,23.403392791748047,124.37999725341797,79.3580322265625,27.01761245727539,61.27769470214844,86.43582916259766,157.39898681640625,82.41299438476562,59.96692657470703
2014-08-04,77.0635757446289,23.180082321166992,123.98999786376953,79.40399169921875,27.093244552612305,62.37652587890625,87.029296875,158.5355224609375,82.1971664428711,60.7741584777832
2014-08-05,75.13355255126953,23.31407356262207,123.87000274658203,79.44231414794922,26.94196128845215,62.03575134277344,86.36277770996094,156.99830627441406,82.46334075927734,59.60276412963867
2014-08-06,75.59649658203125,23.841094970703125,125.66999816894531,79.51129913330078,27.450817108154297,62.94681167602539,86.29888916015625,157.04733276367188,82.51371002197266,60.076171875
2014-08-07,75.54842376708984,23.903621673583984,126.18000030517578,79.87139892578125,27.058866500854492,62.52257537841797,86.02498626708984,156.19703674316406,83.28346252441406,59.6452522277832
2014-08-08,76.877197265625,23.921485900878906,126.19000244140625,79.80242156982422,27.127634048461914,62.79378890991211,86.6458511352539,158.00405883789062,83.10359191894531,60.5374755859375
2014-08-11,76.78701782226562,24.091201782226562,125.95999908447266,79.76412963867188,27.210145950317383,63.837013244628906,87.15711975097656,158.46194458007812,83.09638214111328,60.3419075012207
2014-08-12,76.41423797607422,24.502099990844727,125.98999786376953,79.64920043945312,27.285799026489258,63.433624267578125,87.12057495117188,158.2411346435547,82.5568618774414,60.19520950317383
2014-08-13,76.72086334228516,24.475303649902344,126.19999694824219,79.90977478027344,27.46457290649414,63.80224609375,88.04273223876953,159.3123016357422,83.09638214111328,60.56191635131836
2014-08-14,76.33607482910156,24.234127044677734,126.30999755859375,80.0706558227539,27.629615783691406,63.837013244628906,88.49925231933594,160.06446838378906,83.76545715332031,60.56191635131836
2014-08-15,76.4634017944336,23.957218170166016,125.4800033569336,80.39244079589844,28.1109676361084,63.878726959228516,88.92837524414062,160.03189086914062,84.6790542602539,60.52525329589844
2014-08-18,76.5846939086914,24.109071731567383,124.95999908447266,80.13959503173828,28.434158325195312,64.08736419677734,89.6131362915039,161.37283325195312,83.83734130859375,60.8247184753418
2014-08-19,77.39115905761719,23.841094970703125,124.68000030517578,80.0552978515625,28.372270584106445,63.88569259643555,90.11531829833984,162.21499633789062,83.57841491699219,60.8063850402832
2014-08-20,77.3062515258789,23.814292907714844,124.22000122070312,79.8177719116211,28.365386962890625,64.14301300048828,90.11531829833984,162.6483612060547,83.44171905517578,60.934730529785156
2014-08-21,77.57306671142578,23.28727149963379,122.87999725341797,79.98631286621094,28.475419998168945,64.01782989501953,90.29790496826172,163.12258911132812,83.90931701660156,60.67802047729492
2014-08-22,77.0758285522461,23.31407356262207,123.19000244140625,79.9939956665039,28.275991439819336,63.70486068725586,90.43487548828125,162.8690948486328,84.3769302368164,60.2013053894043
2014-08-25,77.51850891113281,22.885305404663086,122.73999786376953,80.0552978515625,28.475419998168945,64.81067657470703,90.75442504882812,163.6949462890625,84.69342041015625,60.35413360595703
2014-08-26,77.76708984375,23.39446258544922,123.3499984741211,80.03998565673828,28.60607147216797,64.40031433105469,90.84571838378906,163.80120849609375,84.42005920410156,60.8980827331543
2014-08-27,78.00360107421875,23.323001861572266,123.31999969482422,80.26219177246094,28.60607147216797,64.14301300048828,90.8639907836914,163.73580932617188,85.13946533203125,60.83082962036133
2014-08-28,78.0702896118164,23.63564109802246,124.0,80.36945343017578,28.626705169677734,64.38642120361328,90.76355743408203,163.6458740234375,85.5854721069336,60.855308532714844
2014-08-29,78.4947280883789,23.841094970703125,123.86000061035156,80.37711334228516,28.68858528137207,64.32384490966797,91.10137939453125,164.1118927001953,85.64300537109375,60.788063049316406
2014-09-02,77.33659362792969,23.055023193359375,121.6500015258789,79.86363983154297,28.63357162475586,64.31689453125,91.36616516113281,164.0301513671875,84.16561126708984,60.19520950317383
2014-09-03,77.5306167602539,23.02822494506836,122.1500015258789,79.978759765625,28.729839324951172,64.96479797363281,90.82746887207031,163.9402313232422,84.63431549072266,60.57413864135742
2014-09-04,76.88785552978516,22.224288940429688,121.4800033569336,79.69475555419922,28.79173469543457,64.33438873291016,90.74527740478516,163.70310974121094,83.60324096679688,60.11574172973633
2014-09-05,77.25170135498047,22.394010543823242,122.05999755859375,79.71780395507812,28.771102905273438,64.26435852050781,91.20179748535156,164.43899536132812,83.44464874267578,60.665802001953125
2014-09-08,76.53009796142578,21.607942581176758,120.7300033569336,79.63337707519531,28.729839324951172,64.34141540527344,91.37525939941406,164.01380920410156,83.48069763183594,59.755165100097656
2014-09-09,75.9055404663086,21.93844985961914,120.87000274658203,79.44915771484375,28.839876174926758,64.0332260131836,90.61744689941406,162.975341796875,83.41580200195312,59.52290725708008
2014-09-10,75.35980224609375,21.527551651000977,120.26000213623047,79.2496109008789,28.99802017211914,64.29236602783203,91.36616516113281,163.58863830566406,82.88941192626953,59.16840362548828
2014-09-11,75.08695220947266,21.679405212402344,119.47000122070312,79.14982604980469,29.056896209716797,64.19429779052734,91.29312896728516,163.77670288085938,82.61544799804688,59.302894592285156
2014-09-12,74.37749481201172,21.33102798461914,118.37999725341797,78.85047149658203,28.717493057250977,63.647979736328125,90.82746887207031,162.82000732421875,81.75017547607422,58.538902282714844
2014-09-15,75.33556365966797,21.357830047607422,118.63999938964844,78.99629211425781,28.745206832885742,63.879127502441406,89.95097351074219,162.69740295410156,81.872802734375,58.85062026977539
2014-09-16,75.77213287353516,21.43822479248047,118.83000183105469,78.97325897216797,28.842178344726562,64.83868408203125,90.73616790771484,163.92384338378906,81.54105377197266,59.5473518371582
2014-09-17,75.62660217285156,20.929067611694336,117.54000091552734,78.77372741699219,28.821392059326172,65.03483581542969,90.87309265136719,164.14462280273438,81.33194732666016,59.33342361450195
2014-09-18,75.27491760253906,20.661087036132812,117.77999877929688,78.71993255615234,28.94607925415039,65.39905548095703,91.5578842163086,165.01954650878906,81.59153747558594,59.04619216918945
2014-09-19,75.67513275146484,20.241256713867188,117.08999633789062,79.01932525634766,29.12616539001465,65.69322204589844,91.50114440917969,164.870849609375,82.62982177734375,59.3578987121582
2014-09-22,74.8807601928711,19.81249237060547,116.8499984741211,79.18817901611328,29.243906021118164,65.54613494873047,90.65003204345703,163.5974884033203,82.73076629638672,59.0034065246582
2014-09-23,74.62003326416016,20.134063720703125,117.5999984741211,79.35698699951172,29.015335083007812,65.09086608886719,90.40290069580078,162.66107177734375,83.24271392822266,58.69172286987305
2014-09-24,74.21984100341797,19.839290618896484,117.05000305175781,79.13442993164062,29.278545379638672,65.49008178710938,91.3730239868164,163.93435668945312,82.78123474121094,58.5633544921875
2014-09-25,73.17687225341797,19.964344024658203,117.38999938964844,79.51823425292969,28.939151763916016,64.90873718261719,89.45111846923828,161.28919982910156,83.76184844970703,57.60380935668945
2014-09-26,73.65592193603516,19.633838653564453,117.05999755859375,79.34934997558594,29.230056762695312,65.23095703125,90.40290069580078,162.57070922851562,83.63929748535156,58.324989318847656
2014-09-29,73.09803771972656,19.42839241027832,117.02999877929688,79.60269165039062,29.264707565307617,65.2449722290039,90.28392028808594,162.27496337890625,84.30988311767578,57.71381378173828
2014-09-30,72.35220336914062,19.080018997192383,116.20999908447266,79.53356170654297,29.548696517944336,65.20293426513672,90.41206359863281,161.8478546142578,83.83396911621094,57.48158645629883
2014-10-01,71.33956909179688,19.11574935913086,116.7699966430664,80.20177459716797,29.604106903076172,64.89473724365234,88.96603393554688,159.6544647216797,85.45960235595703,56.754234313964844
2014-10-02,71.01212310791016,19.31226921081543,116.73999786376953,79.96339416503906,29.548696517944336,64.845703125,88.96603393554688,159.67909240722656,84.71510314941406,57.0231819152832
2014-10-03,71.37593078613281,18.427940368652344,114.61000061035156,79.94036102294922,29.784191131591797,65.49008178710938,89.84461975097656,161.4370574951172,85.07649230957031,57.40211868286133
2014-10-06,71.60638427734375,18.901371002197266,116.02999877929688,80.07110595703125,30.199779510498047,65.39905548095703,89.65242004394531,161.2480926513672,85.1270980834961,57.76884460449219
2014-10-07,70.35116577148438,18.240354537963867,116.36000061035156,80.54017639160156,30.421438217163086,65.20994567871094,88.38032531738281,158.759033203125,86.27638244628906,57.06597900390625
2014-10-08,71.5214614868164,19.59811019897461,117.47000122070312,80.82466125488281,30.857807159423828,65.79828643798828,90.10088348388672,161.53562927246094,86.29804992675781,57.82381057739258
2014-10-09,69.43553924560547,18.95496368408203,117.63999938964844,80.68622589111328,30.386808395385742,65.53912353515625,88.6457290649414,158.33189392089844,85.92219543457031,56.118629455566406
2014-10-10,69.05960845947266,18.552995681762695,117.58999633789062,81.00143432617188,30.80238914489746,66.29560852050781,86.43097686767578,156.52464294433594,86.77513122558594,55.98417282104492
2014-10-13,67.93175506591797,18.865636825561523,118.5199966430664,81.42446899414062,30.52532386779785,65.79828643798828,85.07647705078125,153.95338439941406,87.30280303955078,55.51968002319336
2014-10-14,66.56742095947266,19.088951110839844,118.58999633789062,81.58590698242188,30.227489471435547,65.14688110351562,85.08562469482422,154.19155883789062,87.87384033203125,55.342437744140625
2014-10-15,66.25816345214844,19.160411834716797,118.98999786376953,82.04727172851562,29.943496704101562,64.27835845947266,84.5365219116211,153.14830017089844,88.56781005859375,55.140743255615234
2014-10-16,67.34356689453125,19.080018997192383,119.22000122070312,81.82430267333984,29.47941780090332,63.591941833496094,84.00567626953125,153.01693725585938,88.00395202636719,55.37299346923828
2014-10-17,67.79229736328125,18.481538772583008,118.98999786376953,81.58590698242188,29.70107078552246,64.09623718261719,85.11308288574219,154.82418823242188,87.512451171875,55.745826721191406
2014-10-20,67.60432434082031,18.937097549438477,119.80000305175781,81.70124053955078,29.985063552856445,65.5251235961914,86.38519287109375,156.32749938964844,87.83042907714844,56.08805847167969
2014-10-21,69.7872543334961,18.84777069091797,120.0199966430664,81.47831726074219,28.17723274230957,65.65119171142578,88.65489196777344,159.42446899414062,87.12930297851562,57.23711013793945
2014-10-22,69.12630462646484,18.25821876525879,119.33999633789062,81.45521545410156,28.135677337646484,66.16251373291016,88.19732666015625,158.29078674316406,87.22327423095703,56.91929244995117
2014-10-23,70.45423126220703,18.36540985107422,118.5199966430664,81.11687469482422,28.301910400390625,65.6722183227539,89.52430725097656,160.1309051513672,86.44983673095703,57.51824951171875
2014-10-24,70.28450012207031,18.285017013549805,118.3499984741211,81.18605041503906,28.419658660888672,66.26055908203125,90.25648498535156,161.36309814453125,86.53659057617188,57.75048065185547
2014-10-27,69.74480438232422,17.96344566345215,118.05999755859375,81.27066802978516,28.232648849487305,66.27457427978516,90.32054138183594,161.14132690429688,86.69561767578125,57.27376937866211
2014-10-28,71.02423858642578,18.338611602783203,118.0999984741211,81.0707015991211,28.094112396240234,66.72285461425781,91.68421936035156,162.98968505859375,86.15348052978516,58.123287200927734
2014-10-29,71.03031921386719,17.543609619140625,116.41000366210938,80.80158233642578,28.37118148803711,66.32360076904297,91.34554290771484,162.7432098388672,86.34866333007812,57.81159973144531
2014-10-30,71.06671905517578,16.257320404052734,115.19000244140625,80.88618469238281,28.67594337463379,66.99601745605469,91.53772735595703,163.7864532470703,86.42095184326172,57.726016998291016
2014-10-31,72.73423767089844,15.372990608215332,112.66000366210938,80.7554702758789,29.008419036865234,67.36026000976562,92.80072021484375,165.65948486328125,86.19685363769531,59.10729217529297
2014-11-03,70.81201171875,15.998275756835938,112.1500015258789,80.72544860839844,28.959930419921875,67.12211608886719,93.07525634765625,165.7498016357422,86.19683837890625,58.22111129760742
2014-11-04,69.95706176757812,15.372990608215332,112.22000122070312,80.71772766113281,28.966848373413086,67.75249481201172,92.76411437988281,165.17478942871094,86.46495056152344,57.76884460449219
2014-11-05,70.97573852539062,14.819171905517578,109.79000091552734,80.74078369140625,29.306257247924805,67.86457061767578,92.77328491210938,166.2180633544922,86.3418197631836,58.10497283935547
2014-11-06,71.87319946289062,15.372990608215332,109.87999725341797,80.49433898925781,29.292409896850586,67.80854034423828,93.06612396240234,166.88343811035156,85.78388214111328,58.83226013183594
2014-11-07,72.03691864013672,16.65035057067871,112.97000122070312,81.01041412353516,29.31318473815918,67.80152893066406,92.9837646484375,167.03953552246094,86.7693099975586,59.460182189941406
2014-11-10,71.50328063964844,15.587376594543457,110.45999908447266,80.6792221069336,29.361675262451172,67.92060089111328,93.3132095336914,167.5653076171875,85.97227478027344,59.26933670043945
2014-11-11,71.818603515625,16.275182723999023,112.04000091552734,80.68690490722656,29.44478416442871,67.73146057128906,93.60604858398438,167.72958374023438,86.03025817871094,59.34939956665039
2014-11-12,71.33956909179688,16.293048858642578,111.5,80.65607452392578,29.58332633972168,68.0536880493164,93.77083587646484,167.54885864257812,85.95777130126953,58.71530532836914
2014-11-13,70.6119384765625,16.02507209777832,111.66999816894531,80.78703308105469,29.638731002807617,69.020263671875,94.17350769042969,167.73782348632812,86.16064453125,58.272090911865234
2014-11-14,71.18717956542969,16.98979377746582,114.47000122070312,80.95650482177734,29.597171783447266,68.44593811035156,94.46637725830078,167.77886962890625,86.58090209960938,58.53679275512695
2014-11-17,70.8383560180664,17.320297241210938,114.05000305175781,80.86408233642578,29.728769302368164,68.93621826171875,94.18266296386719,167.8856658935547,86.36351776123047,58.549102783203125
2014-11-18,70.66699981689453,18.133159637451172,115.05000305175781,80.95650482177734,30.15129280090332,68.60000610351562,94.88739013671875,168.85507202148438,86.60264587402344,58.40135192871094
2014-11-19,71.27897644042969,17.141647338867188,113.68000030517578,80.74078369140625,30.62921905517578,68.92919921875,94.45721435546875,168.58399963378906,86.05194091796875,58.85689926147461
2014-11-20,71.79308319091797,17.606138229370117,114.86000061035156,80.88717651367188,30.649993896484375,68.68405151367188,94.87818145751953,168.8796844482422,86.50120544433594,58.98617935180664
2014-11-21,72.57029724121094,17.757993698120117,115.38999938964844,81.04889678955078,30.82318115234375,69.26541900634766,95.0612564086914,169.78330993652344,87.02289581298828,59.59561538696289
2014-11-24,71.96442413330078,17.49894905090332,115.11000061035156,81.14127349853516,30.66386604309082,69.1183090209961,95.80255126953125,170.25978088378906,87.09534454345703,58.924617767333984
2014-11-25,71.08316802978516,18.213558197021484,115.37999725341797,81.34160614013672,30.77469825744629,69.2934341430664,95.94895935058594,170.1365203857422,87.81991577148438,58.34596633911133
2014-11-26,70.4466781616211,17.954509735107422,115.16000366210938,81.4803237915039,30.889772415161133,69.58760070800781,96.57133483886719,170.57186889648438,88.05902862548828,58.16127395629883
2014-11-28,66.62784576416016,16.400239944458008,112.11000061035156,81.79607391357422,31.266382217407227,70.11295318603516,97.019775390625,170.21044921875,88.75464630126953,55.735843658447266
2014-12-01,68.37813568115234,17.615074157714844,116.58000183105469,81.5954360961914,31.071104049682617,69.8117446899414,95.92152404785156,169.0275421142578,88.23690795898438,56.85005187988281
2014-12-02,69.77959442138672,17.150583267211914,115.13999938964844,81.23284912109375,31.064117431640625,70.31607055664062,96.30593872070312,170.12008666992188,87.37995910644531,57.98276138305664
2014-12-03,69.58988189697266,17.195241928100586,116.33000183105469,81.26372528076172,30.548011779785156,69.3184585571289,96.47978210449219,170.7772674560547,87.72124481201172,58.45060348510742
2014-12-04,68.71473693847656,17.150583267211914,115.87999725341797,81.54922485351562,30.338777542114258,68.91656494140625,96.4340591430664,170.5884246826172,88.4547348022461,58.093563079833984
2014-12-05,67.851806640625,16.748613357543945,114.43000030517578,81.09396362304688,30.35970687866211,68.92362213134766,96.44317626953125,170.86764526367188,87.93910217285156,57.75498580932617
2014-12-08,65.36102294921875,16.873668670654297,115.77999877929688,81.36402130126953,30.087703704833984,68.93770599365234,95.75679016113281,169.72579956054688,89.0139389038086,56.44992446899414
2014-12-09,65.48953247070312,17.659740447998047,118.19000244140625,81.66493225097656,29.320520401000977,68.47946166992188,96.05878448486328,169.6107940673828,89.47145080566406,56.2529411315918
2014-12-10,64.17373657226562,17.15951156616211,117.95999908447266,82.0353012084961,29.013641357421875,67.80972290039062,94.54874420166016,166.8916473388672,90.12503814697266,54.58467483520508
2014-12-11,64.20433807373047,16.971927642822266,117.69000244140625,81.89637756347656,28.964820861816406,67.88722229003906,94.9971694946289,167.73782348632812,90.49542236328125,54.91094207763672
2014-12-12,62.655982971191406,16.659282684326172,117.41000366210938,82.56768035888672,28.53241539001465,66.79444122314453,93.9630126953125,165.0269317626953,91.72276306152344,53.31040573120117
2014-12-15,61.72575378417969,15.489114761352539,114.38999938964844,82.26679229736328,28.295276641845703,66.37142181396484,92.99290466308594,163.89329528808594,91.53400421142578,53.49507141113281
2014-12-16,62.23984909057617,15.274735450744629,114.94999694824219,82.68340301513672,28.169736862182617,65.27864837646484,91.50114440917969,162.57894897460938,92.66686248779297,53.19343185424805
2014-12-17,64.88363647460938,16.06080436706543,114.2699966430664,82.11247253417969,28.978769302368164,66.07530975341797,93.16680908203125,165.76626586914062,91.8316879272461,54.800140380859375
2014-12-18,66.72577667236328,16.757545471191406,115.1500015258789,81.6495132446289,29.564634323120117,67.23158264160156,95.40899658203125,169.8654327392578,90.19771575927734,56.11750411987305
2014-12-19,69.11251831054688,16.552093505859375,114.7699966430664,81.95038604736328,29.25775146484375,67.28794860839844,95.82881164550781,170.58824157714844,91.41047668457031,57.64419937133789
2014-12-22,68.5617446899414,15.698821067810059,112.55000305175781,81.95038604736328,29.536724090576172,68.11986541748047,96.06769561767578,171.37289428710938,91.53400421142578,57.453372955322266
2014-12-23,69.73678588867188,15.55495834350586,112.73999786376953,81.27143096923828,29.969152450561523,68.64159393310547,95.727783203125,171.6042022705078,89.71834564208984,58.229000091552734
2014-12-24,69.44303131103516,15.97755241394043,112.7699966430664,81.33019256591797,29.94820785522461,68.45125579833984,95.81045532226562,171.62071228027344,90.20670318603516,57.730369567871094
2014-12-26,69.30836486816406,16.4001407623291,114.83000183105469,81.4383316040039,29.962167739868164,68.42306518554688,96.4902114868164,172.17416381835938,90.54149627685547,57.379486083984375
2014-12-29,69.35122680664062,16.022502899169922,113.66999816894531,81.71648406982422,29.892419815063477,68.19747161865234,96.47183990478516,172.40541076660156,91.21829986572266,57.29330062866211
2014-12-30,69.22269439697266,16.58896255493164,115.19999694824219,81.8092269897461,29.82267189025879,67.65454864501953,95.82881164550781,171.48028564453125,91.46575927734375,57.26252365112305
2014-12-31,68.65354919433594,16.526020050048828,113.58000183105469,81.9019546508789,29.4460506439209,66.66751861572266,94.84593963623047,169.77870178222656,91.64039611816406,56.9116325378418
2015-01-02,68.8983383178711,17.02953338623047,114.08000183105469,82.3192367553711,29.390270233154297,66.58293151855469,94.5611343383789,169.68783569335938,92.6593017578125,57.14553451538086
2015-01-05,66.14434814453125,17.47909927368164,115.80000305175781,82.82154846191406,29.390270233154297,66.08235168457031,93.17406463623047,166.62335205078125,94.11482238769531,55.58195495605469
2015-01-06,66.11376190185547,18.405202865600586,117.12000274658203,83.37788391113281,29.61343765258789,65.58177185058594,91.92475128173828,165.05393981933594,95.81051635742188,55.28646469116211
2015-01-07,66.05870056152344,18.06353187561035,116.43000030517578,83.36241149902344,29.983083724975586,67.49949645996094,93.10974884033203,167.11061096191406,95.62126922607422,55.846649169921875
2015-01-08,67.57030487060547,17.79379653930664,115.94000244140625,83.02247619628906,30.345766067504883,68.72620391845703,94.89183044433594,170.07611083984375,94.35498809814453,56.77619171142578
2015-01-09,66.22394561767578,18.62099266052246,117.26000213623047,83.43199920654297,30.010986328125,68.26087188720703,94.2671890258789,168.71316528320312,95.38842010498047,56.696163177490234
2015-01-12,64.79798126220703,19.322317123413086,118.55999755859375,83.72562408447266,29.738988876342773,67.97887420654297,93.2842788696289,167.3915557861328,95.9342269897461,55.60657501220703
2015-01-13,63.76982116699219,18.477130889892578,118.16000366210938,83.80288696289062,29.73201560974121,67.92953491210938,93.25670623779297,166.92066955566406,95.9342269897461,55.403419494628906
2015-01-14,63.586204528808594,18.261343002319336,117.97000122070312,84.18925476074219,29.68319320678711,68.1551513671875,92.74229431152344,165.91297912597656,96.66201782226562,55.24336242675781
2015-01-15,62.83346176147461,19.313325881958008,120.94000244140625,84.90792083740234,29.55765151977539,68.1551513671875,91.53894805908203,164.39312744140625,98.18304443359375,54.76317596435547
2015-01-16,64.33284759521484,19.924734115600586,122.5199966430664,84.28199005126953,29.662267684936523,68.59227752685547,92.61369323730469,166.54904174804688,96.93125915527344,56.09288024902344
2015-01-20,65.1590576171875,20.62605857849121,124.19999694824219,84.47514343261719,30.101665496826172,68.74736022949219,93.34857940673828,166.90419006347656,98.21940612792969,56.07440948486328
2015-01-21,66.19330596923828,20.26640510559082,124.2300033569336,84.07330322265625,30.241146087646484,68.66980743408203,93.82627868652344,167.74671936035156,97.08409118652344,56.55458450317383
2015-01-22,66.65846252441406,20.158506393432617,125.2300033569336,83.86470794677734,30.534069061279297,69.72734832763672,95.56242370605469,170.2413330078125,96.73480987548828,57.17018127441406
2015-01-23,65.39161682128906,19.547100067138672,124.2300033569336,84.4133529663086,30.206262588500977,69.46651458740234,95.77368927001953,169.30787658691406,98.08116912841797,55.95130157470703
2015-01-26,66.63394927978516,19.915742874145508,122.98999786376953,84.22016906738281,29.99005699157715,69.57930755615234,95.66349792480469,169.70437622070312,97.78272247314453,56.48686981201172
2015-01-27,66.25452423095703,20.572105407714844,124.4000015258789,84.33612060546875,29.564634323120117,68.19039916992188,93.18323516845703,167.46583557128906,97.93559265136719,55.98821258544922
2015-01-28,63.46992492675781,19.753896713256836,123.41999816894531,84.98521423339844,29.236818313598633,67.4853515625,92.70557403564453,165.3181915283203,99.5366439819336,54.14143753051758
2015-01-29,63.03543472290039,19.4122314453125,120.76000213623047,84.68380737304688,29.362354278564453,67.70394897460938,93.59662628173828,166.8463592529297,98.88165283203125,53.91367721557617
2015-01-30,62.74778747558594,20.041622161865234,123.44999694824219,85.42565155029297,28.713741302490234,66.11761474609375,92.87091064453125,164.74827575683594,100.63558197021484,53.815181732177734
2015-02-02,64.90813446044922,20.185482025146484,122.41999816894531,85.31884002685547,29.00667381286621,67.21040344238281,93.67927551269531,166.78854370117188,100.2557144165039,55.14487838745117
2015-02-03,67.0317611694336,19.663986206054688,121.05000305175781,84.59896087646484,29.034570693969727,67.82379150390625,94.57952117919922,169.20053100585938,98.13361358642578,56.78850173950195
2015-02-04,66.3095932006836,20.023637771606445,121.58000183105469,84.73831176757812,29.06943702697754,68.10578918457031,94.49685668945312,168.5562286376953,98.30131530761719,56.30219650268555
2015-02-05,66.89710235595703,20.3023681640625,121.79000091552734,84.4287338256836,29.14615821838379,68.11284637451172,95.31438446044922,170.25782775878906,97.22209930419922,56.85622024536133
2015-02-06,67.08070373535156,19.178457260131836,118.63999938964844,83.48441314697266,28.909029006958008,68.1833267211914,94.73565673828125,169.78701782226562,95.50104522705078,56.75078582763672
2015-02-09,67.5825424194336,19.502140045166016,119.16999816894531,83.44567108154297,28.755586624145508,67.66163635253906,94.43254089355469,169.0270538330078,95.3479232788086,56.788002014160156
2015-02-10,67.42955780029297,19.133499145507812,118.47000122070312,83.23673248291016,29.571592330932617,69.08575439453125,95.90230560302734,170.82772827148438,94.58949279785156,56.446861267089844
2015-02-11,67.30715942382812,18.75586700439453,117.06999969482422,83.20574188232422,29.550676345825195,70.78489685058594,96.25135803222656,170.9268798828125,94.76447296142578,56.192569732666016
2015-02-12,68.51224517822266,19.01660919189453,117.33999633789062,83.23673248291016,29.41118812561035,70.6932144165039,97.37206268310547,172.57061767578125,94.45094299316406,57.29038619995117
2015-02-13,69.6988525390625,19.115516662597656,117.9800033569336,82.95813751220703,29.285642623901367,69.8895034790039,98.20801544189453,173.281005859375,93.48106384277344,57.91059112548828
2015-02-17,69.4639663696289,18.4951171875,116.01000213623047,82.36984252929688,29.160112380981445,69.34664916992188,98.29986572265625,173.5535888671875,92.07362365722656,57.7121467590332
2015-02-18,68.2527084350586,18.917707443237305,116.33999633789062,82.76461791992188,29.104312896728516,70.030517578125,98.43766021728516,173.57009887695312,92.62055969238281,56.446861267089844
2015-02-19,66.96107482910156,18.4681396484375,115.94000244140625,82.55561828613281,29.36934471130371,69.60047149658203,98.92450714111328,173.44619750976562,92.00798797607422,55.47312545776367
2015-02-20,67.1155776977539,18.38722038269043,115.27999877929688,82.50917053222656,29.27170181274414,69.84017944335938,99.58592224121094,174.4870147705078,92.27782440185547,55.77082443237305
2015-02-23,66.65823364257812,18.4681396484375,115.43000030517578,82.88842010498047,29.188007354736328,70.1151351928711,99.68695068359375,174.4622039794922,93.33521270751953,55.20641326904297
2015-02-24,66.72003936767578,18.360244750976562,115.26000213623047,83.43798065185547,29.383296966552734,70.20677947998047,99.76045227050781,174.95777893066406,94.56031036376953,55.46071243286133
2015-02-25,67.10324096679688,18.69292640686035,115.69999694824219,83.5153579711914,29.327486038208008,70.15037536621094,99.51242065429688,174.80914306640625,94.9686508178711,55.572364807128906
2015-02-26,66.16380310058594,18.84577751159668,116.06999969482422,83.02000427246094,29.61343765258789,69.84721374511719,100.01766204833984,174.60264587402344,93.67063903808594,54.983154296875
2015-02-27,65.9289779663086,19.133499145507812,116.16000366210938,83.31416320800781,30.199302673339844,69.78375244140625,99.57672119140625,174.0079345703125,94.45822143554688,54.91493225097656
2015-03-02,65.44696044921875,18.665952682495117,115.68000030517578,82.69395446777344,30.12955093383789,69.7978515625,100.47698211669922,175.10647583007812,92.69874572753906,54.604801177978516
2015-03-03,64.98963928222656,18.32427978515625,115.47000122070312,82.51567077636719,29.9551944732666,69.37484741210938,100.00847625732422,174.38784790039062,92.36267852783203,54.344303131103516
2015-03-04,64.98963928222656,18.018577575683594,115.11000061035156,82.57769775390625,29.641342163085938,69.1015853881836,99.62267303466797,173.65267944335938,92.39192199707031,54.07141876220703
2015-03-05,64.723876953125,18.054542541503906,115.0,82.62420654296875,29.571592330932617,69.00930786132812,99.79718780517578,173.8426971435547,92.27501678466797,53.79850387573242
2015-03-06,63.994625091552734,16.705848693847656,111.86000061035156,81.77918243408203,28.957847595214844,68.25698852539062,98.66732025146484,171.397705078125,90.2364730834961,53.11004638671875
2015-03-09,64.2418212890625,16.10342788696289,111.97000122070312,82.15904998779297,28.86717414855957,68.16472625732422,98.9520492553711,172.1080780029297,91.06941223144531,52.81855392456055
2015-03-10,63.59912109375,15.8876371383667,111.41999816894531,82.5079116821289,28.378965377807617,67.02202606201172,97.1148681640625,169.3161163330078,92.2677001953125,52.260345458984375
2015-03-11,63.98844909667969,16.364177703857422,110.75,82.65520477294922,27.967477798461914,66.4542007446289,96.55451965332031,168.919677734375,92.93993377685547,52.11147689819336
2015-03-12,63.29627227783203,16.247291564941406,110.72000122070312,82.7327651977539,28.530061721801758,67.93048095703125,97.1883544921875,171.06732177734375,92.8741683959961,52.23552703857422
2015-03-13,62.8018913269043,16.247291564941406,110.87999725341797,82.60867309570312,28.065929412841797,66.9439468383789,96.76578521728516,170.01829528808594,92.5892333984375,52.01846694946289
2015-03-16,63.73507308959961,16.28325653076172,110.80999755859375,82.89554595947266,28.333160400390625,67.74596405029297,98.01508331298828,172.2897491455078,93.48059844970703,52.57044219970703
2015-03-17,63.75979995727539,16.12141227722168,110.20999908447266,83.06610870361328,28.48787498474121,66.80908966064453,98.17129516601562,171.77764892578125,94.25511169433594,52.14870834350586
2015-03-18,65.94136810302734,16.939620971679688,112.37000274658203,84.01954650878906,28.5511531829834,67.1710433959961,99.13580322265625,173.8426971435547,96.07440948486328,53.382957458496094
2015-03-19,64.73624420166016,16.82273292541504,112.29000091552734,83.62428283691406,28.143293380737305,66.78780364990234,99.28279113769531,173.04966735839844,95.58489990234375,52.35338592529297
2015-03-20,66.14529418945312,17.38019371032715,113.56999969482422,83.96536254882812,28.586322784423828,67.66789245605469,99.92546081542969,174.57723999023438,96.08903503417969,52.433998107910156
2015-03-23,65.45928955078125,17.757829666137695,114.29000091552734,84.07388305664062,28.565227508544922,68.02986907958984,99.73208618164062,174.2370147705078,95.97218322753906,52.98600387573242
2015-03-24,64.39632415771484,17.65892219543457,114.56999969482422,84.32967376708984,28.459749221801758,68.03695678710938,99.37303161621094,173.25799560546875,96.90007019042969,52.42158889770508
2015-03-25,65.30479431152344,17.40716552734375,114.7300033569336,83.96536254882812,28.445676803588867,67.6111068725586,97.09882354736328,170.71914672851562,96.08177185058594,52.632476806640625
2015-03-26,65.04522705078125,17.146421432495117,115.4800033569336,83.49246978759766,28.375354766845703,67.87371063232422,96.76738739013672,170.31256103515625,94.58393096923828,52.29753112792969
2015-03-27,64.44575500488281,16.939620971679688,115.05999755859375,83.81806182861328,28.18548011779785,68.1008071899414,97.15406799316406,170.7025146484375,95.76028442382812,51.83859634399414
2015-03-30,66.06494140625,16.606945037841797,113.75,83.81027221679688,28.48787498474121,68.50540161132812,98.26815032958984,172.78506469726562,95.28532409667969,53.11004638671875
2015-03-31,64.87835693359375,16.4001407623291,113.66000366210938,84.02738189697266,28.51600456237793,67.86662292480469,97.22772216796875,171.2749786376953,95.48992919921875,52.71931076049805
2015-04-01,64.76095581054688,17.27229881286621,115.5999984741211,84.42724609375,28.607421875,67.49044036865234,96.7213363647461,170.6693115234375,96.7441635131836,52.38440704345703
2015-04-02,65.06377410888672,17.074487686157227,115.27999877929688,84.18656921386719,28.607421875,67.91630554199219,96.7857894897461,171.28329467773438,95.71913146972656,52.285152435302734
2015-04-06,66.07730102539062,17.712871551513672,116.69000244140625,84.29519653320312,28.95199966430664,68.47701263427734,97.57760620117188,172.4365997314453,95.18460845947266,52.79993438720703
2015-04-07,67.07847595214844,17.254316329956055,116.11000061035156,84.36514282226562,28.8394775390625,68.28538513183594,97.41187286376953,171.98025512695312,95.98268127441406,53.18448257446289
2015-04-08,65.91664123535156,17.164403915405273,115.47000122070312,84.2874755859375,28.755096435546875,68.15763854980469,98.18528747558594,172.56103515625,96.011962890625,52.136295318603516
2015-04-09,66.09586334228516,17.002561569213867,114.66999816894531,83.94583129882812,28.86761474609375,68.3847427368164,98.80213928222656,173.3244171142578,94.76725769042969,52.502235412597656
2015-04-10,66.07112884521484,17.48809051513672,115.97000122070312,83.92251586914062,28.74806022644043,68.27828979492188,99.20729064941406,174.27015686035156,94.90631866455078,53.066627502441406
2015-04-13,65.81776428222656,17.31725311279297,115.13999938964844,84.0933837890625,28.62148666381836,67.80276489257812,98.95867919921875,173.4819793701172,95.03816223144531,52.9301872253418
2015-04-14,67.26388549804688,17.452123641967773,114.44000244140625,84.34185028076172,28.48787498474121,68.48410034179688,98.67326354980469,173.8138885498047,95.71174621582031,53.730281829833984
2015-04-15,68.23416900634766,17.96462631225586,115.43000030517578,84.38844299316406,28.41051483154297,68.58348083496094,99.29013061523438,174.59376525878906,95.6312484741211,54.62961196899414
2015-04-16,68.07965850830078,17.748836517333984,115.02999877929688,84.45052337646484,28.5511531829834,68.45575714111328,99.15202331542969,174.54397583007812,95.15534210205078,54.412532806396484
2015-04-17,67.43074035644531,17.730854034423828,115.5999984741211,84.62137603759766,28.340185165405273,68.00149536132812,97.60521697998047,172.53614807128906,96.24628448486328,53.916351318359375
2015-04-20,68.15999603271484,17.829757690429688,114.72000122070312,84.466064453125,28.593358993530273,68.49121856689453,99.06918334960938,174.11253356933594,95.39695739746094,54.10861587524414
2015-04-21,67.81393432617188,17.955638885498047,115.37999725341797,84.2874755859375,28.67774772644043,68.6899185180664,99.49271392822266,173.90513610839844,94.96493530273438,53.88532257080078
2015-04-22,67.6717529296875,17.362213134765625,113.83000183105469,83.79827880859375,29.05044937133789,69.04481506347656,100.03590393066406,174.75973510742188,93.51516723632812,54.24506378173828
2015-04-23,67.96224212646484,17.784807205200195,114.66000366210938,84.05453491210938,28.797285079956055,67.94468688964844,100.41340637207031,175.19947814941406,93.91788482666016,54.294677734375
2015-04-24,67.90043640136719,17.40716552734375,113.05000305175781,84.34955596923828,28.755096435546875,67.54722595214844,101.77608489990234,175.6060333251953,94.503662109375,53.94115447998047
2015-04-27,67.79537200927734,17.766817092895508,115.33000183105469,84.21758270263672,28.712909698486328,67.06459045410156,101.51825714111328,174.87591552734375,94.503662109375,53.965965270996094
2015-04-28,68.6729507446289,18.459150314331055,116.33000183105469,83.82936096191406,28.67071533203125,67.0149154663086,101.31572723388672,175.43177795410156,93.20039367675781,54.455936431884766
2015-04-29,69.0499267578125,18.629985809326172,115.51000213623047,83.51876831054688,28.473806381225586,66.98652648925781,100.68043518066406,174.70994567871094,92.05816650390625,54.499366760253906
2015-04-30,68.63584899902344,18.08151626586914,113.47000122070312,83.4954605102539,28.52303695678711,67.5117416381836,99.0968017578125,172.95932006835938,92.21920776367188,54.18925094604492
2015-05-01,67.38748168945312,18.225379943847656,113.08000183105469,83.03897094726562,28.769166946411133,67.82403564453125,100.40422821044922,174.8343963623047,90.97782897949219,55.107177734375
2015-05-04,66.94252014160156,18.351253509521484,114.0999984741211,82.8678970336914,28.804323196411133,68.1008071899414,100.5699462890625,175.332275390625,90.119384765625,55.26844024658203
2015-05-05,66.7447738647461,18.180423736572266,114.41999816894531,82.7278823852539,28.656644821166992,67.72468566894531,98.93102264404297,173.3244171142578,89.99467468261719,54.95832824707031
2015-05-06,66.71387481689453,17.72186279296875,114.36000061035156,82.32350158691406,28.593358993530273,67.76725769042969,98.24974060058594,172.61083984375,88.4539794921875,54.697837829589844
2015-05-07,66.47901916503906,17.829757690429688,113.41999816894531,82.6734848022461,28.62148666381836,67.53302764892578,98.8389892578125,173.2994384765625,89.64248657226562,54.33192825317383
2015-05-08,67.14649200439453,17.955638885498047,113.97000122070312,82.99235534667969,28.81838607788086,68.52670288085938,100.07274627685547,175.58114624023438,89.8846206665039,55.194007873535156
2015-05-11,66.3492431640625,18.000593185424805,113.52999877929688,82.17572784423828,28.79025650024414,68.3847427368164,99.68608093261719,174.7431640625,87.69821166992188,54.26848220825195
2015-05-12,66.47281646728516,18.24336051940918,114.5,82.23798370361328,28.61444664001465,68.27828979492188,99.23490905761719,174.22042846679688,87.92562866210938,54.41857147216797
2015-05-13,66.55937194824219,18.68393325805664,116.55000305175781,82.1291275024414,28.86761474609375,68.42733001708984,99.4374771118164,174.25363159179688,87.22129821777344,54.13090133666992
2015-05-14,67.02288818359375,18.719898223876953,117.18000030517578,82.40904235839844,29.184066772460938,69.55582427978516,100.8921890258789,176.07066345214844,87.45610809326172,54.387298583984375
2015-05-15,67.42855072021484,18.629985809326172,117.52999877929688,83.00009155273438,29.198129653930664,69.71197509765625,100.8921890258789,176.261474609375,89.20964813232422,54.62491989135742
2015-05-18,66.56723022460938,18.656959533691406,117.5199966430664,82.44017028808594,29.057498931884766,69.59134674072266,101.33412170410156,176.80908203125,87.712890625,54.31227493286133
2015-05-19,65.54984283447266,17.98261070251465,115.88999938964844,82.07465362548828,29.05044937133789,69.52033233642578,101.22364044189453,176.7509765625,86.93517303466797,54.39982604980469
2015-05-20,65.69339752197266,18.054542541503906,116.08000183105469,82.2535400390625,29.078580856323242,69.33582305908203,101.28809356689453,176.62657165527344,87.08191680908203,54.48735809326172
2015-05-21,65.84318542480469,17.928665161132812,115.69000244140625,82.74348449707031,28.99418830871582,68.988037109375,101.81293487548828,177.1409912109375,88.29979705810547,54.53737258911133
2015-05-22,65.46869659423828,17.829757690429688,115.5999984741211,82.55682373046875,28.980131149291992,68.32087707519531,101.7116470336914,176.7178192138672,88.33653259277344,54.10588455200195
2015-05-26,64.47003936767578,17.308263778686523,113.91000366210938,83.07008361816406,28.82541847229004,67.98726654052734,100.5423355102539,174.81785583496094,89.84793090820312,53.37422180175781
2015-05-27,64.35768127441406,17.47909927368164,113.88999938964844,83.02339172363281,28.91683006286621,68.4060287475586,102.16278076171875,176.4771728515625,90.05335998535156,53.22413635253906
2015-05-28,64.43881225585938,17.62295913696289,114.0199966430664,83.10116577148438,28.9309139251709,68.88866424560547,101.93260192871094,176.2781219482422,89.83325958251953,53.22413635253906
2015-05-29,64.28903198242188,17.604978561401367,114.0999984741211,83.14786529541016,28.804323196411133,68.44151306152344,101.32492065429688,175.1829071044922,90.03138732910156,53.280426025390625
2015-06-01,64.0580825805664,17.52405548095703,114.0,82.78099060058594,28.79025650024414,68.11504364013672,101.66558074951172,175.5396728515625,89.06372833251953,53.23664474487305
2015-06-02,64.02686309814453,17.784807205200195,114.45999908447266,82.20459747314453,28.82541847229004,68.17183685302734,101.34333038330078,175.3654022216797,87.8211441040039,53.2429084777832
2015-06-03,63.770965576171875,17.452123641967773,113.63999938964844,81.50360107421875,28.74102783203125,68.13819885253906,101.64715576171875,175.83006286621094,86.409423828125,53.12408447265625
2015-06-04,63.28410339355469,17.146421432495117,112.83999633789062,81.90079498291016,28.54412841796875,67.3088150024414,100.8737564086914,174.34486389160156,87.5344009399414,52.667572021484375
2015-06-05,63.40895080566406,16.930627822875977,112.23999786376953,81.3088607788086,28.199546813964844,66.52947235107422,100.63436889648438,174.04615783691406,86.4682388305664,52.705081939697266
2015-06-08,62.67867660522461,17.101465225219727,112.56999969482422,81.4256820678711,28.241744995117188,66.37931060791016,99.61238861083984,172.9758758544922,86.37265014648438,53.0615348815918
2015-06-09,62.67867660522461,16.885671615600586,112.81999969482422,81.16087341308594,28.26987075805664,66.54377746582031,99.44666290283203,172.95095825195312,85.6888198852539,52.8927001953125
2015-06-10,63.55874252319336,17.04751205444336,113.77999877929688,80.84933471679688,28.36130142211914,66.98709106445312,100.80933380126953,175.0252685546875,84.9388656616211,53.286678314208984
2015-06-11,63.11558532714844,16.849708557128906,113.26000213623047,81.48802947998047,28.43218994140625,67.2730712890625,100.95661926269531,175.5894317626953,86.72557830810547,53.211631774902344
2015-06-12,62.33535385131836,16.67886734008789,113.2300033569336,81.44129180908203,28.332923889160156,67.02281951904297,100.12799072265625,174.245361328125,86.72557830810547,52.54249572753906
2015-06-15,61.97337341308594,16.71483612060547,113.7300033569336,81.63604736328125,28.07058334350586,66.23634338378906,99.63080596923828,173.49862670898438,86.86524200439453,52.35490036010742
2015-06-16,62.441497802734375,16.481063842773438,113.31999969482422,81.94756317138672,28.418010711669922,66.8869857788086,100.17403411865234,174.44442749023438,87.5490951538086,52.955223083496094
2015-06-17,62.2667236328125,16.95760154724121,113.8499984741211,81.99429321289062,28.5527286529541,67.24449920654297,100.45024871826172,174.72654724121094,86.87261199951172,52.98651123046875
2015-06-18,62.57257080078125,17.173391342163086,115.31999969482422,81.9319839477539,28.822160720825195,68.08818054199219,101.9141845703125,176.54356384277344,86.44615936279297,53.45551681518555
2015-06-19,62.08573532104492,16.75979232788086,115.12000274658203,82.36817169189453,28.644901275634766,67.82357788085938,101.41032409667969,175.7598876953125,87.5564193725586,53.286678314208984
2015-06-22,62.59754943847656,16.481063842773438,113.63999938964844,81.67498779296875,28.70162010192871,68.35269165039062,102.15782928466797,176.6603240966797,85.76974487304688,53.26165008544922
2015-06-23,62.472694396972656,16.526020050048828,112.88999938964844,81.4256820678711,28.630720138549805,68.35269165039062,102.2408676147461,176.78543090820312,85.2550277709961,53.199127197265625
2015-06-24,61.96086502075195,16.508037567138672,112.58999633789062,81.66715240478516,28.49599266052246,68.13106536865234,101.71485137939453,175.50137329101562,85.99028015136719,52.955223083496094
2015-06-25,61.38042449951172,16.337203979492188,112.44000244140625,81.46467590332031,28.375471115112305,67.80215454101562,101.51183319091797,174.96778869628906,85.6888198852539,52.48622131347656
2015-06-26,61.54268264770508,16.265270233154297,112.55999755859375,81.07520294189453,28.36129379272461,67.85938262939453,100.83816528320312,174.9344482421875,84.72561645507812,52.442440032958984
2015-06-29,60.35054397583008,16.09443473815918,113.06999969482422,82.01770782470703,27.935863494873047,66.98709106445312,98.45722961425781,171.26600646972656,86.9682388305664,51.79207229614258
2015-06-30,60.213226318359375,15.968560218811035,112.37000274658203,81.79179382324219,27.815338134765625,66.73686981201172,98.80790710449219,171.6245574951172,86.36528778076172,52.02971649169922
2015-07-01,59.976036071777344,15.53697681427002,111.9800033569336,81.36428833007812,28.00677490234375,67.58051300048828,99.59233093261719,173.00022888183594,85.19947052001953,51.51066589355469
2015-07-02,59.838706970214844,15.851672172546387,111.76000213623047,81.6529541015625,27.99968719482422,67.68061065673828,99.6200180053711,172.84181213378906,85.47953033447266,51.99217987060547
2015-07-06,59.152137756347656,16.049484252929688,112.05999755859375,82.23021697998047,27.950050354003906,67.49472045898438,99.38929748535156,172.34994506835938,87.0638427734375,51.6107177734375
2015-07-07,59.46421432495117,15.267237663269043,110.76000213623047,82.44865417480469,28.538543701171875,68.9246826171875,99.63848114013672,173.4337615966797,87.8818130493164,51.82334518432617
2015-07-08,58.39692306518555,15.159341812133789,111.08999633789062,82.77628326416016,28.262020111083984,68.35986328125,97.90352630615234,170.5240020751953,88.64083099365234,51.260520935058594
2015-07-09,58.53420639038086,15.222280502319336,111.36000061035156,82.19896697998047,28.30455780029297,67.63058471679688,97.84815979003906,170.83255004882812,86.8944091796875,51.02913284301758
2015-07-10,58.92744827270508,15.06043815612793,111.48999786376953,81.6295166015625,28.6378116607666,68.31693267822266,99.34317779541016,172.9835205078125,85.51634216308594,51.416866302490234
2015-07-13,59.04603958129883,15.105395317077637,110.98999786376953,81.4111328125,28.829256057739258,69.51100158691406,101.08732604980469,174.8927764892578,85.25114440917969,51.541927337646484
2015-07-14,59.63898468017578,15.006489753723145,110.73999786376953,81.66852569580078,29.190853118896484,69.44661712646484,101.75175476074219,175.6514892578125,85.53108978271484,51.97343063354492
2015-07-15,58.821327209472656,14.66481876373291,110.16000366210938,81.98057556152344,29.16248893737793,68.88896179199219,101.86251068115234,175.59315490722656,86.43750762939453,51.754554748535156
2015-07-16,58.97113800048828,14.52095890045166,109.76000213623047,81.94937133789062,29.410659790039062,69.28218841552734,103.3021240234375,177.0021514892578,87.03441619873047,51.84834289550781
2015-07-17,58.1410026550293,13.864595413208008,108.6500015258789,81.9571533203125,29.24756622314453,69.19638061523438,104.82482147216797,177.15220642089844,87.48387145996094,51.6607551574707
2015-07-20,58.009925842285156,12.372037887573242,105.69999694824219,81.79335021972656,29.339757919311523,69.5753402709961,105.18473052978516,177.2439422607422,87.11546325683594,51.129180908203125
2015-07-21,58.6091194152832,12.695723533630371,105.37000274658203,82.0195541381836,29.205028533935547,69.30363464355469,105.12013244628906,176.5435791015625,87.5870132446289,51.06666564941406
2015-07-22,58.365718841552734,12.659758567810059,104.80000305175781,82.1209716796875,28.99941062927246,69.47523498535156,103.92965698242188,176.226806640625,88.13236999511719,51.14795684814453
2015-07-23,58.009925842285156,12.2461576461792,104.33000183105469,82.45645904541016,28.956867218017578,69.2607650756836,103.54204559326172,175.23460388183594,89.23030090332031,50.741477966308594
2015-07-24,56.54937744140625,12.659758567810059,105.3499984741211,82.53443908691406,28.673263549804688,68.76741027832031,102.5269546508789,173.41705322265625,89.45137786865234,49.991050720214844
2015-07-27,55.63809585571289,12.201202392578125,104.86000061035156,82.80751037597656,28.744171142578125,68.3956069946289,101.6779556274414,172.40823364257812,89.93038177490234,49.565799713134766
2015-07-28,57.67287063598633,12.309097290039062,105.0199966430664,82.5734634399414,28.75126075744629,68.71735382080078,102.55462646484375,174.52598571777344,89.27455139160156,51.57944869995117
2015-07-29,58.203399658203125,12.5608549118042,105.16999816894531,82.45645904541016,28.779617309570312,69.01764678955078,102.94224548339844,175.72654724121094,88.94290924072266,51.99217987060547
2015-07-30,58.066097259521484,12.102298736572266,104.2699966430664,82.55003356933594,28.75834083557129,69.0891342163086,103.43133544921875,175.76820373535156,89.62826538085938,51.910884857177734
2015-07-31,55.22614288330078,12.363045692443848,104.93000030517578,83.03375244140625,29.127044677734375,68.88896179199219,103.31134033203125,175.50137329101562,90.29146575927734,49.5345344543457
2015-08-03,53.42853546142578,11.931463241577148,104.0999984741211,83.28687286376953,29.45319175720215,69.67543029785156,102.98834228515625,174.909423828125,91.24189758300781,48.81537628173828
2015-08-04,53.18510818481445,11.949444770812988,104.30999755859375,82.85719299316406,29.673002243041992,69.93283081054688,102.7945785522461,174.56764221191406,90.51815032958984,48.2588005065918
2015-08-05,52.44861602783203,11.76961898803711,103.93000030517578,82.5367660522461,29.864437103271484,70.91949462890625,103.58822631835938,175.1428985595703,89.83875274658203,48.2588005065918
2015-08-06,53.172645568847656,12.02137565612793,104.38999938964844,82.825927734375,29.722620010375977,70.89090728759766,101.92710876464844,173.70892333984375,90.63640594482422,48.834144592285156
2015-08-07,52.27383804321289,12.048349380493164,104.6500015258789,83.154052734375,29.616273880004883,70.85517120361328,101.79789733886719,173.3754119873047,91.82532501220703,48.04617691040039
2015-08-10,53.60956573486328,12.848575592041016,105.72000122070312,82.81025695800781,29.552465438842773,70.84801483154297,102.96072387695312,175.559814453125,90.6880111694336,49.24687576293945
2015-08-11,53.54090118408203,13.055376052856445,106.26000213623047,83.35716247558594,29.410659790039062,70.51197814941406,101.64102935791016,173.97567749023438,92.12809753417969,48.91231918334961
2015-08-12,54.171302795410156,13.954505920410156,107.75,83.32589721679688,29.254663467407227,70.3403549194336,101.99168395996094,174.1841278076172,91.62593841552734,49.7328987121582
2015-08-13,53.58457946777344,13.163270950317383,106.86000061035156,83.10711669921875,29.14122200012207,70.63351440429688,101.82556915283203,173.9673614501953,91.33051300048828,49.64453125
2015-08-14,53.671966552734375,13.028401374816895,106.8499984741211,83.02120208740234,29.24756622314453,70.9480972290039,101.98249053955078,174.6009979248047,91.54467010498047,49.461490631103516
2015-08-17,52.60383605957031,13.522923469543457,107.12999725341797,83.16967010498047,29.318479537963867,71.39852142333984,102.83145904541016,175.57644653320312,91.9582290649414,49.72025680541992
2015-08-18,52.736572265625,13.280158996582031,107.11000061035156,83.03679656982422,29.28302764892578,71.33419799804688,102.30546569824219,175.06784057617188,91.23448944091797,49.171112060546875
2015-08-19,51.137535095214844,13.666783332824707,108.55000305175781,83.54466247558594,28.914335250854492,70.77647399902344,101.63179779052734,173.68389892578125,92.13550567626953,48.11700439453125
2015-08-20,50.08205795288086,14.224245071411133,110.44000244140625,83.7712173461914,28.75126075744629,70.05436706542969,98.817138671875,170.05714416503906,93.06599426269531,47.06919479370117
2015-08-21,47.88258361816406,13.837620735168457,111.12999725341797,84.1072006225586,28.028043746948242,68.81745910644531,94.49828338623047,164.93800354003906,93.34663391113281,45.5290412902832
2015-08-24,45.58198165893555,12.70471477508545,110.52999877929688,84.24787902832031,27.212646484375,65.65721893310547,90.8623046875,157.99293518066406,93.31707763671875,43.37663650512695
2015-08-25,44.25472640991211,12.291114807128906,109.16000366210938,83.7868881225586,26.93613624572754,64.09139251708984,90.5208511352539,156.13377380371094,91.81793975830078,43.370323181152344
2015-08-26,46.19506072998047,11.724662780761719,107.66999816894531,83.27123260498047,27.4608211517334,66.12911224365234,95.07965850830078,162.12832641601562,90.04551696777344,45.76258850097656
2015-08-27,49.07079315185547,12.39901065826416,107.7300033569336,83.22430419921875,27.84369468688965,66.92274475097656,97.48827362060547,166.13856506347656,90.09723663330078,47.24592208862305
2015-08-28,50.834171295166016,12.812612533569336,108.69999694824219,83.23999786376953,27.9713134765625,66.87265014648438,97.46983337402344,166.1468963623047,90.36310577392578,47.384796142578125
2015-08-31,51.1880989074707,12.68673324584961,108.81999969482422,83.0993423461914,27.879140853881836,66.44369506835938,96.26089477539062,164.8046112060547,89.66890716552734,47.49211502075195
2015-09-01,49.41842269897461,12.291114807128906,109.19999694824219,83.47257232666016,27.475006103515625,65.2997055053711,93.25247192382812,159.88552856445312,90.31500244140625,45.49749755859375
2015-09-02,49.336238861083984,12.255149841308594,108.62000274658203,83.24567413330078,27.58135223388672,66.02960205078125,95.88253021240234,162.92031860351562,89.53785705566406,46.22337341308594
2015-09-03,49.462646484375,12.030366897583008,107.83999633789062,83.44914245605469,27.76570701599121,66.38267517089844,95.4118881225586,163.037109375,89.97456359863281,46.57687759399414
2015-09-04,48.457733154296875,12.039359092712402,107.48999786376953,83.70734405517578,27.311922073364258,65.51081085205078,94.2768325805664,160.56912231445312,90.79608917236328,45.73735427856445
2015-09-08,48.56516647338867,12.18321704864502,107.5199966430664,83.33955383300781,27.58135223388672,66.55560302734375,96.93457794189453,164.60446166992188,89.4564437866211,46.393802642822266
2015-09-09,47.3516845703125,11.805584907531738,106.12999725341797,83.37088775634766,27.155935287475586,65.44598388671875,95.84561157226562,162.40341186523438,89.8857421875,45.44699478149414
2015-09-10,47.81937026977539,11.796592712402344,106.37999725341797,83.18309783935547,27.24102020263672,65.61170196533203,96.88841247558594,163.2871551513672,89.27887725830078,45.77522277832031
2015-09-11,47.901546478271484,11.877514839172363,106.16000366210938,83.40218353271484,27.26961898803711,66.01521301269531,97.42369079589844,164.02923583984375,89.84131622314453,45.88251876831055
2015-09-14,47.888912200927734,11.75163745880127,106.22000122070312,83.48042297363281,27.248167037963867,65.71257781982422,97.12836456298828,163.4205780029297,89.9819564819336,45.75628662109375
2015-09-15,48.77375411987305,11.787602424621582,105.9000015258789,82.82305908203125,27.53423500061035,66.33224487304688,98.2726821899414,165.46328735351562,88.25749206542969,45.98982620239258
2015-09-16,49.94298553466797,12.48892593383789,107.30999755859375,82.79964447021484,27.999101638793945,67.05996704101562,98.82636260986328,166.8972625732422,87.92448425292969,46.898780822753906
2015-09-17,50.189483642578125,12.830592155456543,108.41000366210938,83.48828125,28.163591384887695,67.27613830566406,98.86331176757812,166.52206420898438,88.99760437011719,46.99976348876953
2015-09-18,49.13398742675781,13.019411087036133,109.20999908447266,83.8794937133789,27.877521514892578,67.04553985595703,97.45716094970703,163.8008575439453,90.36681365966797,45.8762092590332
2015-09-21,49.35521697998047,12.587828636169434,108.52999877929688,83.40218353271484,28.0277156829834,67.5210952758789,97.762451171875,164.64732360839844,88.89401245117188,46.324363708496094
2015-09-22,48.824317932128906,12.012384414672852,107.79000091552734,83.81692504882812,27.74163055419922,66.55560302734375,96.30081176757812,162.5102081298828,90.13002014160156,45.9140739440918
2015-09-23,48.110107421875,11.922470092773438,108.22000122070312,83.72303009033203,27.72018051147461,66.57720184326172,96.37483978271484,162.2504425048828,90.12257385253906,45.6363525390625
2015-09-24,48.596763610839844,12.785636901855469,110.48999786376953,83.84819030761719,27.999101638793945,66.6276626586914,96.02330780029297,161.66383361816406,90.73682403564453,45.90779113769531
2015-09-25,49.10872268676758,12.569844245910645,109.80999755859375,83.62913513183594,28.335220336914062,67.34817504882812,95.2092056274414,161.6218719482422,89.95235443115234,46.22337341308594
2015-09-28,47.888912200927734,11.976419448852539,108.41999816894531,84.1064224243164,28.27086067199707,66.6276626586914,92.498779296875,157.5656280517578,91.4917984008789,45.825721740722656
2015-09-29,48.19226837158203,12.057339668273926,107.9800033569336,84.39598846435547,28.363832473754883,67.03837585449219,92.01773834228516,157.65782165527344,91.75078582763672,46.059261322021484
2015-09-30,49.85449981689453,12.35405445098877,106.86000061035156,84.41165924072266,28.69282341003418,67.94622039794922,94.13613891601562,160.5994415283203,91.43253326416016,46.93032455444336
2015-10-01,49.513206481933594,12.057339668273926,106.7300033569336,84.47748565673828,28.46395492553711,67.62199401855469,94.56165313720703,161.0184783935547,91.82271575927734,46.747291564941406
2015-10-02,51.54201889038086,13.028401374816895,108.98999786376953,84.88499450683594,28.88591957092285,67.8453598022461,96.21756744384766,163.42373657226562,92.37890625,47.89607238769531
2015-10-05,53.109474182128906,13.594854354858398,108.7699966430664,84.41475677490234,29.32932472229004,69.03424072265625,97.59593200683594,166.3318328857422,91.1255111694336,48.483097076416016
2015-10-06,54.98028564453125,14.098367691040039,109.86000061035156,84.58716583251953,29.293567657470703,69.94210815429688,97.13339233398438,165.76193237304688,91.51859283447266,49.164794921875
2015-10-07,55.694480895996094,14.035429000854492,109.69999694824219,84.37561798095703,29.69406509399414,70.98685455322266,97.71620178222656,167.11961364746094,91.21451568603516,49.99168395996094
2015-10-08,56.82579803466797,13.855602264404297,109.13999938964844,84.1561279296875,30.02305030822754,71.31110382080078,98.10475158691406,168.6281280517578,90.45063781738281,50.51559066772461
2015-10-09,56.610897064208984,14.619864463806152,110.87000274658203,84.20318603515625,30.051654815673828,71.67137908935547,98.54875946044922,168.72872924804688,90.68795013427734,50.02956771850586
2015-10-12,56.08632278442383,14.188279151916504,111.30999755859375,84.48533630371094,30.037351608276367,71.4336166381836,98.789306640625,168.88795471191406,91.37770080566406,50.054813385009766
2015-10-13,55.85879135131836,14.269203186035156,111.86000061035156,84.56366729736328,29.787044525146484,70.5545425415039,98.15098571777344,167.82354736328125,91.53340911865234,49.966453552246094
2015-10-14,56.73100280761719,15.195306777954102,113.80999755859375,85.02608489990234,29.808494567871094,70.2447280883789,97.99369812011719,167.01907348632812,92.33439636230469,50.59764862060547
2015-10-15,57.337738037109375,15.18631362915039,113.29000091552734,84.7361068725586,29.980131149291992,70.81393432617188,99.60336303710938,169.58358764648438,91.88198852539062,51.43084716796875
2015-10-16,57.697994232177734,14.736748695373535,112.48999786376953,84.66556549072266,30.051654815673828,71.83708953857422,100.01964569091797,170.35455322265625,91.91163635253906,52.06206130981445
2015-10-19,56.901641845703125,14.116350173950195,112.0199966430664,84.62637329101562,30.030197143554688,72.1829605102539,100.59320068359375,170.43836975097656,91.6595458984375,51.121543884277344
2015-10-20,56.87632751464844,14.6828031539917,112.7300033569336,84.33643341064453,30.2447509765625,72.24781036376953,100.07515716552734,170.22044372558594,91.09590148925781,51.020565032958984
2015-10-21,56.459224700927734,14.251220703125,111.7300033569336,84.62637329101562,30.17323112487793,72.23338317871094,99.46459197998047,169.16455078125,92.00065612792969,50.629207611083984
2015-10-22,57.90656661987305,14.49398422241211,111.69000244140625,84.71257781982422,30.92416763305664,74.27250671386719,101.49053955078125,172.0223846435547,92.15641021728516,52.320865631103516
2015-10-23,57.666412353515625,14.853638648986816,111.5,84.23454284667969,30.602331161499023,73.8041763305664,104.33051300048828,173.907958984375,91.37029266357422,52.37765121459961
2015-10-26,56.10527038574219,14.395079612731934,111.43000030517578,84.45396423339844,30.459306716918945,73.8834228515625,104.39527893066406,173.48057556152344,91.97842407226562,51.26673889160156
2015-10-27,55.42901611328125,14.422056198120117,111.68000030517578,84.66556549072266,30.473590850830078,74.17159271240234,104.6080551147461,173.14535522460938,92.20832824707031,51.18468475341797
2015-10-28,56.74995040893555,14.287186622619629,110.77999877929688,84.22664642333984,30.559415817260742,74.02752685546875,105.47760772705078,175.11485290527344,91.83750915527344,51.93580627441406
2015-10-29,56.81315231323242,13.594854354858398,109.72000122070312,83.70939636230469,30.602331161499023,74.07075500488281,105.31108856201172,175.01426696777344,90.37643432617188,51.90424728393555
2015-10-30,57.43885803222656,13.450994491577148,109.30000305175781,83.87400817871094,30.28765296936035,73.63123321533203,104.83929443359375,174.25999450683594,91.05879974365234,52.226173400878906
2015-11-02,60.017539978027344,13.504942893981934,108.58999633789062,83.63304138183594,30.20899200439453,73.06201934814453,106.02342224121094,176.32164001464844,90.64036560058594,53.829437255859375
2015-11-03,62.02739715576172,13.43301010131836,106.9800033569336,83.41326904296875,30.151775360107422,72.71614074707031,106.39346313476562,176.8328857421875,89.89703369140625,54.82044219970703
2015-11-04,61.16151809692383,13.145288467407227,105.97000122070312,83.32688903808594,30.01589584350586,72.49999237060547,106.40269470214844,176.29647827148438,90.00106048583984,54.27128601074219
2015-11-05,59.758419036865234,12.659758567810059,105.63999938964844,83.2719955444336,30.27336311340332,72.49278259277344,106.11592864990234,176.1204833984375,89.76323699951172,53.532772064208984
2015-11-06,59.42976379394531,12.102298736572266,104.0999984741211,82.70681762695312,30.00874900817871,71.85151672363281,106.18995666503906,176.02825927734375,88.44770050048828,53.318153381347656
2015-11-09,58.3489875793457,12.434975624084473,104.4000015258789,82.56556701660156,29.70836639404297,71.24624633789062,105.06134796142578,174.38572692871094,87.94969940185547,52.17845916748047
2015-11-10,58.92414093017578,12.111289024353027,104.18000030517578,82.72252655029297,29.872861862182617,71.21023559570312,104.79306030273438,174.78799438476562,88.20984649658203,52.43313217163086
2015-11-11,58.266807556152344,12.273133277893066,103.83000183105469,82.68325805664062,30.065956115722656,71.64256286621094,104.66352844238281,174.10076904296875,88.02404022216797,51.96833038330078
2015-11-12,56.794193267822266,12.111289024353027,103.8499984741211,82.73043060302734,29.736976623535156,70.87879180908203,103.64594268798828,171.6703643798828,88.44770050048828,50.56120681762695
2015-11-13,56.04841613769531,12.2461576461792,103.55999755859375,83.0443344116211,29.59394645690918,70.6410140991211,101.61077117919922,169.74276733398438,88.95309448242188,49.72711181640625
2015-11-16,58.50502014160156,12.35405445098877,103.70999908447266,83.15425109863281,30.00874900817871,71.73621368408203,103.07239532470703,172.3240203857422,88.87135314941406,51.50990295410156
2015-11-17,58.23634338378906,11.760626792907715,102.33999633789062,83.13066864013672,29.801328659057617,71.21023559570312,103.13716888427734,172.19833374023438,89.0199966430664,50.911380767822266
2015-11-18,58.99125289916992,12.129270553588867,102.43000030517578,83.09147644042969,30.23758888244629,72.24781036376953,105.11683654785156,174.930419921875,89.20582580566406,51.40802764892578
2015-11-19,58.1084098815918,12.5608549118042,103.55999755859375,83.2719955444336,30.831192016601562,72.72335815429688,105.1908187866211,174.77957153320312,89.80039978027344,51.12788772583008
2015-11-20,56.94404602050781,12.048349380493164,103.08999633789062,83.16210174560547,30.344884872436523,72.12531280517578,105.90316772460938,175.41650390625,89.52544403076172,50.80315017700195
2015-11-23,57.58381271362305,11.985410690307617,102.26000213623047,83.2719955444336,30.723920822143555,72.66573333740234,105.59788513183594,175.2153778076172,89.80039978027344,51.115142822265625
2015-11-24,58.44107437133789,12.44396686553955,102.94000244140625,83.35049438476562,31.0100040435791,72.5072021484375,105.50536346435547,175.45005798339844,89.79300689697266,52.13388442993164
2015-11-25,58.13399124145508,12.327079772949219,102.45999908447266,83.39756774902344,31.0100040435791,72.4135513305664,105.59788513183594,175.42494201660156,90.00106048583984,51.73273849487305
2015-11-27,57.814117431640625,12.093306541442871,101.25,83.48392486572266,31.096464157104492,72.58644104003906,105.74589538574219,175.6260223388672,89.91194915771484,51.72001647949219
2015-11-30,58.42186737060547,12.372037887573242,101.91999816894531,83.5152816772461,30.714519500732422,72.1685562133789,105.47760772705078,174.8969268798828,90.26868438720703,51.99378967285156
2015-12-01,59.163970947265625,12.731689453125,102.27999877929688,83.95945739746094,30.909088134765625,72.8170166015625,106.53221130371094,176.5646514892578,91.4880142211914,52.140235900878906
2015-12-02,57.73733139038086,12.39901065826416,100.69000244140625,83.7236328125,30.82262420654297,72.1806869506836,105.87539672851562,174.76280212402344,91.51780700683594,50.65033721923828
2015-12-03,56.84168243408203,12.659758567810059,101.76000213623047,82.84318542480469,30.599210739135742,71.8977279663086,104.08075714111328,172.315673828125,89.03005981445312,49.924503326416016
2015-12-04,57.391868591308594,13.334107398986816,104.0199966430664,83.14977264404297,31.197359085083008,73.32710266113281,106.5136947631836,175.67637634277344,89.81214904785156,50.21100997924805
2015-12-07,55.83728790283203,12.767653465270996,102.66999816894531,83.41703796386719,31.13250160217285,73.04412841796875,106.03267669677734,174.61196899414062,90.68354034423828,48.89938735961914
2015-12-08,55.29988479614258,12.659758567810059,102.83999633789062,83.4642562866211,30.99557113647461,72.68136596679688,106.04191589355469,173.43869018554688,90.72828674316406,47.517730712890625
2015-12-09,56.04201126098633,12.830592155456543,102.63999938964844,83.5899887084961,30.743343353271484,71.92672729492188,104.43228912353516,172.08946228027344,90.6314468383789,48.154441833496094
2015-12-10,57.129573822021484,12.77664566040039,102.55000305175781,83.40919494628906,30.815404891967773,71.7598648071289,104.90406036376953,172.53353881835938,90.75064849853516,48.19263458251953
2015-12-11,55.29988479614258,12.929497718811035,103.11000061035156,84.07735443115234,30.46228790283203,70.94721221923828,102.4896469116211,169.1896514892578,92.18069458007812,47.33305740356445
2015-12-14,57.14877700805664,12.19221019744873,101.79000091552734,83.45635986328125,30.592002868652344,71.070556640625,103.26668548583984,170.04449462890625,90.98893737792969,48.40912628173828
2015-12-15,59.343101501464844,12.255149841308594,101.5199966430664,83.24407196044922,31.038808822631836,72.11538696289062,103.89574432373047,171.82957458496094,90.45269012451172,50.57392120361328
2015-12-16,59.77814483642578,12.740680694580078,102.75,83.02394104003906,31.59372901916504,73.34163665771484,105.44060516357422,174.3437957763672,90.259033203125,50.395652770996094
2015-12-17,57.9228630065918,11.994400978088379,100.5,83.36985778808594,31.34148406982422,72.703125,103.90498352050781,171.6871337890625,91.2794418334961,49.63796615600586
2015-12-18,57.455833435058594,12.264141082763672,102.04000091552734,83.66861724853516,30.62803840637207,71.03429412841797,101.91180419921875,168.62847900390625,91.78590393066406,49.20500564575195
2015-12-21,57.0911979675293,12.478157043457031,103.1500015258789,83.70791625976562,30.82982063293457,71.55670928955078,103.04389190673828,170.01953125,91.76361083984375,49.192283630371094
2015-12-22,57.75016784667969,12.405608177185059,102.61000061035156,83.47206115722656,31.197359085083008,72.41287994384766,103.72126770019531,171.5623016357422,91.10069274902344,49.44059371948242
2015-12-23,60.01484298706055,12.668593406677246,102.30999755859375,83.28338623046875,31.471208572387695,73.02236938476562,104.49138641357422,173.68682861328125,90.41545104980469,51.05784606933594
2015-12-24,58.88888168334961,12.940644264221191,103.05000305175781,83.43611907958984,31.37752342224121,72.94983673095703,104.47286987304688,173.4001922607422,90.93341827392578,50.51026153564453
2015-12-28,57.80771255493164,12.505361557006836,102.2699966430664,83.45188903808594,31.34148406982422,73.05139923095703,104.41718292236328,173.00396728515625,91.2021255493164,50.134605407714844
2015-12-29,58.37709426879883,12.650455474853516,102.19999694824219,83.0109634399414,31.500036239624023,73.6100845336914,106.05958557128906,174.850341796875,89.68690490722656,50.40203094482422
2015-12-30,57.63496780395508,12.387471199035645,101.41999816894531,83.04248046875,31.399150848388672,73.39240264892578,105.10383605957031,173.6109619140625,89.59738159179688,49.733482360839844
2015-12-31,57.55181121826172,12.441882133483887,101.45999908447266,83.13691711425781,30.959537506103516,72.49994659423828,103.79547882080078,171.8742218017578,90.00045013427734,49.63159942626953
2016-01-04,56.84168243408203,12.777414321899414,102.88999938964844,83.49124145507812,30.555971145629883,71.66552734375,101.60562133789062,169.47158813476562,90.64978790283203,49.31961441040039
2016-01-05,57.3278923034668,12.713934898376465,103.18000030517578,83.46762084960938,30.664066314697266,72.15892791748047,101.42932891845703,169.7581787109375,90.2840347290039,49.73984909057617
2016-01-06,55.06319808959961,12.922510147094727,104.66999816894531,83.97156524658203,30.49832534790039,72.1806869506836,100.45503234863281,167.6168670654297,91.50070190429688,49.325984954833984
2016-01-07,53.11195755004883,13.493820190429688,106.1500015258789,84.15263366699219,29.99386215209961,70.79483032226562,97.3094253540039,163.595458984375,91.66488647460938,48.536460876464844
2016-01-08,52.54257583618164,13.167356491088867,105.68000030517578,84.36522674560547,29.914583206176758,70.53363037109375,96.51142883300781,161.79971313476562,92.0754165649414,47.555938720703125
2016-01-11,51.672523498535156,12.623250961303711,104.73999786376953,84.09748077392578,29.96501922607422,70.70050048828125,96.8083724975586,161.95994567871094,91.06781005859375,46.919219970703125
2016-01-12,52.55537796020508,12.342129707336426,104.20999908447266,84.47543334960938,30.354177474975586,70.83110809326172,97.93113708496094,163.26663208007812,92.3814468383789,47.880653381347656
2016-01-13,52.03077697753906,12.342129707336426,104.72000122070312,84.80609893798828,30.159608840942383,70.01847076416016,94.55355072021484,159.19467163085938,93.29203033447266,48.16718292236328
2016-01-14,54.67934799194336,11.906845092773438,103.0199966430664,84.63292694091797,30.181230545043945,69.517822265625,96.56710815429688,161.80813598632812,92.41873931884766,50.37656021118164
2016-01-15,53.527767181396484,11.87057113647461,104.08000183105469,85.02659606933594,29.907373428344727,68.15373229980469,93.56997680664062,158.33474731445312,93.85929870605469,49.39604187011719
2016-01-19,52.145931243896484,11.308328628540039,103.9800033569336,84.91639709472656,30.21004867553711,69.48880004882812,93.77410888671875,158.54551696777344,93.56816101074219,48.64470291137695
2016-01-20,50.52737045288086,11.65293025970459,105.37000274658203,85.33367919921875,29.82090187072754,68.03764343261719,93.4864730834961,156.5137176513672,94.55342864990234,46.59450149536133
2016-01-21,51.851646423339844,11.7073392868042,105.48999786376953,85.12105560302734,29.828102111816406,68.54553985595703,93.57925415039062,157.39053344726562,93.91155242919922,47.180267333984375
2016-01-22,53.444618225097656,11.816160202026367,105.0,84.93212890625,30.310955047607422,69.5468521118164,96.28875732421875,160.61944580078125,93.55328369140625,48.752952575683594
2016-01-25,51.74927520751953,12.13355541229248,106.08000183105469,85.21556854248047,30.383005142211914,69.61215209960938,94.85974884033203,158.1914825439453,94.06082153320312,47.10387420654297
2016-01-26,53.815677642822266,12.668593406677246,107.29000091552734,85.2785873413086,30.32537269592285,69.88786315917969,95.71346282958984,160.34967041015625,94.1055908203125,48.835697174072266
2016-01-27,53.284706115722656,12.877165794372559,107.69000244140625,85.34156036376953,30.33256721496582,69.61215209960938,93.32869720458984,158.60450744628906,94.0832290649414,47.93795394897461
2016-01-28,54.96722412109375,12.568840026855469,106.54000091552734,85.45175170898438,30.678497314453125,70.707763671875,94.64633178710938,159.4307403564453,94.21758270263672,49.0203742980957
2016-01-29,55.319091796875,12.886235237121582,106.94999694824219,85.90843200683594,30.930715560913086,72.05010223388672,96.62278747558594,163.31729125976562,95.01622772216797,49.567928314208984
2016-02-01,54.56419372558594,13.285245895385742,108.05000305175781,85.71052551269531,30.988359451293945,71.85418701171875,96.8825912475586,163.25819396972656,94.72527313232422,48.57467269897461
2016-02-02,51.97321319580078,12.967851638793945,108.08999633789062,86.31769561767578,30.584802627563477,71.25920104980469,94.78553771972656,160.3159637451172,96.482666015625,47.492252349853516
2016-02-03,54.135562896728516,13.920036315917969,109.25,86.22303009033203,30.78658103942871,71.62926483154297,94.33084869384766,161.2770538330078,95.68251037597656,49.96905517578125
2016-02-04,54.24432373046875,14.645509719848633,110.56999969482422,86.42809295654297,30.649656295776367,70.66422271728516,94.32157897949219,161.52992248535156,96.14617919921875,50.828617095947266
2016-02-05,53.02238845825195,15.461666107177734,112.31999969482422,86.53845977783203,30.584802627563477,70.61345672607422,91.04607391357422,158.45277404785156,96.2583236694336,50.9877815246582
2016-02-08,55.01199722290039,15.842538833618164,113.83000183105469,87.18499755859375,30.736129760742188,70.75857543945312,89.65422821044922,156.3198699951172,98.32975769042969,51.675453186035156
2016-02-09,53.0479850769043,15.189616203308105,113.58000183105469,87.20079803466797,31.204572677612305,71.30998229980469,89.37584686279297,156.3282928466797,98.43447875976562,51.45055389404297
2016-02-10,53.12474060058594,15.543285369873047,114.45999908447266,87.46101379394531,30.664066314697266,70.83110809326172,89.71919250488281,156.1934051513672,99.30191040039062,50.981536865234375
2016-02-11,53.09276580810547,16.658700942993164,119.05999755859375,87.8631362915039,30.563175201416016,70.30868530273438,89.58924865722656,154.16163635253906,99.99739837646484,51.14216613769531
2016-02-12,54.65373229980469,17.084917068481445,118.36000061035156,87.19291687011719,31.06764030456543,71.46237182617188,90.95327758789062,157.33990478515625,98.33721923828125,52.06092834472656
2016-02-16,54.94528579711914,15.606761932373047,114.7699966430664,86.93265533447266,31.247806549072266,71.5422134399414,93.00395202636719,159.99559020996094,97.29779052734375,52.183013916015625
2016-02-17,57.21280288696289,16.15993309020996,115.4800033569336,86.7198257446289,31.34148406982422,72.23149108886719,95.11030578613281,162.6090545654297,96.69951629638672,52.68415069580078
2016-02-18,56.1891975402832,17.139326095581055,118.29000091552734,87.12195587158203,31.42796516418457,72.28229522705078,94.02464294433594,161.94302368164062,97.88851928710938,52.9732666015625
2016-02-19,56.040184020996094,16.667768478393555,117.58000183105469,87.12195587158203,31.543270111083984,72.25325775146484,94.30303955078125,161.8671875,97.97080993652344,53.005393981933594
2016-02-22,57.54322814941406,16.803794860839844,115.48999786376953,87.03519439697266,31.665788650512695,72.46368408203125,95.83406066894531,164.21087646484375,97.91846466064453,52.934730529785156
2016-02-23,55.010074615478516,17.157466888427734,117.22000122070312,87.20872497558594,31.485628128051758,72.22422790527344,94.2566146850586,162.13690185546875,98.31485748291016,52.1894416809082
2016-02-24,55.243309020996094,17.329763412475586,117.61000061035156,87.20872497558594,31.644166946411133,72.3258285522461,95.15667724609375,162.8788299560547,98.12039947509766,52.37577438354492
2016-02-25,55.26275634765625,17.583681106567383,117.91999816894531,87.46888732910156,31.8243350982666,73.04412841796875,96.09385681152344,164.85154724121094,98.47187042236328,52.69059371948242
2016-02-26,54.647247314453125,16.948890686035156,117.11000061035156,87.04307556152344,31.08925437927246,71.36804962158203,95.97325134277344,164.47219848632812,97.522216796875,52.52353286743164
2016-02-29,54.05772018432617,17.57461166381836,118.63999938964844,87.18499755859375,31.08205795288086,70.97623443603516,95.11030578613281,163.1823272705078,97.94835662841797,51.495567321777344
2016-03-01,55.800445556640625,16.840072631835938,117.7699966430664,86.50361633300781,31.485628128051758,71.8977279663086,98.16309356689453,167.01821899414062,96.22362518310547,52.221561431884766
2016-03-02,56.45481491088867,17.275352478027344,118.68000030517578,86.35353088378906,31.543270111083984,71.85606384277344,98.20024108886719,167.76858520507812,96.62076568603516,53.13389587402344
2016-03-03,56.70746612548828,17.973623275756836,120.7300033569336,86.4561767578125,31.680204391479492,72.46260070800781,98.0146255493164,168.42617797851562,96.97284698486328,52.94114303588867
2016-03-04,56.966636657714844,17.873868942260742,120.54000091552734,86.1640396118164,31.78830337524414,73.07646942138672,98.05175018310547,168.97412109375,96.35101318359375,52.87046813964844
2016-03-07,58.74176025390625,18.49959373474121,121.13999938964844,85.9903335571289,31.716238021850586,72.52835845947266,97.4486083984375,169.10903930664062,96.32108306884766,54.264678955078125
2016-03-08,57.491371154785156,17.610885620117188,120.58000183105469,86.48775482177734,31.93963623046875,72.88643646240234,96.64134216308594,167.26272583007812,97.38495635986328,53.08892059326172
2016-03-09,60.13466262817383,17.692502975463867,119.58000183105469,86.14830017089844,32.29276657104492,73.22260284423828,97.26302337646484,168.0889129638672,96.7930679321289,52.94114303588867
2016-03-10,60.86027908325195,18.48145294189453,121.5,85.8403091430664,32.59543991088867,73.64644622802734,97.11459350585938,168.22378540039062,96.39596557617188,52.7998046875
2016-03-11,61.27491760253906,18.118715286254883,119.41000366210938,85.59552001953125,32.82783889770508,74.03373718261719,98.81261444091797,170.9385223388672,95.42198181152344,52.806217193603516
2016-03-14,61.06760025024414,17.338830947875977,117.87000274658203,85.65869903564453,32.89321517944336,73.55144500732422,98.97967529296875,170.71929931640625,95.7216796875,52.94758224487305
2016-03-15,61.07408142089844,17.71063804626465,117.95999908447266,85.64287567138672,32.856903076171875,73.91681671142578,98.94255065917969,170.44107055664062,95.81156158447266,53.211002349853516
2016-03-16,61.80617141723633,18.9167423248291,120.58999633789062,86.09296417236328,32.718910217285156,73.68297576904297,99.82406616210938,171.4274444580078,96.09628295898438,53.24313735961914
2016-03-17,62.77147674560547,18.526798248291016,120.12999725341797,86.18771362304688,33.24184036254883,74.44295501708984,99.76835632324219,172.51498413085938,96.49335479736328,54.03338623046875
2016-03-18,63.28976058959961,18.69002914428711,119.80000305175781,86.33773803710938,33.11835861206055,74.01912689208984,99.92472839355469,173.1929168701172,96.69566345214844,54.09762954711914
2016-03-21,62.479949951171875,18.65375518798828,118.95999908447266,86.09296417236328,33.16919708251953,74.20182800292969,100.31561279296875,173.43862915039062,95.95390319824219,53.72499465942383
2016-03-22,61.8709602355957,18.66282081604004,119.30999755859375,85.91140747070312,33.04573440551758,73.63912200927734,100.62271118164062,173.34544372558594,95.93144989013672,54.046234130859375
2016-03-23,60.63353729248047,17.257217407226562,116.61000061035156,86.30616760253906,33.01668930053711,73.66835021972656,99.79444885253906,172.20143127441406,97.017822265625,53.808509826660156
2016-03-24,61.449832916259766,17.647157669067383,116.33000183105469,86.21932220458984,33.10383605957031,73.57337188720703,99.82235717773438,172.12521362304688,97.0552978515625,53.95627212524414
2016-03-28,61.339691162109375,17.610885620117188,116.5999984741211,86.34562683105469,33.26361083984375,73.7926025390625,99.68277740478516,172.2269287109375,97.18270874023438,54.110477447509766
2016-03-29,61.75433349609375,18.62654685974121,118.76000213623047,86.9299545288086,33.75749206542969,74.07759094238281,101.28350067138672,173.82003784179688,98.20162963867188,54.30965805053711
2016-03-30,61.70897674560547,18.345426559448242,117.0999984741211,86.8115005493164,33.83012390136719,75.0422134399414,101.7767562866211,174.58270263671875,97.16765594482422,54.303218841552734
2016-03-31,61.80617141723633,18.109649658203125,117.63999938964844,87.1274185180664,33.6921272277832,74.88876342773438,101.62781524658203,174.15895080566406,97.85698699951172,53.705711364746094
2016-04-01,61.06760025024414,18.24567985534668,116.93000030517578,87.10204315185547,34.01168441772461,75.8387222290039,102.7073974609375,175.34535217285156,98.11223602294922,53.30094909667969
2016-04-04,60.529884338378906,17.71063804626465,116.1500015258789,87.20484161376953,34.05526351928711,75.86795806884766,102.3165054321289,174.7775421142578,98.17230224609375,53.429443359375
2016-04-05,60.03750228881836,18.254745483398438,117.66000366210938,87.5528564453125,33.79380416870117,75.34180450439453,101.33000946044922,173.03189086914062,99.24594116210938,52.819087982177734
2016-04-06,61.4433479309082,18.27288055419922,116.94000244140625,87.36305236816406,33.924530029296875,75.9410400390625,102.99590301513672,174.92161560058594,98.5251693725586,53.52581024169922
2016-04-07,61.41098403930664,18.844192504882812,118.61000061035156,87.81380462646484,33.67033386230469,75.70719146728516,101.51615142822266,172.82852172851562,99.74143981933594,52.9218864440918
2016-04-08,62.40867233276367,19.442707061767578,118.43000030517578,87.67937469482422,34.040733337402344,76.78872680664062,101.44171142578125,173.29464721679688,99.11072540283203,53.4615592956543
2016-04-11,61.7025032043457,20.585329055786133,120.02999877929688,87.66358184814453,33.728431701660156,76.21874237060547,101.06945037841797,172.88783264160156,98.983154296875,53.53223419189453
2016-04-12,63.17317581176758,20.748559951782227,120.05000305175781,87.31562042236328,33.88095474243164,76.66449737548828,101.91631317138672,174.49794006347656,98.29993438720703,54.19400405883789
2016-04-13,63.231449127197266,20.177249908447266,118.7699966430664,87.37886810302734,33.43791961669922,76.08720397949219,103.2192611694336,176.26052856445312,98.64525604248047,54.50239181518555
2016-04-14,63.4776611328125,19.587800979614258,117.11000061035156,87.17322540283203,33.2854118347168,75.38567352294922,103.22857666015625,176.26898193359375,98.17230224609375,54.88789749145508
2016-04-15,62.99177169799805,20.13191032409668,117.91999816894531,87.43418884277344,33.48149490356445,75.83142852783203,102.9679946899414,176.0740509033203,99.01314544677734,54.59236145019531
2016-04-18,63.944114685058594,20.113771438598633,117.73999786376953,87.34718322753906,33.568660736083984,75.79488372802734,103.51708221435547,177.31130981445312,98.58523559570312,55.11277389526367
2016-04-19,65.11026763916016,21.09316062927246,119.58000183105469,87.20484161376953,33.84463119506836,76.23335266113281,102.88422393798828,177.87057495117188,98.27738952636719,55.389041900634766
2016-04-20,65.88121795654297,20.7122859954834,118.97000122070312,86.76200103759766,32.22503662109375,74.85950469970703,102.9679946899414,178.04000854492188,97.19630432128906,55.768089294433594
2016-04-21,65.69332122802734,21.084095001220703,119.41999816894531,86.6196517944336,31.709383010864258,73.7999267578125,102.97730255126953,177.08248901367188,96.61814880371094,55.76167297363281
2016-04-22,66.0885238647461,20.485576629638672,117.88999938964844,86.5247802734375,32.34850311279297,74.52335357666016,101.42308044433594,177.08248901367188,96.3703842163086,56.23711395263672
2016-04-25,65.76461029052734,20.367687225341797,118.2300033569336,86.42987823486328,32.47197341918945,75.12260437011719,101.42308044433594,176.77745056152344,95.97250366210938,56.108619689941406
2016-04-26,66.26993560791016,20.848312377929688,118.69999694824219,86.24798583984375,32.34123992919922,74.9764404296875,100.92985534667969,177.04014587402344,95.53705596923828,56.301387786865234
2016-04-27,67.28062438964844,21.075027465820312,119.04000091552734,86.72247314453125,32.450191497802734,74.99835205078125,100.12017822265625,177.40455627441406,96.49050903320312,56.834625244140625
2016-04-28,66.3412094116211,22.01814079284668,121.29000091552734,87.02297973632812,32.41387176513672,75.246826171875,98.91030883789062,175.79446411132812,96.888427734375,56.55836868286133
2016-04-29,66.19869232177734,23.423748016357422,123.6500015258789,86.99136352539062,32.537330627441406,75.23950958251953,98.38916015625,174.84536743164062,97.13621520996094,56.79608917236328
2016-05-02,66.9307861328125,23.024736404418945,123.23999786376953,86.73869323730469,32.66807174682617,75.58294677734375,99.31981658935547,176.23504638671875,96.1582260131836,57.265106201171875
2016-05-03,65.6415023803711,22.362741470336914,122.95999908447266,87.25348663330078,32.56638717651367,75.6779556274414,98.3984146118164,174.70127868652344,97.36940002441406,56.609764099121094
2016-05-04,65.16859436035156,21.229188919067383,122.20999908447266,87.41190338134766,32.66807174682617,76.01409149169922,97.7656021118164,173.72682189941406,97.90354919433594,56.50055694580078
2016-05-05,65.70630645751953,21.927457809448242,122.06999969482422,87.64948272705078,32.72616958618164,76.15294647216797,97.7376708984375,173.69288635253906,98.55803680419922,56.56480407714844
2016-05-06,65.99134826660156,22.788957595825195,123.18000030517578,87.44361114501953,32.915000915527344,76.7010498046875,98.25885772705078,174.3284912109375,98.13678741455078,56.86674880981445
2016-05-09,65.01309204101562,21.328941345214844,120.6500015258789,87.6098861694336,32.856903076171875,76.93489837646484,98.53804779052734,174.4724884033203,98.4451904296875,56.90530776977539
2016-05-10,65.60911560058594,22.126962661743164,120.9800033569336,87.59406280517578,33.227298736572266,77.87757110595703,99.88748931884766,176.6418914794922,98.4527359008789,57.81764221191406
2016-05-11,65.52489471435547,22.716407775878906,122.12000274658203,87.72870635986328,33.01668930053711,77.25641632080078,98.98478698730469,174.98941040039062,99.00946044921875,57.53904724121094
2016-05-12,66.15982818603516,22.262989044189453,121.16000366210938,87.49110412597656,33.2854118347168,77.53412628173828,98.54735565185547,175.04026794433594,98.55803680419922,58.09625244140625
2016-05-13,65.26575469970703,22.480634689331055,121.70999908447266,87.82371520996094,32.93680191040039,76.13103485107422,98.18441009521484,173.51495361328125,99.51347351074219,57.44186782836914
2016-05-16,66.26993560791016,22.88870620727539,121.80000305175781,87.50695037841797,33.13288879394531,76.09449005126953,99.41285705566406,175.22666931152344,98.65583038330078,58.03145980834961
2016-05-17,65.96222686767578,23.197038650512695,122.22000122070312,87.38816833496094,32.50102996826172,74.80834197998047,98.16580200195312,173.5911865234375,98.82136535644531,58.00553894042969
2016-05-18,65.51048278808594,21.365211486816406,120.0999984741211,86.68327331542969,32.304931640625,73.7414321899414,98.51944732666016,173.64205932617188,97.41454315185547,57.888916015625
2016-05-19,65.37297821044922,21.727949142456055,119.87000274658203,86.7704086303711,32.188724517822266,74.0483627319336,98.007568359375,173.04037475585938,97.83580780029297,58.38129425048828
2016-05-20,65.33369445800781,21.8095703125,119.70999908447266,86.82584381103516,31.919992446899414,73.14954376220703,99.0871353149414,174.13352966308594,97.91104125976562,58.141597747802734
2016-05-23,65.06526184082031,21.564722061157227,119.37000274658203,86.88124084472656,31.93452262878418,73.38335418701172,98.95687103271484,173.89630126953125,98.12922668457031,58.0508918762207
2016-05-24,65.59558868408203,20.37675666809082,117.30000305175781,86.73869323730469,32.22503662109375,73.87297058105469,100.93912506103516,176.15036010742188,97.69291687011719,58.09625244140625
2016-05-25,66.63005065917969,20.88458824157715,116.9800033569336,86.69912719726562,32.23229217529297,73.87297058105469,101.66504669189453,177.34519958496094,97.3242416381836,58.47849655151367
2016-05-26,66.45325469970703,20.81203842163086,116.58000183105469,86.96836853027344,32.45744705200195,74.46489715576172,101.96287536621094,177.39605712890625,97.82832336425781,58.180450439453125
2016-05-27,66.79373931884766,20.204458236694336,115.62000274658203,86.80207824707031,32.52280807495117,74.50874328613281,102.49335479736328,178.15875244140625,97.6854019165039,58.31653594970703
2016-05-31,66.12590026855469,20.47650909423828,116.05999755859375,86.905029296875,32.39208221435547,73.93142700195312,102.68877410888672,177.8197479248047,97.9185791015625,57.67510223388672
2016-06-01,66.21102142333984,20.603464126586914,115.94000244140625,86.87571716308594,32.46470260620117,74.78031158447266,102.69811248779297,178.1841278076172,98.31586456298828,57.81764602661133
2016-06-02,65.81818389892578,20.648813247680664,115.66999816894531,87.14537048339844,32.479248046875,75.09690856933594,102.91214752197266,178.72647094726562,99.02449035644531,57.35765075683594
2016-06-03,65.9032974243164,22.970325469970703,118.87999725341797,87.95436096191406,32.71165466308594,75.48711395263672,102.42819213867188,178.19259643554688,100.4341812133789,57.253990173339844
2016-06-06,66.23716735839844,23.079147338867188,118.91999816894531,87.72437286376953,32.951316833496094,75.61226654052734,102.80043029785156,179.09933471679688,99.68782806396484,57.88243103027344
2016-06-07,67.64483642578125,22.77081871032715,118.81999969482422,87.8512954711914,32.915000915527344,75.4576416015625,102.53985595703125,179.37896728515625,99.92911529541016,58.770050048828125
2016-06-08,67.49424743652344,23.514434814453125,120.58000183105469,87.95436096191406,33.0820426940918,75.96568298339844,102.7166976928711,179.9636688232422,100.46434783935547,58.82188034057617
2016-06-09,67.3109359741211,23.877168655395508,121.25,88.08924865722656,33.234561920166016,76.31907653808594,102.54918670654297,179.71792602539062,101.1126480102539,58.744144439697266
2016-06-10,66.76753234863281,23.54163360595703,121.73999786376953,88.39856719970703,33.401615142822266,76.06136322021484,101.38587188720703,178.0146484375,101.60259246826172,58.297080993652344
2016-06-13,66.8460922241211,23.496295928955078,122.63999938964844,88.57306671142578,33.02104949951172,75.8773193359375,100.53895568847656,176.6418914794922,102.05493927001953,58.692283630371094
2016-06-14,66.30921936035156,22.97939682006836,122.7699966430664,88.54930114746094,32.96250915527344,76.00250244140625,100.53895568847656,176.29443359375,101.97954559326172,58.588645935058594
2016-06-15,65.88365936279297,23.868101119995117,123.68000030517578,88.81893157958984,32.9405403137207,75.7300796508789,100.2504653930664,176.04869079589844,102.37154388427734,58.41371536254883
2016-06-16,66.1717300415039,23.115421295166016,122.37999725341797,88.91413116455078,33.160099029541016,76.45893096923828,100.54827117919922,176.5740966796875,102.86907958984375,59.100467681884766
2016-06-17,66.49907684326172,23.387475967407227,123.94999694824219,88.61273956298828,32.779541015625,76.13502502441406,99.36970520019531,175.91644287109375,102.2282943725586,58.776519775390625
2016-06-20,67.17998504638672,23.251447677612305,123.20999908447266,88.23199462890625,32.91859436035156,76.10557556152344,99.99491119384766,177.0493621826172,101.13526153564453,59.03569412231445
2016-06-21,67.59245300292969,22.607587814331055,120.83999633789062,88.03369903564453,33.02836227416992,76.6282958984375,100.31216430664062,177.5519561767578,100.66787719726562,59.301326751708984
2016-06-22,66.97049713134766,23.124488830566406,120.9000015258789,88.20817565917969,32.83077621459961,76.37798309326172,100.06954193115234,177.26229858398438,100.83366394042969,59.06808853149414
2016-06-23,68.37808990478516,22.870573043823242,120.11000061035156,87.78781127929688,32.99176788330078,76.8933334350586,101.49726867675781,179.5707550048828,99.6802978515625,59.47624969482422
2016-06-24,66.71512603759766,24.25804328918457,126.0,89.0013656616211,32.150142669677734,75.08218383789062,97.31681060791016,173.12257385253906,102.3564682006836,57.91484069824219
2016-06-27,65.70690155029297,24.53916358947754,126.68000030517578,89.7707748413086,32.040367126464844,75.19263458251953,95.38523864746094,170.0219268798828,104.91194152832031,57.57146453857422
2016-06-28,66.5383529663086,24.12201690673828,125.31999969482422,89.75489044189453,32.333106994628906,75.19998931884766,97.4754638671875,173.0884246826172,105.13056945800781,58.899627685546875
2016-06-29,67.71031951904297,24.620779037475586,125.83999633789062,89.39007568359375,32.52336883544922,75.9215087890625,99.20174407958984,176.03570556640625,104.323974609375,59.90385055541992
2016-06-30,68.63345336914062,25.128610610961914,126.47000122070312,89.58828735351562,33.174739837646484,77.99771881103516,100.34952545166016,178.43780517578125,104.70841217041016,60.733158111572266
2016-07-01,68.18824005126953,26.343778610229492,128.41000366210938,89.8250503540039,33.02104949951172,77.76947021484375,100.85340118408203,178.81263732910156,106.1622543334961,60.797950744628906
2016-07-05,67.80851745605469,26.878820419311523,129.47000122070312,90.31747436523438,33.247920989990234,78.35111236572266,100.23754119873047,177.52638244628906,107.49147033691406,60.266658782958984
2016-07-06,68.46975708007812,27.72218132019043,130.22999572753906,90.33333587646484,33.13083267211914,77.98298645019531,101.05870819091797,178.59117126464844,107.66517639160156,60.959922790527344
2016-07-07,67.46806335449219,26.851613998413086,129.74000549316406,90.2142333984375,32.99909591674805,79.13890838623047,101.35731506347656,178.48043823242188,107.65760803222656,60.22779846191406
2016-07-08,68.59415435791016,27.694978713989258,130.52000427246094,90.38896942138672,33.21132278442383,79.71315002441406,102.92495727539062,181.13803100585938,108.4505844116211,60.603572845458984
2016-07-11,69.00009155273438,27.7493896484375,129.2899932861328,89.91239166259766,33.350372314453125,80.1843490600586,103.51285552978516,181.77694702148438,107.4990005493164,60.8303337097168
2016-07-12,69.9101333618164,26.661176681518555,127.1500015258789,89.38023376464844,33.35770034790039,80.09601593017578,104.0353775024414,183.0972442626953,105.73176574707031,61.517093658447266
2016-07-13,69.82501983642578,27.54081916809082,128.32000732421875,89.61054992675781,33.47480010986328,80.92061614990234,103.78345489501953,183.0717010498047,106.97785949707031,61.47175598144531
2016-07-14,69.85775756835938,27.39571762084961,127.33000183105469,89.23721313476562,33.43819046020508,80.95738983154297,104.49263763427734,184.0938720703125,105.42212677001953,61.517093658447266
2016-07-15,70.0738296508789,27.08739471435547,126.83999633789062,88.89566802978516,33.394287109375,80.73654174804688,104.32466888427734,183.84686279296875,104.51580047607422,61.627254486083984
2016-07-18,69.45838928222656,27.187143325805664,127.04000091552734,88.87187957763672,33.394287109375,80.40522003173828,105.01519775390625,184.34092712402344,104.41767120361328,61.432865142822266
2016-07-19,69.4256591796875,26.906021118164062,127.20999908447266,89.11016082763672,33.394287109375,80.64083862304688,104.63259887695312,184.15345764160156,105.00668334960938,61.206119537353516
2016-07-20,69.13101959228516,25.38252830505371,125.38999938964844,88.92748260498047,33.30645751953125,80.19173431396484,105.85501861572266,184.92018127441406,104.43282318115234,60.85625076293945
2016-07-21,69.00009155273438,26.1805477142334,127.30000305175781,89.12605285644531,33.26255416870117,79.94140625,105.61241912841797,184.2216796875,104.64424133300781,60.80442428588867
2016-07-22,69.1768569946289,26.098934173583984,126.3499984741211,89.05460357666016,33.5406608581543,80.39049530029297,106.05095672607422,185.04791259765625,104.82550811767578,60.90806579589844
2016-07-25,67.48115539550781,25.146747589111328,125.47000122070312,88.98308563232422,33.350372314453125,80.2653579711914,106.060302734375,184.54534912109375,104.75,59.73540115356445
2016-07-26,67.22582244873047,25.845020294189453,126.0,89.03868865966797,32.845401763916016,79.66163635253906,106.18161010742188,184.63052368164062,104.9161148071289,59.301326751708984
2016-07-27,66.95086669921875,27.023916244506836,128.02999877929688,89.41990661621094,31.762269973754883,79.13152313232422,106.91877746582031,184.4346160888672,106.2226791381836,58.899627685546875
2016-07-28,66.64312744140625,26.978572845458984,127.66000366210938,89.46755981445312,31.945232391357422,79.61006164550781,107.29206848144531,184.64755249023438,106.02632904052734,58.43961715698242
2016-07-29,67.09487915039062,27.740320205688477,128.97999572753906,89.80914306640625,31.93060302734375,80.19173431396484,107.52532196044922,184.94569396972656,106.90994262695312,57.629764556884766
2016-08-01,64.88849639892578,28.048646926879883,129.22000122070312,89.49734497070312,31.79884910583496,80.19910430908203,108.09454345703125,184.79237365722656,105.75079345703125,55.62779235839844
2016-08-02,65.20275115966797,28.402315139770508,130.27000427246094,89.2825927734375,31.857391357421875,80.04448699951172,107.27336120605469,183.6083221435547,104.66136932373047,56.392295837402344
2016-08-03,65.87055206298828,28.057714462280273,129.64999389648438,89.33030700683594,31.937915802001953,79.54383087158203,107.62797546386719,184.14500427246094,104.72183227539062,56.68385314941406
2016-08-04,65.72652435302734,28.32069969177246,129.8699951171875,89.5450668334961,31.84276580810547,79.82357788085938,107.9359130859375,184.34092712402344,105.50867462158203,56.67737579345703
2016-08-05,65.80510711669922,27.413856506347656,127.55000305175781,88.98828125,31.820819854736328,80.00029754638672,108.9717025756836,185.84860229492188,104.41161346435547,56.72918701171875
2016-08-08,66.25685119628906,27.65870475769043,127.44000244140625,88.9405746459961,31.791540145874023,79.61746215820312,108.85040283203125,185.73789978027344,104.60832214355469,57.39651870727539
2016-08-09,66.33540344238281,27.894479751586914,127.95999908447266,89.25874328613281,31.813493728637695,79.72052001953125,109.1023178100586,185.84860229492188,105.63733673095703,57.46780776977539
2016-08-10,65.56285858154297,28.38417625427246,128.55999755859375,89.49734497070312,31.915952682495117,80.11808013916016,108.8224105834961,185.3886260986328,106.04590606689453,56.46154022216797
2016-08-11,66.38777923583984,28.14839744567871,127.66999816894531,89.06785583496094,32.01841354370117,79.8677749633789,109.28897094726562,186.24896240234375,105.10018157958984,56.66407775878906
2016-08-12,66.8853759765625,28.157466888427734,127.4000015258789,89.38597106933594,32.223323822021484,79.94876861572266,109.36360168457031,186.0870819091797,105.9853744506836,57.40243911743164
2016-08-15,67.2847671508789,27.98516845703125,127.83999633789062,89.12354278564453,32.377017974853516,80.04448699951172,109.8301773071289,186.62374877929688,104.98664855957031,57.376304626464844
2016-08-16,67.18653869628906,27.939821243286133,128.47000122070312,88.97237396240234,32.07695770263672,79.51436614990234,109.2236557006836,185.66123962402344,104.70663452148438,57.44818878173828
2016-08-17,67.62982177734375,27.54081916809082,128.5,89.1156234741211,32.245296478271484,79.86040496826172,109.41957092285156,186.01040649414062,105.33464050292969,57.57233810424805
2016-08-18,68.509765625,27.885414123535156,129.11000061035156,89.274658203125,32.274559020996094,79.72052001953125,109.44757080078125,186.42782592773438,105.50115203857422,58.09507751464844
2016-08-19,67.69597625732422,27.169004440307617,127.97000122070312,88.97237396240234,32.14282989501953,79.6395263671875,109.41957092285156,186.15525817871094,104.9488296508789,57.36977767944336
2016-08-22,67.44454956054688,26.715587615966797,127.77999877929688,89.17124938964844,32.011104583740234,79.48490905761719,109.50357818603516,186.14675903320312,105.83405303955078,57.493934631347656
2016-08-23,67.27250671386719,26.316577911376953,127.76000213623047,89.16326904296875,32.09160614013672,79.42604064941406,109.69955444335938,186.52157592773438,105.94750213623047,57.317508697509766
2016-08-24,67.61656951904297,24.45754623413086,126.33999633789062,89.13150787353516,32.09160614013672,79.59536743164062,108.9903564453125,185.5675811767578,105.69784545898438,57.51354217529297
2016-08-25,67.4114761352539,24.76587677001953,126.2300033569336,88.98828125,31.959861755371094,79.42604064941406,108.81307220458984,185.43971252441406,105.29682159423828,57.1475944519043
2016-08-26,67.03437805175781,24.64798927307129,126.05000305175781,88.64625549316406,31.703712463378906,79.10945892333984,108.9717025756836,185.09048461914062,104.68395233154297,57.023475646972656
2016-08-29,67.5173568725586,24.702394485473633,126.30000305175781,89.01214599609375,31.864727020263672,79.50700378417969,109.1209716796875,186.00193786621094,106.08373260498047,57.395904541015625
2016-08-30,67.2857666015625,23.487224578857422,125.02999877929688,89.00421905517578,31.64516830444336,78.93274688720703,108.76640319824219,185.69525146484375,105.67512512207031,57.186824798583984
2016-08-31,66.54476928710938,23.115421295166016,124.77999877929688,88.90080261230469,31.78422737121582,79.14999389648438,108.65442657470703,185.1671905517578,105.82642364501953,56.938514709472656
2016-09-01,66.29997253417969,23.958784103393555,125.29000091552734,89.04017639160156,31.725662231445312,79.55036163330078,108.93437957763672,185.17572021484375,105.9432144165039,56.742488861083984
2016-09-02,66.77633666992188,24.802152633666992,126.56999969482422,88.80918884277344,31.952552795410156,79.98043060302734,109.28897094726562,186.01040649414062,105.07911682128906,57.121482849121094
2016-09-06,67.76872253417969,26.008249282836914,128.7100067138672,89.22333526611328,32.04769515991211,80.0174789428711,109.97014617919922,186.5726318359375,105.8446273803711,57.87289810180664
2016-09-07,68.06646728515625,25.8631534576416,128.27000427246094,89.27118682861328,31.937915802001953,79.49105072021484,110.03545379638672,186.55563354492188,105.76883697509766,57.65727996826172
2016-09-08,68.88687133789062,25.30091094970703,127.58999633789062,88.83309173583984,31.93060302734375,79.24639129638672,109.3916015625,186.12973022460938,104.4423599243164,58.18654251098633
2016-09-09,67.00128173828125,23.949716567993164,126.75,88.41098022460938,30.935274124145508,77.14806365966797,106.63883209228516,181.6746826171875,102.72181701660156,56.742488861083984
2016-09-12,67.6496810913086,24.52103042602539,126.58999633789062,88.49063873291016,31.60857391357422,78.60870361328125,108.55176544189453,184.28126525878906,102.77484130859375,57.03653335571289
2016-09-13,65.78392028808594,23.632320404052734,125.75,88.1640396118164,31.19538688659668,77.54845428466797,107.5813217163086,181.6321563720703,101.6075668334961,55.677452087402344
2016-09-14,65.1156997680664,23.586978912353516,126.18000030517578,88.36314392089844,31.069961547851562,77.8895263671875,108.09454345703125,181.56398010253906,101.75914764404297,55.27886199951172
2016-09-15,65.83023834228516,23.74114227294922,125.37000274658203,88.38703918457031,31.254423141479492,78.2083511352539,109.77418518066406,183.37838745117188,101.31953430175781,55.592464447021484
2016-09-16,64.73196411132812,23.54163360595703,125.05999755859375,88.48265838623047,31.092103958129883,78.06004333496094,109.7218017578125,182.66949462890625,102.1380844116211,54.90641403198242
2016-09-19,64.8642807006836,23.65952491760254,125.31999969482422,88.3313217163086,31.062576293945312,78.34919738769531,109.2447280883789,182.70376586914062,101.80455780029297,54.775733947753906
2016-09-20,64.63932800292969,23.632320404052734,125.44000244140625,88.46672821044922,31.23966407775879,78.81631469726562,109.45051574707031,182.71229553222656,102.16088104248047,53.93281936645508
2016-09-21,65.91625213623047,25.30091094970703,127.2699966430664,88.61007690429688,31.379850387573242,79.43173217773438,110.52632141113281,184.76695251464844,102.98705291748047,54.429412841796875
2016-09-22,66.14783477783203,25.155813217163086,127.56999969482422,88.8729248046875,31.697113037109375,79.9433364868164,111.40567016601562,185.93124389648438,103.80577087402344,54.58622741699219
2016-09-23,65.64498901367188,24.50288963317871,127.6500015258789,88.91275787353516,31.534788131713867,79.58744812011719,110.69471740722656,184.9124755859375,103.7071304321289,54.52742385864258
2016-09-26,65.35386657714844,24.285249710083008,127.55000305175781,89.16761016845703,31.02569007873535,79.3575668334961,109.76856994628906,183.4143524169922,104.36662292480469,54.2725944519043
2016-09-27,65.48619842529297,23.83182716369629,126.62000274658203,89.31896209716797,31.424118041992188,79.69865417480469,110.85370635986328,184.552978515625,105.1321792602539,54.39019775390625
2016-09-28,67.58350372314453,24.403139114379883,126.22000122070312,89.27909851074219,31.099475860595703,79.61709594726562,111.04081726074219,185.4689483642578,104.90472412109375,56.78169631958008
2016-09-29,67.00128173828125,24.20363426208496,126.06999969482422,89.33491516113281,31.01093864440918,79.89885711669922,110.23632049560547,183.79098510742188,105.1700668334961,56.49419021606445
2016-09-30,68.09297180175781,23.967851638793945,125.63999938964844,89.11184692382812,31.224905014038086,80.64772033691406,111.05953979492188,185.17791748046875,104.23014831542969,57.03000259399414
2016-10-03,67.78199005126953,23.54163360595703,125.31999969482422,88.90448760986328,31.01093864440918,80.26216888427734,110.90049743652344,184.73269653320312,103.88615417480469,56.87970733642578
2016-10-04,67.00128173828125,21.220117568969727,120.97000122070312,88.49775695800781,30.870752334594727,79.40948486328125,110.73213195800781,183.79098510742188,102.67123413085938,56.35697937011719
2016-10-05,67.6364517211914,21.383352279663086,120.77999877929688,88.29833984375,30.848617553710938,78.601318359375,111.12500762939453,184.6042938232422,102.19285583496094,56.8470458984375
2016-10-06,67.60336303710938,20.7122859954834,119.66000366210938,88.11492919921875,30.77483558654785,78.8904800415039,111.06889343261719,184.73269653320312,101.62335968017578,56.87318801879883
2016-10-07,67.66290283203125,20.85738182067871,119.73999786376953,88.24253845214844,30.789583206176758,78.58646392822266,110.82565307617188,184.09915161132812,101.69163513183594,56.67714309692383
2016-10-10,68.79425811767578,21.002477645874023,120.16000366210938,88.01118469238281,30.789583206176758,78.75703430175781,111.52725219726562,185.05807495117188,101.0917739868164,57.7879638671875
2016-10-11,68.17235565185547,20.47650909423828,119.55000305175781,87.98729705810547,30.649398803710938,78.27509307861328,109.93695831298828,182.72084045410156,100.86397552490234,57.33056640625
2016-10-12,67.58350372314453,20.920862197875977,119.73999786376953,87.98729705810547,30.82647132873535,78.6532211303711,109.84342956542969,182.96060180664062,100.96269226074219,56.931968688964844
2016-10-13,66.6837158203125,21.30173683166504,120.02999877929688,88.1707992553711,30.811717987060547,78.53459167480469,109.45051574707031,182.361328125,101.34237670898438,56.55954360961914
2016-10-14,66.8755874633789,20.848312377929688,119.36000061035156,87.89957427978516,30.74530792236328,79.20932006835938,109.58149719238281,182.45550537109375,99.9223861694336,56.54646682739258
2016-10-17,67.06084442138672,21.165708541870117,119.68000030517578,88.09100341796875,30.693668365478516,79.22412872314453,109.28211975097656,181.8219451904297,100.56025695800781,56.54646682739258
2016-10-18,67.34532928466797,21.945594787597656,120.41999816894531,88.2664566040039,30.9666690826416,79.29826354980469,110.2550048828125,182.96060180664062,100.88674926757812,56.696746826171875
2016-10-19,67.66290283203125,22.553180694580078,121.11000061035156,88.30632019042969,31.02569007873535,78.78667449951172,110.24567413330078,183.4485321044922,100.97029113769531,56.95811462402344
2016-10-20,67.39824676513672,22.498762130737305,120.73999786376953,88.22657775878906,30.937162399291992,78.49754333496094,110.11471557617188,183.1061248779297,101.07659149169922,56.9842643737793
2016-10-21,67.0211410522461,22.32646942138672,120.83000183105469,88.32230377197266,31.0847225189209,78.31214904785156,110.52632141113281,183.1916961669922,101.2285385131836,56.59873580932617
2016-10-24,66.59770965576172,21.845840454101562,120.55999755859375,88.20260620117188,31.40199089050293,79.56519317626953,111.85465240478516,183.9707794189453,100.7880859375,56.78825378417969
2016-10-25,66.67047882080078,22.353670120239258,121.47000122070312,88.18670654296875,31.387224197387695,79.50587463378906,111.49920654296875,183.35440063476562,101.05381774902344,56.66407775878906
2016-10-26,66.94837188720703,21.882112503051758,120.79000091552734,87.99528503417969,31.313446044921875,79.38725280761719,110.7414779663086,182.98626708984375,100.37039184570312,56.90585708618164
2016-10-27,66.10812377929688,21.519376754760742,121.01000213623047,87.69222259521484,31.077342987060547,79.06102752685547,110.23632049560547,182.49827575683594,99.27693939208984,56.794761657714844
2016-10-28,68.68838500976562,21.5919246673584,121.58000183105469,87.70814514160156,31.158498764038086,79.38725280761719,109.54403686523438,181.9589080810547,99.0567626953125,55.396446228027344
2016-10-31,69.30369567871094,22.23578453063965,121.94000244140625,87.77996826171875,31.2839298248291,79.483642578125,109.441162109375,181.96746826171875,99.6641616821289,54.442481994628906
2016-11-01,70.44827270507812,22.788957595825195,122.7300033569336,87.78314971923828,31.077342987060547,79.12030792236328,108.61795043945312,180.64901733398438,99.67181396484375,54.658103942871094
2016-11-02,69.72710418701172,22.453428268432617,123.63999938964844,88.04667663574219,31.02569007873535,79.12030792236328,107.74796295166016,179.56178283691406,100.10546112060547,54.52742385864258
2016-11-03,69.72710418701172,22.9431209564209,124.30000305175781,87.99079895019531,31.01093864440918,79.06102752685547,106.69085693359375,178.7398681640625,99.33706665039062,54.66465377807617
2016-11-04,69.32351684570312,22.734546661376953,124.38999938964844,88.2623519897461,30.760086059570312,78.4530258178711,106.31668853759766,178.5430145263672,100.2271728515625,54.6058464050293
2016-11-07,70.69306182861328,21.836774826049805,122.1500015258789,87.89494323730469,31.328203201293945,79.3056869506836,108.84244537353516,182.48110961914062,99.37511444091797,55.834266662597656
2016-11-08,70.98419952392578,21.727949142456055,121.63999938964844,87.58349609375,31.638093948364258,80.61066436767578,109.55342102050781,183.30296325683594,98.97187805175781,56.236366271972656
2016-11-09,71.21575164794922,22.29926300048828,121.55999755859375,86.24964904785156,31.188011169433594,79.5207290649414,110.05857849121094,185.24636840820312,94.77230834960938,56.85602951049805
2016-11-10,71.31497955322266,20.630672454833984,119.75,85.73053741455078,30.20670509338379,76.55490112304688,108.28116607666016,185.70872497558594,93.37245178222656,57.38338851928711
2016-11-11,70.55414581298828,18.971149444580078,117.0999984741211,85.55480194091797,30.273101806640625,76.51042175292969,108.32795715332031,185.28067016601562,92.84747314453125,56.47367477416992
2016-11-14,70.52104187011719,19.152517318725586,116.11000061035156,85.05962371826172,30.376401901245117,75.17579650878906,107.2334213256836,185.42616271972656,92.29209899902344,56.216575622558594
2016-11-15,72.08905029296875,19.968677520751953,117.12000274658203,85.05962371826172,30.57561683654785,75.51685333251953,108.72087097167969,186.8730010986328,92.74857330322266,57.231754302978516
2016-11-16,72.40314483642578,19.805442810058594,116.7699966430664,85.13948059082031,30.44281005859375,75.4130859375,109.36634063720703,186.52200317382812,93.58545684814453,56.52641296386719
2016-11-17,72.24943542480469,19.31574821472168,116.16999816894531,84.76409149169922,30.339496612548828,75.34635162353516,110.1614761352539,187.4808349609375,92.20843505859375,56.18363952636719
2016-11-18,72.97111511230469,19.089038848876953,115.1500015258789,84.38868713378906,30.184566497802734,75.1164779663086,109.74986267089844,187.06138610839844,91.94213104248047,56.216575622558594
2016-11-21,73.62600708007812,19.47898292541504,115.58000183105469,84.46064758300781,30.516582489013672,75.82086181640625,110.89115142822266,188.4739532470703,92.17041778564453,57.01422119140625
2016-11-22,73.92005920410156,19.551530838012695,115.54000091552734,84.54046630859375,30.52396583557129,76.28799438476562,111.22791290283203,188.84210205078125,92.13997650146484,57.13945388793945
2016-11-23,74.1739501953125,18.59027671813965,113.25,84.23702239990234,30.339496612548828,75.27960205078125,110.77884674072266,188.94480895996094,91.78234100341797,57.29766845703125
2016-11-25,74.1739501953125,18.69002914428711,112.61000061035156,84.16510009765625,30.642024993896484,75.7541275024414,111.13435363769531,189.64682006835938,91.91930389404297,57.42951583862305
2016-11-28,73.83983612060547,19.406435012817383,113.80000305175781,84.54849243164062,30.80434226989746,76.21382904052734,110.88178253173828,188.7564697265625,92.59646606445312,57.00104904174805
2016-11-29,73.06468963623047,19.25227165222168,113.2699966430664,84.6363296508789,30.61832046508789,76.02847290039062,111.26533508300781,189.1245880126953,92.98442840576172,56.625308990478516
2016-11-30,74.54817199707031,18.88953399658203,111.75,84.06929016113281,30.023075103759766,74.76839447021484,109.9182357788086,188.67083740234375,91.47801971435547,57.54817199707031
2016-12-01,75.7042007446289,18.735368728637695,111.54000091552734,83.74853515625,29.889142990112305,73.96915435791016,108.01923370361328,187.97744750976562,90.51217651367188,57.50862503051758
2016-12-02,75.51045227050781,19.379228591918945,112.13999938964844,84.12440490722656,30.030519485473633,75.14187622070312,108.23441314697266,188.07154846191406,91.17543029785156,57.376792907714844
2016-12-05,75.67749786376953,19.34295654296875,111.54000091552734,84.09246826171875,30.223966598510742,75.22401428222656,109.07632446289062,189.20162963867188,91.0763168334961,57.66682052612305
2016-12-06,75.35004425048828,19.225067138671875,111.43000030517578,84.12440490722656,30.1867618560791,75.85144805908203,109.33826446533203,189.80093383789062,91.00764465332031,57.71957015991211
2016-12-07,76.47269439697266,19.442707061767578,111.83000183105469,84.40438842773438,30.722501754760742,76.79258728027344,110.72279357910156,192.28367614746094,91.78527069091797,58.0557746887207
2016-12-08,76.96049499511719,19.460844039916992,111.56999969482422,84.08445739746094,30.491830825805664,76.29962158203125,110.91923522949219,192.7545623779297,90.70270538330078,58.220558166503906
2016-12-09,77.38818359375,18.74443817138672,110.4000015258789,83.65255737304688,31.250782012939453,77.36026000976562,111.78919982910156,193.91880798339844,89.57453155517578,58.6688117980957
2016-12-12,78.2835922241211,18.816986083984375,110.81999969482422,83.66854095458984,31.176382064819336,78.2192611694336,111.28402709960938,193.69627380371094,89.74223327636719,59.97403335571289
2016-12-13,78.46401977539062,19.079971313476562,110.44999694824219,83.71652221679688,31.072202682495117,78.89894104003906,112.68728637695312,194.98898315429688,90.06240844726562,61.02876663208008
2016-12-14,77.48839569091797,18.03710174560547,108.83000183105469,83.0207290649414,30.66297721862793,78.03252410888672,112.45336151123047,193.37950134277344,89.0561294555664,59.710357666015625
2016-12-15,78.21678924560547,17.2209415435791,107.33999633789062,82.78874969482422,30.91595458984375,78.65245819091797,112.63113403320312,194.1756591796875,89.50591278076172,59.91468048095703
2016-12-16,78.9050521850586,17.302560806274414,108.05000305175781,82.8927230834961,31.057313919067383,79.0782470703125,112.2136001586914,193.79588317871094,89.300048828125,60.10586166381836
2016-12-19,78.61772155761719,17.352581024169922,108.58999633789062,83.2766342163086,31.005231857299805,78.73462677001953,112.67333984375,194.2178955078125,90.2605972290039,59.60487747192383
2016-12-20,78.81818389892578,17.39805030822754,107.79000091552734,83.10067749023438,30.997798919677734,78.35368347167969,113.10496520996094,194.9670867919922,89.810791015625,59.61149215698242
2016-12-21,78.79145812988281,17.361677169799805,107.8499984741211,83.23667907714844,30.93084716796875,78.20429229736328,113.02050018310547,194.4245147705078,90.2072525024414,59.512596130371094
2016-12-22,79.36614227294922,17.343482971191406,107.58999633789062,83.20059967041016,30.91595458984375,78.68980407714844,112.70147705078125,194.08871459960938,90.04601287841797,59.901519775390625
2016-12-23,79.13226318359375,17.589038848876953,107.93000030517578,83.28072357177734,30.95315933227539,78.4956283569336,112.77652740478516,194.3728485107422,90.22941589355469,59.796051025390625
2016-12-27,78.99860382080078,18.07105827331543,108.55999755859375,83.16058349609375,30.96059226989746,78.5254898071289,113.35823822021484,194.85511779785156,89.93897247314453,59.82242202758789
2016-12-28,78.79145812988281,18.407560348510742,108.86000061035156,83.46492004394531,30.796903610229492,78.14453887939453,112.4763412475586,193.24478149414062,90.5962905883789,59.5257682800293
2016-12-29,78.73131561279297,19.780851364135742,110.29000091552734,83.72130584716797,30.95315933227539,78.42092895507812,112.31682586669922,193.2017059326172,90.91734313964844,59.558738708496094
2016-12-30,78.65113830566406,19.0259952545166,109.61000061035156,83.96964263916016,30.84897232055664,78.15202331542969,111.16279602050781,192.4955596923828,91.05488586425781,59.4994010925293
2017-01-03,78.7513427734375,19.789945602416992,110.47000122070312,83.92959594726562,31.101970672607422,78.16694641113281,112.1573257446289,193.96817016601562,91.4446792602539,59.91468048095703
2017-01-04,78.73131561279297,19.935457229614258,110.86000061035156,84.0257339477539,30.990358352661133,78.31635284423828,112.7671890258789,195.12210083007812,91.7962875366211,59.2554931640625
2017-01-05,78.3905258178711,21.099573135375977,112.58000183105469,84.57048034667969,31.06476593017578,78.21177673339844,113.40518188476562,194.9670867919922,93.23320770263672,58.3721923828125
2017-01-06,78.0764389038086,20.36290740966797,111.75,84.18592834472656,31.057313919067383,78.0997314453125,114.39972686767578,195.66464233398438,92.37715911865234,58.339210510253906
2017-01-09,77.40821075439453,20.42656707763672,112.66999816894531,84.50638580322266,30.74482536315918,77.278076171875,114.77500915527344,195.01878356933594,93.11856842041016,57.376792907714844
2017-01-10,76.82015228271484,20.572084426879883,113.1500015258789,84.4663314819336,30.536483764648438,76.1651611328125,115.02832794189453,195.01878356933594,93.05742645263672,56.645057678222656
2017-01-11,77.46833801269531,20.526611328125,113.5,84.56243896484375,30.543926239013672,76.045654296875,115.33795928955078,195.56991577148438,93.37085723876953,57.22515869140625
2017-01-12,77.62203979492188,20.572084426879883,113.91000366210938,84.61050415039062,30.469514846801758,76.06806182861328,115.15969848632812,195.0790557861328,93.16443634033203,56.91533660888672
2017-01-13,77.76905059814453,20.681222915649414,114.20999908447266,84.42626953125,30.417434692382812,75.85144805908203,115.55374908447266,195.52685546875,92.72110748291016,56.92195510864258
2017-01-17,77.7022476196289,21.24509048461914,115.8499984741211,84.85082244873047,30.670421600341797,76.32949829101562,115.20658874511719,194.8379364013672,93.69185638427734,57.58771514892578
2017-01-18,77.47502136230469,20.926776885986328,114.87000274658203,84.25001525878906,30.722501754760742,76.74030303955078,115.44114685058594,195.2685089111328,92.4918212890625,56.87578201293945
2017-01-19,77.23448181152344,20.808542251586914,114.7699966430664,83.92959594726562,30.610897064208984,76.45647430419922,115.38488006591797,194.54510498046875,91.857421875,55.85404586791992
2017-01-20,77.24784851074219,21.02681541442871,115.05000305175781,83.96964263916016,30.74482536315918,77.11376190185547,115.63819885253906,195.2598876953125,91.67398071289062,56.61870193481445
2017-01-23,77.10751342773438,21.654348373413086,115.79000091552734,84.41023254394531,30.82666778564453,77.68891143798828,115.73200225830078,194.75181579589844,92.5911865234375,56.012245178222656
2017-01-24,77.76238250732422,21.672536849975586,115.2699966430664,84.08976745605469,31.176382064819336,78.21177673339844,116.5107650756836,196.00048828125,91.95683288574219,56.09134292602539
2017-01-25,78.34374237060547,21.34512710571289,114.31999969482422,83.67330932617188,31.34007453918457,78.13706970214844,117.68356323242188,197.6969757080078,90.80261993408203,56.256141662597656
2017-01-26,77.88264465332031,20.799453735351562,113.26000213623047,83.78538513183594,31.10941505432129,77.78601837158203,117.8055419921875,197.49029541015625,91.1083755493164,56.42753219604492
2017-01-27,76.038330078125,21.117761611938477,113.48999786376953,83.88956451416016,30.841543197631836,77.29303741455078,118.03070068359375,197.1802520751953,91.43705749511719,56.36819839477539
2017-01-30,74.7219009399414,21.054100036621094,113.97000122070312,83.86551666259766,30.789472579956055,77.44989013671875,117.11122131347656,195.95742797851562,91.16189575195312,55.939727783203125
2017-01-31,74.40782165527344,21.76348304748535,115.55000305175781,84.15390014648438,30.93084716796875,77.51708984375,116.87667083740234,195.9402313232422,91.7962875366211,55.30030059814453
2017-02-01,74.1739501953125,21.69072723388672,115.19999694824219,83.99262237548828,30.700178146362305,76.9419937133789,117.68356323242188,196.01773071289062,91.2286605834961,54.6740608215332
2017-02-02,74.98252868652344,22.172740936279297,115.83999633789062,84.02473449707031,30.804340362548828,77.70384979248047,117.58035278320312,196.1469268798828,91.1904296875,55.010257720947266
2017-02-03,75.89131927490234,22.281877517700195,116.12999725341797,84.08890533447266,30.908510208129883,78.51054382324219,117.9181137084961,197.4989013671875,91.15205383300781,55.0695915222168
2017-02-06,75.49706268310547,23.100393295288086,117.69999694824219,84.49005889892578,30.92338752746582,78.10719299316406,118.05885314941406,197.1458740234375,91.70362091064453,54.91796112060547
2017-02-07,74.4345703125,23.000354766845703,117.45999908447266,84.64249420166016,31.176382064819336,78.88401794433594,118.49044799804688,197.1544647216797,92.37763214111328,54.56199645996094
2017-02-08,74.56151580810547,23.255002975463867,118.19000244140625,84.98745727539062,31.265668869018555,78.94378662109375,118.6874771118164,197.4127960205078,93.6339111328125,54.20278549194336
2017-02-09,75.01592254638672,22.654756546020508,117.29000091552734,84.48204040527344,30.692729949951172,79.15291595458984,119.11907958984375,198.583984375,92.55384826660156,54.4422607421875
2017-02-10,75.54385375976562,23.000354766845703,117.5999984741211,84.42584991455078,30.1942138671875,79.25,119.51311492919922,199.36764526367188,92.50025177001953,54.89461898803711
2017-02-13,76.11851501464844,22.691133499145508,116.80000305175781,84.29747772216797,30.223966598510742,79.56373596191406,120.18864440917969,200.4526824951172,92.20917510986328,55.213932037353516
2017-02-14,75.90937042236328,22.663850784301758,116.93000030517578,83.99262237548828,30.157005310058594,79.86251831054688,120.59208679199219,201.25360107421875,91.542724609375,55.09417724609375
2017-02-15,75.94312286376953,22.672945022583008,117.44999694824219,83.8321762084961,30.09004020690918,79.72056579589844,121.30516052246094,202.30418395996094,91.1214828491211,55.32036209106445
2017-02-16,74.6680679321289,22.91850471496582,118.08000183105469,84.16918182373047,30.655532836914062,80.75880432128906,121.26764678955078,202.1319580078125,91.61931610107422,54.74826431274414
2017-02-17,74.43196105957031,22.545621871948242,117.68000030517578,84.39376831054688,30.67784881591797,80.78121948242188,121.7930679321289,202.45059204101562,92.16316223144531,54.389041900634766
2017-02-21,75.36966705322266,22.39101219177246,117.75,84.35367584228516,30.84897232055664,81.6850357055664,122.39352416992188,203.65623474121094,92.00232696533203,54.475528717041016
2017-02-22,74.4656753540039,22.127267837524414,117.91000366210938,84.49005889892578,30.95315933227539,81.72238159179688,122.44044494628906,203.4753875732422,92.15553283691406,53.83689498901367
2017-02-23,74.89744567871094,22.163646697998047,118.94000244140625,84.71473693847656,30.997798919677734,81.81948852539062,121.980712890625,203.61314392089844,92.43128967285156,54.4023551940918
2017-02-24,74.2902603149414,21.94537353515625,119.69999694824219,85.10782623291016,31.087081909179688,82.03610229492188,122.21521759033203,203.87149047851562,93.45769500732422,53.936676025390625
2017-02-27,75.38990783691406,20.77216339111328,119.12000274658203,84.80292510986328,31.005231857299805,81.6177749633789,122.36540222167969,204.19015502929688,92.90618896484375,54.24269485473633
2017-02-28,75.89588928222656,20.781259536743164,119.2300033569336,84.76284790039062,31.22101593017578,82.44689178466797,121.9900894165039,203.6389923095703,93.25090026855469,54.09634017944336
2017-03-01,76.82686614990234,20.899492263793945,119.05999755859375,84.17231750488281,31.369834899902344,82.52436065673828,123.3224105834961,206.4894256591797,91.6883544921875,55.227230072021484
2017-03-02,76.47608184814453,19.944555282592773,117.58000183105469,83.93131256103516,31.60050392150879,82.81012725830078,122.703125,205.1890869140625,91.35831451416016,55.41350555419922
2017-03-03,76.60424041748047,20.19011116027832,117.51000213623047,84.01165008544922,31.607940673828125,83.14856719970703,122.92831420898438,205.3182373046875,91.59626007080078,54.85469055175781
2017-03-06,76.34789276123047,19.680805206298828,116.72000122070312,83.99553680419922,31.384719848632812,82.44915771484375,122.65617370605469,204.706787109375,91.1588363647461,55.100826263427734
2017-03-07,75.43038177490234,19.562576293945312,115.77999877929688,83.87511444091797,31.243345260620117,82.21601867675781,122.44979858398438,204.0954132080078,90.88249969482422,54.89461898803711
2017-03-08,73.94619750976562,19.41706657409668,115.05999755859375,83.59393310546875,31.243345260620117,82.20096588134766,122.66561126708984,203.7165069580078,90.39131927490234,53.9034309387207
2017-03-09,74.23631286621094,19.22607421875,114.47000122070312,83.36089324951172,31.27310562133789,81.99039459228516,122.75943756103516,203.97482299804688,89.66995239257812,54.329158782958984
2017-03-10,74.62086486816406,19.76266098022461,114.72000122070312,83.5376968383789,31.466556549072266,82.41905975341797,123.27545928955078,204.68963623046875,89.98456573486328,54.28926086425781
2017-03-13,73.77081298828125,20.008214950561523,114.73999786376953,83.3287353515625,31.54913330078125,82.2837142944336,123.48188781738281,204.7929229736328,89.41667938232422,54.162864685058594
2017-03-14,72.42828369140625,19.407968521118164,114.12000274658203,83.41716003417969,31.50409698486328,82.2310562133789,123.1816635131836,204.00930786132812,89.846435546875,53.876808166503906
2017-03-15,73.45372009277344,20.899492263793945,116.25,84.148193359375,31.6166934967041,83.56221771240234,123.94164276123047,205.77468872070312,90.94393157958984,54.548709869384766
2017-03-16,72.76561737060547,20.70850372314453,116.7300033569336,83.9152603149414,31.71427345275879,83.58477783203125,123.85719299316406,205.36990356445312,90.48343658447266,54.59528350830078
2017-03-17,72.64417266845703,20.6175594329834,116.98999786376953,84.14017486572266,31.54913330078125,83.77278900146484,123.81393432617188,205.00926208496094,91.05138397216797,54.548709869384766
2017-03-20,72.63069152832031,20.817636489868164,117.51000213623047,84.34104919433594,31.661731719970703,83.59231567382812,123.92675018310547,204.784423828125,91.44275665283203,54.548709869384766
2017-03-21,72.88702392578125,21.154138565063477,118.54000091552734,84.62226104736328,31.90192413330078,84.0585708618164,122.04639434814453,202.1550750732422,92.20252990722656,54.43560791015625
2017-03-22,73.12316131591797,21.145048141479492,118.83000183105469,84.78297424316406,31.811857223510742,84.24659729003906,122.87371826171875,202.63075256347656,92.5709457397461,54.389041900634766
2017-03-23,72.77237701416016,20.944963455200195,118.66999816894531,84.69450378417969,31.65422821044922,84.06610107421875,122.5634765625,202.41453552246094,92.44049072265625,54.45554733276367
2017-03-24,72.85331726074219,20.844921112060547,118.86000061035156,84.7427749633789,31.6166934967041,84.3218002319336,122.81736755371094,202.2675018310547,92.77047729492188,54.036468505859375
2017-03-27,71.69966888427734,21.30875015258789,119.52999877929688,84.95158386230469,31.766817092895508,84.10371398925781,123.0147705078125,202.05996704101562,93.19255828857422,54.04977035522461
2017-03-28,72.30010223388672,20.74488067626953,119.04000091552734,84.66242980957031,31.849403381347656,84.5699691772461,123.76692199707031,203.53024291992188,92.5709457397461,54.4422607421875
2017-03-29,72.90728759765625,20.835824966430664,119.33000183105469,84.90345001220703,31.84187889099121,84.5549545288086,124.34044647216797,203.7205352783203,93.12348937988281,54.5620002746582
2017-03-30,72.71163177490234,20.5084171295166,118.47000122070312,84.66242980957031,31.976993560791016,84.36693572998047,124.54727935791016,204.36924743652344,92.37139129638672,55.67959213256836
2017-03-31,72.43504333496094,20.74488067626953,118.72000122070312,84.83113861083984,31.856887817382812,84.12626647949219,124.46267700195312,203.8936004638672,92.63997650146484,54.55535888671875
2017-04-03,72.72512817382812,21.099573135375977,119.3499984741211,85.24871063232422,31.834369659423828,84.12626647949219,124.38742065429688,203.53887939453125,93.57440185546875,54.59528350830078
2017-04-04,73.30531311035156,21.326942443847656,119.62000274658203,85.1280288696289,32.03704071044922,84.29173278808594,124.58489990234375,203.6686553955078,93.06680297851562,54.794830322265625
2017-04-05,73.2918472290039,21.354225158691406,119.62000274658203,85.28890991210938,31.954479217529297,84.18643188476562,124.0771713256836,203.06320190429688,93.3514175415039,54.90125274658203
2017-04-06,73.7303237915039,21.381505966186523,119.18000030517578,85.23261260986328,32.02953338623047,83.91568756103516,124.14301300048828,203.6340789794922,93.21295928955078,55.220577239990234
2017-04-07,73.44022369384766,21.372411727905273,119.45999908447266,84.97515869140625,31.984498977661133,83.93824768066406,124.0771713256836,203.42645263671875,92.83611297607422,55.05427932739258
2017-04-10,73.8248062133789,21.508831024169922,119.45999908447266,85.1280288696289,32.044551849365234,84.24659729003906,124.12420654296875,203.54757690429688,93.26678466796875,55.30040740966797
2017-04-11,73.51445770263672,22.154552459716797,121.19000244140625,85.52230072021484,32.022029876708984,84.02848052978516,123.58828735351562,203.30543518066406,94.15122985839844,55.10749053955078
2017-04-12,73.51445770263672,22.345539093017578,122.0199966430664,85.787841796875,32.23221206665039,85.44237518310547,123.09000396728516,202.41453552246094,94.66653442382812,55.1939697265625
2017-04-13,71.57823944091797,22.318254470825195,122.5999984741211,86.04521942138672,32.11961364746094,84.74296569824219,122.60105895996094,201.09986877441406,94.95879364013672,54.34248733520508
2017-04-17,71.62548828125,22.25459098815918,122.23999786376953,85.90849304199219,32.32978820800781,85.22428131103516,123.61648559570312,202.88160705566406,94.66653442382812,54.269290924072266
2017-04-18,71.2948989868164,22.07270050048828,122.81999969482422,86.39930725097656,32.63755798339844,85.9462661743164,123.42841339111328,202.27613830566406,95.90473937988281,53.91673278808594
2017-04-19,70.31670379638672,21.272369384765625,121.7300033569336,86.17401885986328,32.44987869262695,85.44991302490234,123.62591552734375,201.9042205810547,95.38177490234375,53.544193267822266
2017-04-20,70.75519561767578,21.445167541503906,121.95999908447266,85.98091888427734,32.34480285644531,85.42733001708984,124.66007995605469,203.54757690429688,95.01258850097656,53.890106201171875
2017-04-21,70.76194763183594,21.47245216369629,122.30999755859375,86.02114868164062,32.32978820800781,85.3070297241211,124.63187408447266,202.89889526367188,95.01258850097656,53.67724609375
2017-04-24,71.46356964111328,21.099573135375977,121.4800033569336,85.8441390991211,32.4874153137207,85.97637176513672,126.13621520996094,205.13037109375,94.54347229003906,53.95664596557617
2017-04-25,72.00326538085938,20.208297729492188,120.25,85.40160369873047,32.35981369018555,85.85601806640625,127.04817962646484,206.32388305664062,93.40522766113281,54.36907958984375
2017-04-26,71.56476593017578,20.244674682617188,120.83999633789062,85.62688446044922,32.4573974609375,85.23180389404297,126.86954498291016,206.19418334960938,93.92051696777344,54.149574279785156
2017-04-27,71.15325927734375,19.835416793823242,120.38999938964844,85.68318939208984,32.28474426269531,84.71288299560547,127.631103515625,206.36721801757812,93.88978576660156,54.056427001953125
2017-04-28,71.98302459716797,20.217391967773438,120.7699966430664,85.77171325683594,32.389835357666016,85.1942138671875,127.85677337646484,205.91741943359375,94.097412109375,54.31587600708008
2017-05-01,71.45683288574219,19.726282119750977,119.66999816894531,85.58636474609375,32.44239807128906,84.44215393066406,128.99436950683594,206.43629455566406,93.31517791748047,54.58861541748047
2017-05-02,71.07904052734375,19.771753311157227,119.6500015258789,85.76367950439453,32.56999588012695,84.44964599609375,129.21066284179688,206.5142364501953,93.7929916381836,54.581939697265625
2017-05-03,71.99652862548828,19.562576293945312,117.9800033569336,85.58636474609375,32.51744842529297,84.07364654541016,128.79698181152344,206.2633514404297,93.8546371459961,55.01435089111328
2017-05-04,70.70799255371094,19.189695358276367,116.79000091552734,85.39301300048828,32.772674560546875,84.95354461669922,128.843994140625,206.50552368164062,93.39220428466797,54.30921936035156
2017-05-05,71.36911010742188,19.598957061767578,117.01000213623047,85.40907287597656,32.79519271850586,85.14907836914062,129.31402587890625,207.31854248046875,93.47702026367188,54.5620002746582
2017-05-08,71.96955108642578,19.589862823486328,116.75,85.19963073730469,32.9453125,85.14907836914062,129.59613037109375,207.28399658203125,92.96837615966797,55.14075469970703
2017-05-09,70.89014434814453,19.571672439575195,116.05000305175781,85.1029052734375,32.660072326660156,84.77304077148438,130.0474395751953,207.0936737060547,92.96063995361328,54.754905700683594
2017-05-10,71.84812927246094,19.944555282592773,116.04000091552734,85.0706558227539,32.705116271972656,84.86329650878906,130.12258911132812,207.46563720703125,92.85274505615234,55.00338363647461
2017-05-11,71.65245056152344,20.344717025756836,116.5,85.13511657714844,32.78016662597656,85.01371765136719,130.0191650390625,207.0417938232422,92.85274505615234,55.47342300415039
2017-05-12,71.48380279541016,20.663026809692383,116.83000183105469,85.57025909423828,32.72012710571289,84.91593170166016,130.31068420410156,206.69583129882812,93.55408477783203,55.433135986328125
2017-05-15,72.084228515625,20.73578643798828,117.13999938964844,85.51383209228516,32.82520294189453,85.6905746459961,130.72433471679688,207.8375244140625,93.29977416992188,55.60102844238281
2017-05-16,72.35409545898438,20.881301879882812,117.6500015258789,85.62670135498047,32.9152946472168,85.5777816772461,131.26962280273438,207.64718627929688,93.6465835571289,55.433135986328125
2017-05-17,71.352294921875,21.254182815551758,119.79000091552734,86.31158447265625,32.975337982177734,85.54015350341797,127.93195343017578,203.9627227783203,95.01070404052734,55.05708312988281
2017-05-18,71.672607421875,20.599367141723633,118.80999755859375,86.2874984741211,32.877750396728516,85.75826263427734,129.0508270263672,204.784423828125,95.1185531616211,54.89591979980469
2017-05-19,72.59261322021484,20.790355682373047,119.4000015258789,86.26327514648438,32.95281219482422,85.50255584716797,129.59613037109375,206.11630249023438,95.34207153320312,55.016815185546875
2017-05-22,72.32000732421875,21.06319236755371,119.9000015258789,86.16658020019531,33.162986755371094,86.26215362548828,130.6867218017578,207.1628875732422,95.08002471923828,55.2585334777832
2017-05-23,72.42221069335938,20.590272903442383,119.13999938964844,85.94094848632812,33.32063293457031,86.52535247802734,130.818359375,207.62130737304688,94.44032287597656,55.45326614379883
2017-05-24,72.3881607055664,20.890398025512695,119.61000061035156,86.11823272705078,33.801029205322266,87.28495788574219,131.42007446289062,208.10565185546875,94.97215270996094,55.2585334777832
2017-05-25,71.63170623779297,20.653934478759766,119.4800033569336,86.16658020019531,34.086280822753906,88.39048767089844,132.5389404296875,209.10025024414062,95.00299072265625,54.89591979980469
2017-05-26,71.36591339111328,20.86311149597168,120.54000091552734,86.22297668457031,34.07126998901367,88.67625427246094,132.77391052246094,209.0570526123047,95.16482543945312,54.761619567871094
2017-05-30,70.91613006591797,20.5447998046875,120.13999938964844,86.44056701660156,34.101287841796875,88.75148010253906,132.88677978515625,208.8754425048828,95.63495635986328,54.45945358276367
2017-05-31,70.52085876464844,20.635746002197266,120.62000274658203,86.4808578491211,34.131324768066406,88.497802734375,132.8397674560547,208.823486328125,95.87387084960938,54.056549072265625
2017-06-01,71.05925750732422,20.553897857666016,120.72000122070312,86.43560028076172,34.37152099609375,88.77041625976562,133.35693359375,210.48411560058594,95.88386535644531,54.19085693359375
2017-06-02,70.26873779296875,20.69940757751465,121.61000061035156,86.81494140625,34.44658279418945,89.1036148071289,134.8800048828125,211.18470764160156,97.01923370361328,53.385032653808594
2017-06-05,70.3232421875,20.681222915649414,121.7300033569336,86.6697006225586,34.52164840698242,89.26260375976562,134.85177612304688,211.0290069580078,96.4167709350586,53.80137252807617
2017-06-06,70.99109649658203,21.645248413085938,123.0999984741211,86.94409942626953,34.514137268066406,89.12633514404297,134.3158416748047,210.3543701171875,96.94197082519531,54.5333137512207
2017-06-07,70.7184829711914,21.508831024169922,122.44999694824219,86.78267669677734,34.16133499145508,88.63410186767578,134.8424072265625,210.74362182617188,96.47856903076172,54.331878662109375
2017-06-08,70.875244140625,21.117761611938477,121.6500015258789,86.64546203613281,33.876102447509766,87.75570678710938,134.98345947265625,210.84738159179688,96.2237319946289,54.13711929321289
2017-06-09,72.5108413696289,20.763071060180664,120.54000091552734,86.56482696533203,34.01872253417969,87.79358673095703,131.60813903808594,210.52737426757812,96.07699584960938,55.151100158691406
2017-06-12,73.62844848632812,20.681222915649414,120.36000061035156,86.54862213134766,34.02621841430664,88.01318359375,130.9029541015625,210.48411560058594,96.04609680175781,55.68832015991211
2017-06-13,73.68978881835938,20.890398025512695,120.4800033569336,86.58090209960938,34.07919692993164,88.08132934570312,131.96539306640625,211.51339721679688,96.0615234375,55.708465576171875
2017-06-14,72.64712524414062,20.208297729492188,119.81999969482422,87.03288269042969,34.28353500366211,88.87644958496094,131.39186096191406,211.24526977539062,97.54438018798828,55.11082077026367
2017-06-15,72.46311950683594,20.09916114807129,119.31999969482422,86.87953186035156,34.245704650878906,88.7552719116211,130.8090057373047,210.8387451171875,97.38990783691406,55.23842239379883
2017-06-16,73.83973693847656,20.06278419494629,119.33999633789062,86.927978515625,34.29111099243164,88.490234375,130.24147033691406,210.88482666015625,97.58302307128906,56.06434631347656
2017-06-19,73.23321533203125,19.944555282592773,118.43000030517578,86.68586730957031,34.34408187866211,88.81586456298828,132.41920471191406,212.64048767089844,97.4439697265625,55.574153900146484
2017-06-20,72.56534576416016,19.826322555541992,118.18000030517578,86.90375518798828,34.518157958984375,89.31559753417969,131.3821563720703,211.20639038085938,98.31671142578125,55.2719841003418
2017-06-21,71.20916748046875,20.108259201049805,118.5199966430664,86.89566802978516,34.222999572753906,88.91429901123047,132.6831817626953,211.1542510986328,98.51752471923828,54.68776321411133
2017-06-22,71.1819076538086,20.335622787475586,118.91999816894531,86.9764175415039,34.10947036743164,87.95258331298828,132.64547729492188,211.0586395263672,98.7337646484375,54.44602966308594
2017-06-23,71.55670928955078,20.681222915649414,119.43000030517578,87.00056457519531,34.245704650878906,88.56597900390625,133.15460205078125,211.31068420410156,98.68743133544922,54.801918029785156
2017-06-26,70.97065734863281,20.51751708984375,118.36000061035156,87.07318878173828,34.38193130493164,88.6871109008789,132.53225708007812,211.44972229003906,99.05814361572266,54.55345916748047
2017-06-27,70.92294311523438,20.244674682617188,118.80999755859375,86.64546203613281,34.09434127807617,87.79358673095703,130.12832641601562,209.74623107910156,98.00003814697266,54.466163635253906
2017-06-28,71.06607055664062,20.39928436279297,118.9000015258789,86.56482696533203,34.298683166503906,88.12677001953125,132.00439453125,211.62355041503906,97.67566680908203,54.74820327758789
2017-06-29,70.95702362060547,19.962743759155273,118.31999969482422,86.24195861816406,33.9278450012207,87.21807861328125,129.71351623535156,209.763671875,96.85698699951172,54.19085693359375
2017-06-30,71.10013580322266,20.08097267150879,118.0199966430664,86.04021453857422,33.94296646118164,87.45281219482422,129.7606201171875,210.1547393798828,96.633056640625,54.21097946166992
2017-07-03,72.44269561767578,19.535295486450195,116.08999633789062,85.72416687011719,33.874855041503906,87.41496276855469,128.39361572265625,210.5111083984375,96.32192993164062,55.13095474243164
2017-07-05,71.29774475097656,19.789945602416992,116.5199966430664,85.788818359375,33.92026901245117,87.30895233154297,129.65689086914062,210.99781799316406,96.34513854980469,54.29156494140625
2017-07-06,70.7525634765625,19.544389724731445,116.47000122070312,85.62720489501953,33.60240936279297,87.18022155761719,128.4879150390625,209.06834411621094,95.5479965209961,53.80137252807617
2017-07-07,70.52767181396484,19.28973960876465,115.27999877929688,85.48977661132812,33.59484100341797,87.46796417236328,129.87376403808594,210.42422485351562,94.97530364990234,53.86851501464844
2017-07-10,70.22103118896484,19.562576293945312,115.47000122070312,85.6029052734375,33.587276458740234,86.52900695800781,130.72218322753906,210.650146484375,95.11466217041016,53.82822799682617
2017-07-11,70.27554321289062,19.680805206298828,115.62000274658203,85.716064453125,33.5494270324707,86.12767028808594,131.08993530273438,210.4937286376953,95.27713775634766,54.12370300292969
2017-07-12,70.8002700805664,19.771753311157227,116.02999877929688,85.96662902832031,33.68565368652344,86.9076156616211,132.64547729492188,212.07546997070312,95.93492126464844,54.36544418334961
2017-07-13,70.96383666992188,19.553482055664062,115.81999969482422,85.87773132324219,33.6251106262207,86.33967590332031,132.9376983642578,212.43182373046875,95.331298828125,54.37214660644531
2017-07-14,71.17508697509766,19.826322555541992,116.7699966430664,85.99897766113281,33.8143196105957,87.02877807617188,133.984130859375,213.4226531982422,95.44743347167969,54.580318450927734
2017-07-17,71.01836395263672,19.99002456665039,117.29000091552734,86.10405731201172,33.8521614074707,87.02877807617188,134.05014038085938,213.3966064453125,95.71053314208984,54.298282623291016
2017-07-18,70.68441009521484,20.13553810119629,118.11000061035156,86.41925048828125,33.8067512512207,87.0893783569336,134.9457550048828,213.5095977783203,96.54634094238281,54.12370300292969
2017-07-19,71.18873596191406,20.171920776367188,118.08000183105469,86.41925048828125,33.9278450012207,87.3392562866211,135.73768615722656,214.66554260253906,96.5850601196289,54.29156494140625
2017-07-20,71.3045883178711,20.29924201965332,118.23999786376953,86.44351196289062,33.92026901245117,87.46796417236328,135.9167938232422,214.76109313964844,96.86365509033203,54.298282623291016
2017-07-21,70.36412811279297,20.38109588623047,119.26000213623047,86.59710693359375,34.07919692993164,88.31608581542969,135.86024475097656,214.5698699951172,97.27383422851562,53.80137252807617
2017-07-24,70.3300552368164,20.053688049316406,119.30999755859375,86.54051208496094,33.93539047241211,87.93744659423828,136.4824676513672,214.51783752441406,96.89464569091797,53.63349914550781
2017-07-25,71.14100646972656,20.253772735595703,118.91999816894531,86.0555191040039,34.23813247680664,88.17975616455078,136.1336669921875,215.0392303466797,95.63314056396484,53.9020881652832
2017-07-26,71.63854217529297,20.77216339111328,119.87999725341797,86.33032989501953,34.61653518676758,88.74011993408203,136.5767364501953,215.04788208007812,95.78791809082031,53.96925354003906
2017-07-27,72.31317901611328,20.526611328125,119.79000091552734,86.19293212890625,34.90411376953125,88.85372161865234,135.71881103515625,214.84800720214844,95.31587219238281,54.27814483642578
2017-07-28,73.6829833984375,20.835824966430664,120.69000244140625,86.33843231201172,34.82087707519531,88.3009262084961,135.60565185546875,214.59600830078125,95.88079071044922,53.45216751098633
2017-07-31,74.41217803955078,20.790355682373047,120.75,86.36270904541016,34.69222640991211,88.3009262084961,135.0306396484375,214.4742889404297,95.99687194824219,53.74765396118164
2017-08-01,75.49578857421875,20.763071060180664,120.6500015258789,86.57723999023438,34.586265563964844,87.7784194946289,135.34170532226562,214.9523468017578,96.67090606689453,53.8349494934082
2017-08-02,75.27767944335938,20.70850372314453,120.4000015258789,86.49627685546875,34.50300979614258,87.54370880126953,135.7093505859375,215.05662536621094,96.72515869140625,54.12370300292969
2017-08-03,74.57577514648438,20.64484214782715,120.58999633789062,86.79580688476562,34.563560485839844,88.06617736816406,135.18153381347656,214.63941955566406,97.72571563720703,54.049827575683594
2017-08-04,75.03916931152344,20.29924201965332,119.6500015258789,86.56101989746094,34.434898376464844,88.11920166015625,135.4265899658203,215.03054809570312,96.89581298828125,53.86181640625
2017-08-07,74.81427764892578,20.19011116027832,119.51000213623047,86.60957336425781,34.54085922241211,88.56597900390625,136.28448486328125,215.43032836914062,97.00434875488281,53.82822799682617
2017-08-08,75.20272064208984,20.23558235168457,119.86000061035156,86.53673553466797,34.510581970214844,88.37666320800781,136.0487823486328,214.90016174316406,96.65538787841797,53.69392776489258
2017-08-09,75.57073974609375,20.553897857666016,121.30999755859375,86.64198303222656,34.50300979614258,88.31608581542969,135.86968994140625,214.89146423339844,97.18278503417969,53.86181640625
2017-08-10,75.03916931152344,20.99043846130371,122.20999908447266,86.96576690673828,34.61653518676758,88.12677001953125,132.95657348632812,211.85821533203125,98.01268005371094,53.54312515258789
2017-08-11,74.43944549560547,21.054100036621094,122.79000091552734,87.06295776367188,34.50300979614258,88.22521209716797,133.96530151367188,212.1710662841797,98.05921936035156,53.027862548828125
2017-08-14,74.0850830078125,20.763071060180664,121.91999816894531,86.8524169921875,34.66194152832031,89.23233032226562,135.69052124023438,214.27438354492188,97.55506896972656,53.041412353515625
2017-08-15,73.98966979980469,20.51751708984375,120.9800033569336,86.59333801269531,34.95710372924805,90.0879898071289,135.78480529785156,214.24835205078125,97.14399719238281,52.91257858276367
2017-08-16,73.54225158691406,20.99043846130371,121.87000274658203,86.75532531738281,34.96467590332031,90.18644714355469,136.0205078125,214.62205505371094,97.50078582763672,52.52610397338867
2017-08-17,72.90897369384766,20.944963455200195,122.48999786376953,87.06295776367188,34.70735549926758,89.6488037109375,133.23931884765625,211.27587890625,98.22985076904297,51.705711364746094
2017-08-18,73.29446411132812,20.85401725769043,122.30000305175781,87.07908630371094,34.563560485839844,89.05059051513672,133.1451416015625,210.9456787109375,98.20657348632812,51.96335983276367
2017-08-21,72.81258392333984,21.199613571166992,122.76000213623047,87.13579559326172,34.571136474609375,89.55037689208984,132.97544860839844,211.11080932617188,98.447021484375,51.78706359863281
2017-08-22,73.21183776855469,20.999530792236328,122.20999908447266,86.96576690673828,34.510581970214844,89.29290008544922,135.00230407714844,213.31837463378906,98.06698608398438,52.03116226196289
2017-08-23,73.3839340209961,21.154138565063477,122.66999816894531,87.26526641845703,34.46518325805664,88.81586456298828,134.5215301513672,212.5535125732422,98.73397827148438,51.94300842285156
2017-08-24,73.95526123046875,21.235990524291992,122.29000091552734,87.12774658203125,34.36679458618164,88.00560760498047,134.12551879882812,212.05813598632812,98.36943054199219,51.753177642822266
2017-08-25,74.4990463256836,21.29056167602539,122.73999786376953,87.27338409423828,34.48786926269531,87.72541809082031,133.8427734375,212.5535125732422,98.74949645996094,52.017601013183594
2017-08-28,74.17552947998047,22.06360626220703,124.69000244140625,87.35432434082031,34.37434387207031,87.49068450927734,134.25758361816406,212.56222534179688,98.68743133544922,51.84808349609375
2017-08-29,74.24434661865234,22.209117889404297,124.41999816894531,87.55672454833984,34.39705276489258,87.71786499023438,134.78549194335938,212.80557250976562,99.00544738769531,51.83452224731445
2017-08-30,74.15486145019531,21.972658157348633,124.36000061035156,87.48385620117188,34.351661682128906,87.8055419921875,136.3693389892578,213.81378173828125,98.97441864013672,51.59720993041992
2017-08-31,74.07914733886719,22.481956481933594,125.81999969482422,87.62147521972656,34.47274398803711,88.24781799316406,137.8306121826172,215.10008239746094,99.2691421508789,51.753177642822266
2017-09-01,74.86386108398438,22.536527633666992,126.05999755859375,87.3636703491211,34.64680099487305,88.33172607421875,137.64199829101562,215.40426635742188,98.50979614257812,51.91588592529297
2017-09-05,75.3319091796875,23.01854133605957,127.45999908447266,87.97174072265625,34.75275802612305,88.35457611083984,136.4070281982422,213.8572540283203,100.07198333740234,52.32947540283203
2017-09-06,76.94952392578125,22.663850784301758,126.80999755859375,87.76092529296875,34.783042907714844,88.72056579589844,136.8218231201172,214.5872802734375,99.45801544189453,53.414310455322266
2017-09-07,76.95640563964844,23.1822452545166,128.1300048828125,88.1419677734375,35.025211334228516,89.2086181640625,137.14236450195312,214.56121826171875,100.47613525390625,53.58381271362305
2017-09-08,76.2542953491211,22.954879760742188,127.97000122070312,88.07711029052734,35.04034423828125,87.72169494628906,135.95449829101562,214.3091278076172,100.25852966308594,53.44144058227539
2017-09-11,77.45201873779297,22.336444854736328,126.19000244140625,87.57447814941406,35.206844329833984,88.21733093261719,137.5194854736328,216.59498596191406,99.06163024902344,53.73298263549805
2017-09-12,77.43136596679688,22.43648910522461,126.55999755859375,87.3636703491211,35.358211517333984,87.69116973876953,137.8494415283203,217.32501220703125,98.5408935546875,53.90248107910156
2017-09-13,78.59467315673828,22.027225494384766,125.61000061035156,87.18533325195312,35.47172164916992,87.27178192138672,138.0380096435547,217.42935180664062,98.15232849121094,54.08555221557617
2017-09-14,78.780517578125,22.163646697998047,126.16000366210938,87.2015609741211,35.17422866821289,87.07352447509766,137.22723388671875,217.35983276367188,98.55646514892578,54.30251693725586
2017-09-15,78.90441131591797,21.94537353515625,125.52999877929688,87.30691528320312,35.227638244628906,87.57681274414062,137.69862365722656,217.65243530273438,98.59532928466797,54.28896713256836
2017-09-18,79.28987121582031,21.581586837768555,124.36000061035156,86.96646118164062,35.17422866821289,87.68352508544922,137.5181427001953,218.11532592773438,98.02796173095703,54.30251693725586
2017-09-19,80.08148956298828,21.69072723388672,124.62000274658203,86.869140625,35.07505798339844,87.30227661132812,137.75433349609375,218.33370971679688,97.78704833984375,54.390655517578125
2017-09-20,80.10213470458984,21.372411727905273,123.62000274658203,86.6988754272461,34.9224853515625,86.60836791992188,137.32919311523438,218.41233825683594,97.85696411132812,54.61440658569336
2017-09-21,80.17095947265625,21.108665466308594,122.68000030517578,86.58541107177734,34.63262176513672,86.01358032226562,136.4883270263672,217.82704162597656,97.80258178710938,54.16691207885742
2017-09-22,80.73538208007812,21.34512710571289,123.23999786376953,86.73939514160156,34.70127868652344,85.28921508789062,136.35606384277344,217.8708038330078,98.08235168457031,54.187259674072266
2017-09-25,81.21722412109375,21.672536849975586,124.52999877929688,86.99885559082031,34.85382843017578,85.35782623291016,134.91989135742188,217.42527770996094,98.69634246826172,54.90595245361328
2017-09-26,80.89370727539062,21.235990524291992,123.13999938964844,86.92588806152344,34.762290954589844,85.25868225097656,135.26942443847656,217.55633544921875,98.51758575439453,54.84492874145508
2017-09-27,80.84552764892578,20.908584594726562,121.9800033569336,86.47999572753906,34.05286407470703,84.71730041503906,136.4883270263672,218.40362548828125,97.03315734863281,55.21107864379883
2017-09-28,80.96255493164062,21.06319236755371,122.20999908447266,86.46375274658203,34.25883102416992,85.1290512084961,136.44110107421875,218.66563415527344,96.7455825805664,55.72634506225586
2017-09-29,80.87995147705078,20.881301879882812,121.58000183105469,86.35836791992188,34.33511734008789,84.96893310546875,137.4237060546875,219.43418884277344,96.96320343017578,55.583988189697266
2017-10-02,80.83179473876953,20.963153839111328,120.7699966430664,86.2601089477539,34.17490768432617,83.20746612548828,137.54649353027344,220.38624572753906,96.78563690185547,55.34667205810547
2017-10-03,81.1002197265625,21.17232894897461,120.83000183105469,86.38187408447266,34.472415924072266,83.21510314941406,137.8394012451172,220.85797119140625,96.87907409667969,55.434818267822266
2017-10-04,80.93502044677734,21.29965591430664,121.16999816894531,86.3575439453125,34.70889663696289,83.375244140625,137.97171020507812,221.11997985839844,96.88688659667969,55.45516586303711
2017-10-05,81.62332916259766,21.117761611938477,120.5199966430664,86.26825714111328,34.724151611328125,84.22164916992188,139.32278442382812,222.4300994873047,96.52082061767578,55.61109161376953
2017-10-06,80.55643463134766,21.454269409179688,121.08999633789062,86.16268157958984,34.70127868652344,84.18351745605469,139.51171875,222.17677307128906,96.24829864501953,55.40089797973633
2017-10-09,81.02449035644531,21.590681076049805,122.08000183105469,86.2601089477539,34.64025115966797,83.88616180419922,139.35107421875,221.80995178222656,96.55198669433594,55.61788558959961
2017-10-10,81.7748031616211,21.436073303222656,122.4000015258789,86.2926025390625,34.991146087646484,84.4732666015625,139.45506286621094,222.39515686035156,96.70774841308594,55.77384567260742
2017-10-11,82.1396255493164,21.645248413085938,122.79000091552734,86.39006042480469,35.16660690307617,85.02993774414062,139.87075805664062,222.74459838867188,96.89468383789062,56.004364013671875
2017-10-12,82.00881958007812,21.57249641418457,122.88999938964844,86.47119903564453,35.17422866821289,85.74669647216797,139.61566162109375,222.41268920898438,97.30741882324219,55.88908386230469
2017-10-13,82.02257537841797,21.681629180908203,123.81999969482422,86.76354217529297,35.227638244628906,85.87637329101562,140.15419006347656,222.68338012695312,98.00830078125,55.87553405761719
2017-10-16,82.6902847290039,21.33603286743164,122.97000122070312,86.61737060546875,35.56327438354492,86.60075378417969,140.6360321044922,222.98037719726562,97.93819427490234,56.146705627441406
2017-10-17,82.75223541259766,21.29965591430664,122.12999725341797,86.58489990234375,35.48698425292969,85.5484390258789,140.8155517578125,223.13758850097656,98.06283569335938,56.24844741821289
2017-10-18,81.3273696899414,21.217803955078125,121.66999816894531,86.36568450927734,35.39545440673828,85.3654556274414,140.64547729492188,223.3560028076172,97.41642761230469,56.11283493041992
2017-10-19,81.36178588867188,21.31784439086914,122.38999938964844,86.45498657226562,35.54037857055664,85.91447448730469,140.1258544921875,223.41709899902344,97.58775329589844,56.09926986694336
2017-10-20,81.66466522216797,21.126855850219727,121.61000061035156,86.09779357910156,35.38019561767578,85.10618591308594,140.50376892089844,224.57003784179688,96.55198669433594,56.35014343261719
2017-10-23,81.86426544189453,21.045005798339844,121.80000305175781,86.1789321899414,35.33442687988281,85.16719055175781,139.5872802734375,223.69654846191406,96.72332763671875,56.43827438354492
2017-10-24,82.0707778930664,20.87220573425293,121.33000183105469,85.91911315917969,35.227638244628906,84.45040893554688,139.823486328125,224.08969116210938,96.12370300292969,56.59422302246094
2017-10-25,81.52698516845703,20.763071060180664,121.3499984741211,85.7811279296875,35.12845993041992,83.931884765625,139.29443359375,222.98037719726562,95.66424560546875,56.390804290771484
2017-10-26,81.52698516845703,20.39928436279297,120.33000183105469,85.66741180419922,35.26576614379883,84.4351577758789,138.85035705566406,223.26866149902344,95.34489440917969,56.59422302246094
2017-10-27,78.15412902832031,20.526611328125,120.9000015258789,85.94346618652344,35.143707275390625,84.33602142333984,142.89414978027344,225.09410095214844,95.97566986083984,56.7569580078125
2017-10-30,78.73919677734375,20.69940757751465,121.12999725341797,86.2520751953125,34.9835205078125,83.61162567138672,143.21539306640625,224.25558471679688,96.89468383789062,56.641685485839844
2017-10-31,79.7717056274414,20.44475746154785,120.66999816894531,86.19518280029297,35.07505798339844,84.05390930175781,143.75396728515625,224.6049346923828,96.92584991455078,56.512874603271484
2017-11-01,79.77860260009766,20.44475746154785,121.11000061035156,86.24720001220703,34.937740325927734,83.9776382446289,143.70672607421875,224.90194702148438,97.357421875,56.86541748046875
2017-11-02,79.38623809814453,20.535703659057617,121.19000244140625,86.36106872558594,34.998775482177734,83.9166488647461,143.43270874023438,224.98931884765625,97.78662872314453,56.63490676879883
2017-11-03,79.15221405029297,20.39928436279297,120.62000274658203,86.49933624267578,35.06743240356445,84.04627990722656,144.81211853027344,225.740478515625,98.05194854736328,56.3975944519043
2017-11-06,80.56329345703125,20.835824966430664,121.6500015258789,86.60501098632812,34.68601608276367,83.31424713134766,145.30343627929688,226.08985900878906,98.41877746582031,56.7840576171875
2017-11-07,80.70098114013672,20.6721248626709,121.20999908447266,86.63753509521484,35.0445442199707,84.23690795898438,145.38848876953125,225.93263244628906,98.83241271972656,56.66880798339844
2017-11-08,80.3086166381836,20.817636489868164,121.62999725341797,86.53182220458984,35.227638244628906,85.40359497070312,145.97427368164062,226.31692504882812,98.61384582519531,56.59422302246094
2017-11-09,80.70098114013672,20.74488067626953,122.12999725341797,86.49933624267578,35.26576614379883,85.00706481933594,145.20901489257812,225.4959259033203,98.33290100097656,56.93323516845703
2017-11-10,80.65967559814453,20.48114013671875,121.12999725341797,86.06019592285156,35.50224304199219,85.9754638671875,145.1995086669922,225.4260711669922,96.8501205444336,56.755313873291016
2017-11-13,80.69409942626953,20.51751708984375,121.30999755859375,86.01953125,35.639556884765625,86.95914459228516,145.37905883789062,225.6356201171875,97.0530014038086,56.72111511230469
2017-11-14,80.480712890625,20.5447998046875,121.55999755859375,86.14151000976562,36.18115997314453,88.27069091796875,144.84996032714844,225.11160278320312,97.70858764648438,56.27632141113281
2017-11-15,80.15719604492188,20.599367141723633,121.41000366210938,86.45050048828125,35.708213806152344,87.76741790771484,144.16966247558594,223.98486328125,98.76995086669922,55.57148742675781
2017-11-16,79.60136413574219,20.553897857666016,121.4000015258789,86.23097229003906,35.509857177734375,87.8665771484375,146.0120391845703,225.8889617919922,97.91146850585938,55.12668991088867
2017-11-17,79.69862365722656,20.726694107055664,122.86000061035156,86.34481048583984,34.86909484863281,87.44717407226562,145.45458984375,225.22511291503906,98.63729858398438,54.90771484375
2017-11-20,79.70557403564453,20.49932861328125,121.30999755859375,86.20658111572266,34.678382873535156,87.62255859375,145.3412628173828,225.60943603515625,98.5982437133789,55.11984634399414
2017-11-21,80.01823425292969,20.663026809692383,121.51000213623047,86.22283172607422,34.9224853515625,88.49185180664062,146.91912841796875,227.0855712890625,98.910400390625,55.33882522583008
2017-11-22,80.53238677978516,20.844921112060547,122.62999725341797,86.49933624267578,34.9682731628418,87.75215911865234,147.09860229492188,226.8846435546875,99.23035430908203,55.496212005615234
2017-11-24,80.9492416381836,20.763071060180664,122.31999969482422,86.42613220214844,34.998775482177734,88.37745666503906,147.6371307373047,227.40872192382812,98.95726013183594,55.71519470214844
2017-11-27,80.31004333496094,20.963153839111328,122.83000183105469,86.48303985595703,35.014034271240234,88.33930969238281,147.57101440429688,227.295166015625,98.81680297851562,55.503055572509766
2017-11-28,80.90755462646484,20.85401725769043,122.80999755859375,86.49933624267578,34.960636138916016,89.04086303710938,147.9488983154297,229.60108947753906,98.94941711425781,55.886253356933594
2017-11-29,81.41474914550781,20.462947845458984,122.04000091552734,86.22283172607422,34.70889663696289,89.09423828125,145.3695831298828,229.46131896972656,97.97388458251953,56.29684829711914
2017-11-30,82.67229461669922,20.4356632232666,121.0999984741211,85.95448303222656,35.20112228393555,89.46662902832031,146.58839416503906,231.47024536132812,97.6461410522461,56.99482345581055
2017-12-01,83.03361511230469,20.45384979248047,121.58999633789062,86.27210998535156,35.35494613647461,89.666259765625,145.96487426757812,230.9898223876953,98.96385955810547,57.11113739013672
2017-12-04,83.95764923095703,20.19011116027832,121.18000030517578,86.23139953613281,35.554893493652344,90.18836975097656,144.28302001953125,230.71029663085938,99.01075744628906,57.18642807006836
2017-12-05,83.6449966430664,19.980928421020508,120.31999969482422,86.29651641845703,35.57797622680664,90.28819274902344,144.3775177001953,229.88052368164062,99.50343322753906,56.72111511230469
2017-12-06,83.10306549072266,19.726282119750977,120.06999969482422,86.4757080078125,35.724098205566406,91.29402923583984,145.02943420410156,229.9242401123047,99.84750366210938,56.30369567871094
2017-12-07,83.11695861816406,19.626239776611328,118.48999786376953,86.3209457397461,35.208805084228516,89.62785339355469,145.52078247070312,230.6492462158203,99.06549835205078,56.48843765258789
2017-12-08,83.3184814453125,19.717187881469727,118.4800033569336,86.25582885742188,34.847328186035156,89.5050277709961,146.1632537841797,231.9069366455078,99.07331085205078,56.563716888427734
2017-12-11,83.66584777832031,19.562576293945312,118.01000213623047,86.19882202148438,34.86271667480469,90.1346435546875,147.2969970703125,232.60568237304688,98.8699951171875,56.81690216064453
2017-12-12,83.15171813964844,19.480728149414062,118.1500015258789,86.1255111694336,34.83195495605469,90.14230346679688,147.09860229492188,233.01625061035156,98.83090209960938,56.632137298583984
2017-12-13,83.32539367675781,20.153732299804688,119.16999816894531,86.4757080078125,35.30110549926758,90.44945526123047,147.382080078125,232.99002075195312,99.5738296508789,56.87848663330078
2017-12-14,83.04750061035156,20.07187843322754,118.93000030517578,86.4431381225586,35.40107727050781,90.61833953857422,147.27810668945312,232.03797912597656,99.99608612060547,56.72795104980469
2017-12-15,83.18643951416016,19.999120712280273,119.18000030517578,86.4268569946289,35.52413558959961,91.53973388671875,148.9504852294922,233.9702606201172,100.37144470214844,56.81690216064453
2017-12-18,83.16560363769531,20.316335678100586,119.7300033569336,86.23139953613281,35.324180603027344,90.64141082763672,150.19924926757812,235.4539337158203,99.4565200805664,56.755313873291016
2017-12-19,83.26287078857422,20.28883171081543,119.81999969482422,85.84046173095703,35.47799301147461,91.07138061523438,149.30921936035156,234.5496826171875,98.16621398925781,56.41316223144531
2017-12-20,83.99238586425781,20.6280460357666,120.13999938964844,85.58796691894531,35.43953323364258,91.38616180419922,149.1483612060547,234.42672729492188,97.07917022705078,56.70741653442383
2017-12-21,86.72289276123047,20.74723243713379,120.30999755859375,85.64834594726562,35.070369720458984,90.80266571044922,149.16720581054688,234.90963745117188,97.64503479003906,57.37800979614258
2017-12-22,86.83406066894531,20.985599517822266,120.94000244140625,85.68094635009766,35.06268310546875,91.06369018554688,148.99684143066406,234.84817504882812,97.77821350097656,57.46013641357422
2017-12-26,87.52885437011719,21.26980972290039,121.7699966430664,85.71358489990234,35.231876373291016,91.28636169433594,148.1920928955078,234.5671844482422,98.06816101074219,57.466957092285156
2017-12-27,87.2300796508789,21.23313331604004,122.2300033569336,86.0806884765625,35.324180603027344,91.6011734008789,148.2109832763672,234.6813201904297,99.3455581665039,57.41223907470703
2017-12-28,87.25092315673828,21.26980972290039,122.8499984741211,85.97461700439453,35.16265869140625,91.63956451416016,148.39089965820312,235.1641845703125,99.2593765258789,57.494361877441406
2017-12-29,86.9799575805664,21.30648422241211,123.6500015258789,86.11328125,35.28572082519531,92.07722473144531,147.47251892089844,234.2774658203125,99.41609954833984,57.23432159423828
2018-01-02,88.64048767089844,21.838224411010742,125.1500015258789,85.82779693603516,35.02421951293945,90.64905548095703,150.0572052001953,235.95425415039062,98.34249114990234,58.18549346923828
2018-01-03,89.28663635253906,21.609024047851562,124.81999969482422,85.91752624511719,34.94731903076172,90.4110336303711,151.5153350830078,237.4467315673828,98.8126449584961,59.32825469970703
2018-01-04,89.00871276855469,21.746543884277344,125.45999908447266,85.87674713134766,35.43953323364258,90.85637664794922,151.78041076660156,238.44754028320312,98.79695129394531,59.410362243652344
2018-01-05,88.86282348632812,21.700706481933594,125.33000183105469,85.77068328857422,35.431846618652344,91.11744689941406,153.3047332763672,240.03659057617188,98.51486206054688,59.362464904785156
2018-01-08,89.30054473876953,21.471506118774414,125.30999755859375,85.72991943359375,35.377994537353516,90.59530639648438,153.90118408203125,240.4754638671875,98.45215606689453,59.62934494018555
2018-01-09,88.82115173339844,21.18729591369629,124.7300033569336,85.3220443725586,35.554893493652344,90.6644287109375,153.9106903076172,241.01980590820312,97.13558197021484,59.37614822387695
2018-01-10,89.390869140625,21.315650939941406,125.02999877929688,85.29762268066406,35.431846618652344,90.20372772216797,153.5509033203125,240.65113830566406,97.0180435180664,58.90400695800781
2018-01-11,92.10748291015625,21.43483543395996,125.44000244140625,85.35468292236328,35.408775329589844,89.74304962158203,154.60182189941406,242.40679931640625,97.41771697998047,59.485652923583984
2018-01-12,92.8230972290039,22.012418746948242,126.95999908447266,85.29762268066406,35.49337387084961,90.126953125,155.73805236816406,243.9871368408203,97.58226013183594,59.889381408691406
2018-01-16,91.71836853027344,22.34246826171875,127.16999816894531,85.33839416503906,35.78562545776367,90.4955062866211,155.2930145263672,243.15306091308594,97.98983764648438,59.51300811767578
2018-01-17,91.96153259277344,21.948244094848633,126.13999938964844,85.15077209472656,36.00865173339844,91.50904083251953,156.9687957763672,245.47073364257812,97.85658264160156,60.21784591674805
2018-01-18,91.42658996582031,21.64569854736328,125.86000061035156,84.881591796875,36.05479049682617,91.40921020507812,156.99725341796875,245.05824279785156,96.94754028320312,59.82780456542969
2018-01-19,91.22509002685547,21.682369232177734,126.41999816894531,84.66136932373047,36.270145416259766,92.2691650390625,157.48956298828125,246.17315673828125,96.43814849853516,59.63618850708008
2018-01-22,92.10051727294922,21.737377166748047,126.6500015258789,84.62869262695312,36.43935012817383,93.29806518554688,159.17489624023438,248.1747283935547,96.53219604492188,60.388916015625
2018-01-23,91.03054809570312,22.094932556152344,127.27999877929688,84.8734359741211,36.49317932128906,93.1368179321289,160.49090576171875,248.70143127441406,96.94754028320312,60.42312240600586
2018-01-24,91.28762817382812,22.553333282470703,128.8300018310547,84.71028900146484,36.785430908203125,93.01396179199219,159.44944763183594,248.60487365722656,96.42243957519531,60.580509185791016
2018-01-25,90.77346801757812,22.122432708740234,127.97000122070312,84.89791107177734,36.79312515258789,92.8296890258789,159.39260864257812,248.710205078125,97.21400451660156,60.471031188964844
2018-01-26,91.14866638183594,22.32413101196289,128.07000732421875,84.64501953125,37.32379150390625,93.4900131225586,161.83534240722656,251.58963012695312,96.85347747802734,60.90214538574219
2018-01-29,89.26580047607422,21.70987319946289,127.3499984741211,84.43297576904297,36.685455322265625,91.88525390625,161.04949951171875,249.92173767089844,96.1795654296875,60.22469711303711
2018-01-30,87.00774383544922,21.49901008605957,126.80000305175781,84.23716735839844,36.462425231933594,92.05419158935547,159.7239990234375,247.35830688476562,95.61532592773438,59.38301086425781
2018-01-31,87.09112548828125,21.774049758911133,127.6500015258789,84.26167297363281,36.600852966308594,92.36900329589844,160.38674926757812,247.4811553955078,96.1795654296875,59.73884963989258
2018-02-01,87.24398040771484,21.728208541870117,128.07000732421875,83.82698822021484,36.49317932128906,92.36900329589844,159.02342224121094,247.20018005371094,94.78561401367188,60.95001983642578
2018-02-02,82.3874282836914,21.003936767578125,126.38999938964844,83.51651000976562,35.9394416809082,91.11744689941406,155.85159301757812,241.81871032714844,93.90609741210938,57.84335708618164
2018-02-05,78.24654388427734,20.820575714111328,126.70999908447266,84.20283508300781,34.52432632446289,87.88489532470703,149.70697021484375,231.7052459716797,94.79348754882812,54.55188751220703
2018-02-06,81.41474914550781,20.270496368408203,125.37999725341797,83.83517456054688,34.3551139831543,87.1938705444336,153.6739959716797,236.27035522460938,94.20451354980469,53.614402770996094
2018-02-07,80.10160827636719,19.986284255981445,124.79000091552734,83.59004974365234,34.2705192565918,87.14781188964844,151.6857452392578,234.9886016845703,93.30926513671875,52.64954376220703
2018-02-08,78.02420806884766,19.87626838684082,124.9800033569336,83.66358947753906,33.14765167236328,84.57559967041016,145.285400390625,226.17453002929688,93.2071304321289,52.05421829223633
2018-02-09,78.85794830322266,19.87626838684082,124.7699966430664,83.51651000976562,33.17072677612305,85.36647033691406,147.79437255859375,229.57191467285156,92.61820983886719,52.386043548583984
2018-02-12,79.19143676757812,20.142141342163086,125.37000274658203,83.49200439453125,33.81675338745117,85.94233703613281,150.4170379638672,232.94317626953125,93.02655792236328,52.828453063964844
2018-02-13,78.71205139160156,20.169647216796875,126.08000183105469,83.63091278076172,33.985965728759766,86.10356903076172,151.19337463378906,233.52244567871094,93.44275665283203,52.745506286621094
2018-02-14,78.94827270507812,21.09561538696289,128.22999572753906,83.12435150146484,33.91674041748047,83.77706146240234,154.0242919921875,236.67417907714844,92.4061508178711,52.856109619140625
2018-02-15,78.96232604980469,21.077280044555664,128.3800048828125,83.14884948730469,34.43971633911133,85.20523071289062,156.8835906982422,239.6941680908203,92.72029876708984,52.683284759521484
2018-02-16,78.68865203857422,20.637216567993164,127.95999908447266,83.34494018554688,34.59354019165039,85.2742919921875,156.18299865722656,239.76441955566406,93.2228775024414,52.91142654418945
2018-02-20,77.87467193603516,20.05046272277832,126.23999786376953,83.25505065917969,33.83214569091797,84.06114959716797,156.49545288085938,238.26316833496094,92.81449890136719,52.365299224853516
2018-02-21,76.52742004394531,19.97711753845215,125.66000366210938,83.00994873046875,33.33222961425781,82.92476654052734,156.0504608154297,237.07803344726562,91.67587280273438,51.77079391479492
2018-02-22,77.10982513427734,19.922109603881836,126.30000305175781,83.12435150146484,33.47067642211914,83.89225006103516,156.031494140625,237.38525390625,91.95071411132812,52.44135284423828
2018-02-23,79.00440216064453,20.142141342163086,126.13999938964844,83.44294738769531,33.87058639526367,84.21471405029297,159.2222442626953,241.1690216064453,92.7674560546875,53.595802307128906
2018-02-26,80.41481018066406,20.334671020507812,126.44999694824219,83.541015625,33.86288833618164,85.18215942382812,161.33351135253906,243.96954345703125,92.79882049560547,54.50138854980469
2018-02-27,79.72015380859375,19.702077865600586,125.12999725341797,83.27957153320312,33.547576904296875,85.14380645751953,159.33578491210938,240.92320251464844,92.66534423828125,53.57508087158203
2018-02-28,78.53426361083984,19.5737247467041,125.0,83.47564697265625,33.23995590209961,84.25310516357422,158.31329345703125,238.48260498046875,93.2542953491211,52.358375549316406
2018-03-01,78.61848449707031,19.775423049926758,124.72000122070312,83.83491516113281,33.401466369628906,83.63045501708984,155.72853088378906,235.014892578125,93.89087677001953,51.98509216308594
2018-03-02,78.33779907226562,19.702077865600586,125.38999938964844,83.52393341064453,33.624488830566406,84.34207916259766,157.15818786621094,236.22645568847656,93.1275863647461,52.22703552246094
2018-03-05,79.39735412597656,19.848766326904297,125.18000030517578,83.4176025390625,33.75523376464844,84.64371490478516,158.9003143310547,238.95675659179688,92.87580108642578,52.724769592285156
2018-03-06,79.74821472167969,20.178815841674805,126.52999877929688,83.40939331054688,33.78599166870117,84.75973510742188,159.57252502441406,239.56248474121094,92.96240234375,52.662567138671875
2018-03-07,79.88153076171875,19.775423049926758,125.72000122070312,83.40939331054688,33.70140075683594,84.96085357666016,159.9417266845703,239.47476196289062,92.86006927490234,51.335269927978516
2018-03-08,79.5376968383789,19.848766326904297,125.41999816894531,83.58122253417969,34.18592834472656,86.6934814453125,160.822265625,240.63351440429688,93.39514923095703,51.23849105834961
2018-03-09,82.25328063964844,19.775423049926758,125.54000091552734,83.40120697021484,34.47047805786133,87.04932403564453,163.94668579101562,244.82110595703125,92.78136444091797,51.542659759521484
2018-03-12,81.95153045654297,19.949613571166992,125.54000091552734,83.59761047363281,34.247432708740234,87.21172332763672,164.8177490234375,244.5138397216797,93.31645965576172,52.01274108886719
2018-03-13,81.7199935913086,19.867101669311523,125.77999877929688,83.7366943359375,34.2782096862793,87.86920928955078,162.5738067626953,242.9336395263672,93.78860473632812,51.52191162109375
2018-03-14,80.78671264648438,19.922109603881836,125.69999694824219,83.9003677368164,33.967857360839844,87.10346221923828,162.54541015625,241.6870574951172,94.61479949951172,50.87902069091797
2018-03-15,81.10248565673828,19.665407180786133,124.9000015258789,83.86760711669922,33.88251495361328,86.62387084960938,162.40341186523438,241.42369079589844,94.61479949951172,51.44586944580078
2018-03-16,80.9761962890625,19.647071838378906,124.5999984741211,83.76941680908203,33.719581604003906,86.35316467285156,161.92054748535156,241.6854248046875,94.27647399902344,51.929786682128906
2018-03-19,79.91661834716797,19.720413208007812,124.87000274658203,83.6875991821289,33.56440734863281,85.36309051513672,158.46580505371094,238.4153289794922,93.97745513916016,51.259220123291016
2018-03-20,80.34466552734375,19.500381469726562,124.30999755859375,83.52393341064453,33.486812591552734,85.00726318359375,158.9873809814453,238.82077026367188,93.5997314453125,51.148624420166016
2018-03-21,82.126953125,20.04129409790039,126.4800033569336,83.58122253417969,33.36268615722656,84.1100082397461,158.2950897216797,238.36244201660156,93.70207977294922,51.874488830566406
2018-03-22,79.78327941894531,19.711244583129883,125.9800033569336,83.92494201660156,33.17646408081055,83.49122619628906,154.38795471191406,232.40406799316406,94.63054656982422,50.80989074707031
2018-03-23,79.27806854248047,20.279664993286133,127.61000061035156,84.03947448730469,32.84283447265625,82.106689453125,150.31967163085938,227.45042419433594,94.55973815917969,50.38819122314453
2018-03-26,80.94110870361328,20.573040008544922,128.27999877929688,83.81034851074219,33.12215805053711,82.6171646118164,155.90525817871094,233.6732940673828,94.19778442382812,51.15553665161133
2018-03-27,80.45691680908203,20.160480499267578,127.48999786376953,84.28497314453125,33.2773323059082,83.25916290283203,150.86019897460938,229.69813537597656,95.2049560546875,50.948143005371094
2018-03-28,78.66057586669922,19.857933044433594,125.7300033569336,84.2685775756836,33.61095428466797,84.45035552978516,149.12474060058594,229.01937866210938,95.45680236816406,50.3328971862793
2018-03-29,80.0218734741211,20.15131187438965,125.79000091552734,84.4404525756836,33.6963005065918,84.42713928222656,151.85595703125,231.9457244873047,95.92105865478516,51.577213287353516
2018-04-02,78.7587890625,20.380510330200195,127.26000213623047,84.52649688720703,33.10663986206055,82.80281829833984,147.47467041015625,226.9392547607422,96.11029815673828,50.6163330078125
2018-04-03,80.57621002197266,20.08713150024414,126.30000305175781,84.25603485107422,33.657508850097656,83.6845932006836,149.13424682617188,229.847900390625,95.36905670166016,51.86063766479492
2018-04-04,80.33062744140625,20.05046272277832,126.44999694824219,84.20681762695312,34.32476043701172,85.22383880615234,151.48609924316406,232.3070831298828,95.17190551757812,51.7569694519043
2018-04-05,82.30238342285156,20.142141342163086,125.80000305175781,83.99370574951172,34.44890213012695,85.52552795410156,152.34912109375,234.14048767089844,94.46219635009766,52.55195999145508
2018-04-06,80.527099609375,20.233821868896484,126.38999938964844,84.36257934570312,34.076480865478516,84.54317474365234,148.53683471679688,228.92247009277344,95.49526977539062,51.7569694519043
2018-04-09,81.3831787109375,20.15131187438965,126.81999969482422,84.37899017333984,34.006656646728516,84.60504150390625,149.57992553710938,230.05068969726562,95.65291595458984,51.7569694519043
2018-04-10,83.39706420898438,20.408016204833984,127.12000274658203,84.23141479492188,34.13080596923828,84.62052154541016,152.880126953125,233.7085418701172,95.4794692993164,53.27779769897461
2018-04-11,83.677734375,20.857250213623047,128.11000061035156,84.31340789794922,34.13080596923828,84.06361389160156,151.99818420410156,232.48338317871094,95.81853485107422,53.52666473388672
2018-04-12,83.6636962890625,20.600542068481445,126.62000274658203,84.01009368896484,34.16181182861328,83.77740478515625,153.82847595214844,234.3960418701172,95.11669921875,53.381500244140625
2018-04-13,84.14786529541016,20.985599517822266,127.44999694824219,84.08390045166016,34.53425216674805,84.51225280761719,153.0319061279297,233.7085418701172,95.33755493164062,53.81008529663086
2018-04-16,84.6951904296875,20.903087615966797,127.62999725341797,84.04287719726562,34.66615295410156,85.02273559570312,154.19830322265625,235.6300811767578,95.36905670166016,54.294002532958984
2018-04-17,85.22847747802734,21.022274017333984,127.75,84.09207153320312,34.821319580078125,84.21056365966797,157.5174560546875,238.1509246826172,95.62928771972656,54.14885711669922
2018-04-18,86.884521484375,21.068113327026367,127.8499984741211,83.76417541503906,34.53425216674805,82.74866485595703,157.83990478515625,238.32723999023438,94.86438751220703,54.764102935791016
2018-04-19,86.80731964111328,21.141456604003906,127.5999984741211,83.53471374511719,34.37907791137695,81.65803527832031,156.38897705078125,237.00509643554688,94.09156036376953,54.90232467651367
2018-04-20,85.82491302490234,20.820575714111328,126.62999725341797,83.25597381591797,33.93682861328125,79.26791381835938,153.9137725830078,234.99542236328125,93.4134292602539,54.61198425292969
2018-04-23,86.71607971191406,20.545536041259766,125.62000274658203,83.17401885986328,34.12302780151367,79.34529113769531,153.5250244140625,234.96014404296875,93.43708801269531,55.00602722167969
2018-04-24,85.98631286621094,20.81140899658203,126.2300033569336,83.07567596435547,33.41698455810547,78.46348571777344,150.27224731445312,231.79586791992188,93.01124572753906,54.162654876708984
2018-04-25,86.11262512207031,20.6280460357666,125.41000366210938,82.89533233642578,32.92042922973633,78.2391586303711,150.45242309570312,232.3688201904297,92.38825225830078,54.95763397216797
2018-04-26,87.16516876220703,20.710559844970703,124.97000122070312,83.133056640625,33.16870880126953,79.87126159667969,153.61984252929688,234.7310028076172,93.03490447998047,55.89779281616211
2018-04-27,88.84925842285156,20.838912963867188,125.5,83.27239227294922,33.60319137573242,78.6723403930664,153.71463012695312,234.95138549804688,93.75252532958984,53.775543212890625
2018-04-30,87.78968048095703,20.426353454589844,124.58999633789062,83.36255645751953,33.52561569213867,78.07674407958984,152.62403869628906,233.14451599121094,93.91806030273438,53.74789047241211
2018-05-01,87.6142578125,20.4538516998291,123.70999908447266,83.23194885253906,33.0445671081543,76.67671203613281,154.3690643310547,233.55873107910156,93.5798568725586,53.1948356628418
2018-05-02,88.05634307861328,20.518030166625977,123.6500015258789,83.2484130859375,32.63335418701172,75.20706176757812,153.45858764648438,231.98980712890625,93.47710418701172,53.091156005859375
2018-05-03,88.42121124267578,20.76556968688965,124.27999877929688,83.4619369506836,32.50145721435547,75.49327850341797,153.43963623046875,231.4785614013672,93.89596557617188,52.91142654418945
2018-05-04,88.08440399169922,20.76556968688965,124.54000091552734,83.47013092041016,32.86611557006836,76.56843566894531,156.35104370117188,234.4754180908203,94.0382308959961,53.160274505615234
2018-05-07,87.67042541503906,20.76556968688965,124.56999969482422,83.4290771484375,32.6954231262207,75.9805679321289,157.65025329589844,235.26864624023438,93.88804626464844,53.740970611572266
2018-05-08,88.81417846679688,20.793073654174805,124.58999633789062,83.28948211669922,32.439395904541016,74.86673736572266,157.48899841308594,235.26864624023438,93.80111694335938,53.9829216003418
2018-05-09,90.32280731201172,20.74723243713379,124.33000183105469,83.1005630493164,32.41611862182617,74.37946319580078,159.20550537109375,237.54266357421875,93.239990234375,55.25490188598633
2018-05-10,90.39301300048828,21.040607452392578,125.18000030517578,83.27304077148438,32.72646713256836,75.23799896240234,160.8555908203125,239.7639617919922,93.99081420898438,56.492286682128906
2018-05-11,91.10872650146484,20.976428985595703,125.0,83.28126525878906,32.6954231262207,75.3617935180664,160.70387268066406,240.49549865722656,94.22789001464844,56.75765609741211
2018-05-14,91.49464416503906,20.884750366210938,124.48999786376953,83.1005630493164,32.617828369140625,75.14520263671875,160.97889709472656,240.61007690429688,93.72997283935547,57.14171600341797
2018-05-15,91.03856658935547,20.408016204833984,122.4800033569336,82.64065551757812,32.36954879760742,74.8744888305664,159.19595336914062,238.95309448242188,92.66307067871094,57.11380386352539
2018-05-16,90.91227722167969,20.43552017211914,122.29000091552734,82.46823120117188,32.23766326904297,75.17613983154297,160.24862670898438,239.9578094482422,92.3074951171875,57.27439498901367
2018-05-17,91.6342544555664,20.343839645385742,122.36000061035156,82.4189682006836,32.819557189941406,75.74077606201172,159.63226318359375,239.75509643554688,91.84117889404297,57.1766242980957
2018-05-18,90.50169372558594,20.343839645385742,122.41000366210938,82.7392349243164,32.72646713256836,75.42365264892578,158.80718994140625,239.15570068359375,92.63143920898438,56.771629333496094
2018-05-21,91.5705337524414,20.472192764282227,122.4800033569336,82.79669952392578,32.904903411865234,76.97064208984375,159.69863891601562,240.9537811279297,92.67889404296875,57.455963134765625
2018-05-22,90.76360321044922,20.28883171081543,122.41000366210938,82.7638931274414,32.78076934814453,77.29550170898438,159.49002075195312,240.283935546875,92.53663635253906,57.009056091308594
2018-05-23,91.09628295898438,20.481361389160156,122.54000091552734,83.14163970947266,32.89714050292969,77.69770050048828,160.83665466308594,240.9450225830078,93.20843505859375,57.365177154541016
2018-05-24,89.61693572998047,20.76556968688965,123.58999633789062,83.35515594482422,32.835079193115234,77.48889923095703,160.78921508789062,240.45143127441406,93.95128631591797,56.0523681640625
2018-05-25,86.48839569091797,20.4538516998291,123.20999908447266,83.68364715576172,32.89714050292969,77.58944702148438,160.95037841796875,239.87852478027344,94.53611755371094,54.963035583496094
2018-05-29,85.92214965820312,20.307167053222656,123.19000244140625,84.5870132446289,33.11439895629883,78.20050811767578,160.23919677734375,237.11962890625,96.60673522949219,54.76051330566406
2018-05-30,88.59060668945312,20.573040008544922,123.37000274658203,84.22566986083984,33.46354675292969,78.76516723632812,161.38665771484375,240.283935546875,95.95864868164062,56.911293029785156
2018-05-31,87.98188781738281,20.481361389160156,123.0999984741211,84.18460845947266,33.36268615722656,78.2562026977539,161.2823486328125,238.81201171875,95.80060577392578,56.7297248840332
2018-06-01,87.66336822509766,20.4538516998291,122.48999786376953,83.87358093261719,33.45578384399414,78.2562026977539,163.8144073486328,241.15663146972656,95.29441833496094,57.14171600341797
2018-06-04,86.5379409790039,20.426353454589844,122.37000274658203,83.57732391357422,33.74285125732422,78.15471649169922,165.29376220703125,242.3024444580078,94.6052474975586,56.541175842285156
2018-06-05,86.87059783935547,20.573040008544922,122.8499984741211,83.791259765625,33.44802474975586,78.2249755859375,165.80587768554688,242.47874450683594,94.82706451416016,56.338680267333984
2018-06-06,87.33069610595703,20.701391220092773,122.91999816894531,83.45388793945312,33.719581604003906,78.70893859863281,166.7731475830078,244.50596618652344,94.0586929321289,57.302337646484375
2018-06-07,89.86468505859375,20.58220672607422,122.86000061035156,83.80772399902344,33.70405578613281,78.966552734375,165.41700744628906,244.47950744628906,94.96965026855469,57.87494659423828
2018-06-08,89.4966049194336,20.49969482421875,123.01000213623047,83.69253540039062,34.09975051879883,80.00474548339844,165.426513671875,245.20230102539062,94.68446350097656,58.37771987915039
2018-06-11,90.28938293457031,20.673885345458984,123.2300033569336,83.61026000976562,34.239418029785156,80.56680297851562,165.8722381591797,245.52841186523438,94.51019287109375,58.028564453125
2018-06-12,89.94962310791016,20.618877410888672,122.81999969482422,83.5608901977539,34.4566535949707,81.55818939208984,166.74468994140625,245.845703125,94.5339584350586,57.553714752197266
2018-06-13,89.94253540039062,20.609710693359375,123.19000244140625,83.46217346191406,34.27820587158203,82.17487335205078,166.73524475097656,245.06121826171875,94.48641967773438,56.91827392578125
2018-06-14,89.54615783691406,20.774734497070312,123.37999725341797,83.7254409790039,34.113834381103516,82.06555938720703,168.4232635498047,245.67828369140625,95.27066040039062,57.18362808227539
2018-06-15,87.79783630371094,20.380510330200195,121.33999633789062,83.791259765625,34.536529541015625,84.00149536132812,167.83529663085938,245.3647918701172,95.3577880859375,56.324710845947266
2018-06-18,89.16394805908203,20.41718292236328,121.11000061035156,83.83244323730469,34.0903434753418,82.2607421875,167.7383270263672,244.86007690429688,95.27066040039062,56.43644332885742
2018-06-19,88.85957336425781,20.215486526489258,120.80000305175781,84.05461120605469,34.12947463989258,82.7134780883789,167.26318359375,243.92164611816406,95.82515716552734,56.35265350341797
2018-06-20,88.6826171875,20.096302032470703,120.26000213623047,83.78307342529297,33.86332702636719,82.59638977050781,168.4511260986328,244.3377685546875,94.98550415039062,56.17806625366211
2018-06-21,86.7715072631836,20.08713150024414,120.05000305175781,84.0052261352539,33.73026657104492,83.71268463134766,166.987548828125,242.80612182617188,95.4844970703125,55.64736557006836
2018-06-22,88.54813385009766,20.334671020507812,120.33999633789062,84.02166748046875,33.855506896972656,84.5947494506836,166.616943359375,243.24876403808594,95.47660064697266,56.82748794555664
2018-06-25,86.78567504882812,20.178815841674805,119.88999938964844,84.13689422607422,34.113834381103516,85.07874298095703,162.86302185058594,239.93743896484375,95.69046783447266,55.682273864746094
2018-06-26,87.8827896118164,20.12380599975586,119.26000213623047,84.1780014038086,33.918128967285156,84.34495544433594,163.52822875976562,240.4686279296875,95.82515716552734,56.310752868652344
2018-06-27,89.18518829345703,19.995450973510742,118.58000183105469,84.49893188476562,33.714595794677734,84.51669311523438,161.30441284179688,238.47665405273438,96.7281723022461,57.057918548583984
2018-06-28,88.94450378417969,20.105470657348633,118.22000122070312,84.41664123535156,34.02772521972656,84.83676147460938,162.6919403076172,239.84007263183594,96.75194549560547,57.239471435546875
2018-06-29,89.48954772949219,20.4538516998291,118.6500015258789,84.35083770751953,34.333011627197266,84.98505401611328,163.1290740966797,240.1853790283203,96.41922760009766,57.77019500732422
2018-07-02,87.94649505615234,20.242990493774414,117.45999908447266,84.2930679321289,34.246891021728516,85.50027465820312,164.2220001220703,240.6988525390625,96.34382629394531,57.09285354614258
2018-07-03,88.28623962402344,20.600542068481445,118.6500015258789,84.5074691772461,34.434776306152344,84.930419921875,162.32130432128906,239.84886169433594,96.85987091064453,57.428035736083984
2018-07-05,87.75537872314453,20.793073654174805,119.05000305175781,84.51567840576172,34.959228515625,85.51588439941406,164.33607482910156,241.80560302734375,97.13774108886719,57.47691345214844
2018-07-06,87.86865234375,20.728897094726562,118.86000061035156,84.58985900878906,34.94358444213867,85.5236587524414,166.89248657226562,243.8507843017578,97.455322265625,57.490875244140625
2018-07-09,89.17809295654297,20.673885345458984,119.1500015258789,84.37555694580078,34.755714416503906,84.11856842041016,168.3941192626953,246.04656982421875,96.8281021118164,57.888912200927734
2018-07-10,90.31060791015625,20.719728469848633,118.93000030517578,84.3095932006836,35.201900482177734,88.12311553955078,168.5176239013672,246.93194580078125,96.82019805908203,58.41961669921875
2018-07-11,87.42979431152344,20.169647216796875,117.63999938964844,84.48267364501953,35.06100082397461,87.84990692138672,167.66232299804688,245.12579345703125,97.19332885742188,57.67242431640625
2018-07-12,87.95356750488281,20.297998428344727,118.12999725341797,84.44971466064453,34.96706771850586,87.06147766113281,170.55140686035156,247.34805297851562,97.18540954589844,57.742252349853516
2018-07-13,87.79783630371094,20.132972717285156,117.61000061035156,84.58985900878906,35.021846771240234,87.96703338623047,170.69398498535156,247.5428466796875,97.4315185546875,58.17517852783203
2018-07-16,87.04755401611328,20.05046272277832,117.55000305175781,84.44971466064453,35.014034271240234,88.17774200439453,170.2853240966797,247.32154846191406,97.0265884399414,57.60260772705078
2018-07-17,86.29022216796875,20.059629440307617,116.27999877929688,84.4002914428711,35.42108154296875,89.67654418945312,171.32122802734375,248.32199096679688,96.84400939941406,57.47691345214844
2018-07-18,86.021240234375,20.04129409790039,116.30999755859375,84.33432006835938,35.319313049316406,89.63748931884766,170.99807739257812,248.84437561035156,96.45497131347656,57.41404724121094
2018-07-19,86.12032318115234,19.784587860107422,115.80999755859375,84.56513977050781,35.31148910522461,90.37125396728516,170.1427764892578,247.90586853027344,97.0663070678711,57.267433166503906
2018-07-20,86.54500579833984,19.96795082092285,116.55999755859375,84.26837158203125,35.44455337524414,90.55862426757812,170.10472106933594,247.62255859375,95.87538146972656,56.84145736694336
2018-07-23,85.87964630126953,19.555389404296875,116.0,83.85617065429688,35.186241149902344,89.29402923583984,170.6464385986328,248.0830535888672,94.69245910644531,56.84145736694336
2018-07-24,87.66336822509766,19.821260452270508,116.04000091552734,83.91390228271484,35.42890548706055,89.56725311279297,171.34967041015625,249.33128356933594,95.0179672241211,57.96571731567383
2018-07-25,88.40658569335938,19.986284255981445,116.68000030517578,83.85617065429688,36.07861328125,89.93411254882812,173.74465942382812,251.4562225341797,94.86711883544922,58.370731353759766
2018-07-26,87.73414611816406,19.610395431518555,115.7699966430664,83.76553344726562,36.19603729248047,89.77020263671875,171.1121063232422,250.863037109375,94.68450164794922,58.82462692260742
2018-07-27,89.16394805908203,19.546220779418945,115.83000183105469,83.89741516113281,36.172550201416016,89.2081527709961,168.80267333984375,249.16311645507812,94.84329223632812,57.20456314086914
2018-07-30,90.48047637939453,19.500381469726562,115.6500015258789,83.79022216796875,36.188209533691406,89.13009643554688,166.41732788085938,247.86160278320312,94.51777648925781,57.078895568847656
2018-07-31,89.37629699707031,19.509552001953125,115.98999786376953,83.90563201904297,36.501319885253906,89.77020263671875,167.69078063964844,249.08340454101562,95.03384399414062,56.91827392578125
2018-08-01,88.7533950805664,19.353689193725586,115.13999938964844,83.70741271972656,36.31344985961914,88.68515014648438,168.3275604248047,248.66732788085938,94.25960540771484,56.13617706298828
2018-08-02,87.59966278076172,19.197837829589844,114.5199966430664,83.8065185546875,36.149078369140625,89.5282211303711,170.617919921875,250.02195739746094,94.3948974609375,55.800987243652344
2018-08-03,87.804931640625,19.399534225463867,114.91999816894531,84.02129364013672,36.493492126464844,90.78500366210938,171.1406707763672,251.09323120117188,94.86436462402344,56.00349807739258
2018-08-06,87.98188781738281,19.161165237426758,114.33000183105469,84.06260681152344,36.51697540283203,91.62805938720703,172.1480712890625,252.0140838623047,94.9200439453125,55.989540100097656
2018-08-07,88.60475158691406,18.941131591796875,114.58999633789062,83.88912200927734,36.399559020996094,89.16132354736328,172.77523803710938,252.84625244140625,94.42671203613281,56.75067901611328
2018-08-08,87.6845932006836,19.032814025878906,114.91000366210938,83.96345520019531,36.125587463378906,88.59146881103516,172.98434448242188,252.74005126953125,94.522216796875,56.37358093261719
2018-08-09,86.72903442382812,18.986970901489258,114.73999786376953,84.19475555419922,36.282135009765625,88.75538635253906,172.8798065185547,252.39483642578125,95.31792449951172,56.08729553222656
2018-08-10,87.30238342285156,18.849449157714844,114.69000244140625,84.55823516845703,36.070796966552734,88.10749816894531,171.55880737304688,250.70362854003906,96.01018524169922,56.030860900878906
2018-08-13,86.66532897949219,18.317707061767578,112.95999908447266,84.5334243774414,35.87508773803711,88.22459411621094,171.36874389648438,249.7651824951172,95.81124877929688,55.42413330078125
2018-08-14,86.76443481445312,18.125179290771484,113.06999969482422,84.45085144042969,35.922054290771484,88.28704071044922,172.44264221191406,251.3588409423828,95.59638214111328,55.24774932861328
2018-08-15,83.48014068603516,17.05251693725586,111.19000244140625,84.6573486328125,36.070796966552734,88.56025695800781,170.33282470703125,249.48178100585938,96.15336608886719,54.281211853027344
2018-08-16,84.0804214477539,16.649126052856445,111.0999984741211,84.63249969482422,36.180389404296875,89.18475341796875,170.89353942871094,251.50048828125,96.14543151855469,55.029022216796875
2018-08-17,84.18045806884766,17.162534713745117,112.12999725341797,84.66558074951172,36.47784423828125,89.73896789550781,170.9315948486328,252.38597106933594,96.26480865478516,55.21247863769531
2018-08-20,84.14473724365234,17.22671127319336,112.69000244140625,84.92990112304688,36.57959747314453,89.64530181884766,170.77947998046875,252.92596435546875,96.90928649902344,55.600502014160156
2018-08-21,84.28050231933594,17.345897674560547,113.0199966430664,84.81423950195312,36.180389404296875,88.77102661132812,171.40675354003906,253.51914978027344,96.58306121826172,55.61460494995117
2018-08-22,84.98082733154297,17.474246978759766,113.2699966430664,84.97119903564453,35.9533805847168,87.61572265625,172.0719757080078,253.36866760253906,96.96504211425781,56.41182327270508
2018-08-23,84.39484405517578,16.924165725708008,112.19999694824219,84.96295928955078,35.77334213256836,87.37372589111328,171.82492065429688,253.03225708007812,97.11620330810547,55.79098129272461
2018-08-24,85.04511260986328,17.37339973449707,114.16000366210938,84.98773193359375,35.71854019165039,87.54545593261719,173.42149353027344,254.55503845214844,97.30714416503906,56.171958923339844
2018-08-27,86.00271606445312,17.675945281982422,114.58999633789062,84.79776000976562,35.765506744384766,87.74842834472656,175.18914794921875,256.5648498535156,96.75019836425781,56.72224807739258
2018-08-28,85.65254974365234,17.345897674560547,113.68000030517578,84.60774230957031,35.51500701904297,86.78044128417969,175.44577026367188,256.6887512207031,96.1693115234375,56.6375846862793
2018-08-29,85.90980529785156,17.410072326660156,114.19999694824219,84.5830078125,35.48369216918945,87.4673843383789,177.47000122070312,258.0699768066406,96.2966079711914,57.046749114990234
2018-08-30,85.6168212890625,17.135032653808594,113.63999938964844,84.73987579345703,35.186241149902344,87.39714813232422,177.15640258789062,257.025146484375,96.50347900390625,56.79983901977539
2018-08-31,84.65209197998047,17.006675720214844,113.51000213623047,84.75642395019531,34.88877487182617,87.4361801147461,177.38441467285156,257.03411865234375,96.28074645996094,56.559959411621094
2018-09-04,84.94510650634766,16.520774841308594,112.93000030517578,84.56275177001953,35.037513732910156,86.64777374267578,176.6241912841797,256.5915222167969,95.72404479980469,56.644622802734375
2018-09-05,84.98082733154297,16.38325309753418,113.31999969482422,84.55449676513672,35.52284240722656,88.30266571044922,174.34336853027344,255.90078735351562,95.46884155273438,57.39952087402344
2018-09-06,82.34391784667969,16.355751037597656,113.54000091552734,84.72827911376953,35.82814025878906,89.33213806152344,172.78477478027344,255.13063049316406,95.81974029541016,56.76457214355469
2018-09-07,81.8936996459961,16.39242172241211,113.2300033569336,84.34757995605469,35.78898620605469,88.73397064208984,172.11952209472656,254.63475036621094,95.00631713867188,57.73108673095703
2018-09-10,81.8079833984375,16.144886016845703,113.1500015258789,84.39724731445312,36.05512619018555,89.38722229003906,172.69924926757812,255.0774383544922,95.3572006225586,57.646461486816406
2018-09-11,82.19386291503906,16.108211517333984,113.22000122070312,84.09097290039062,36.02382278442383,89.1983413696289,174.0297088623047,255.91848754882812,94.63147735595703,58.45777893066406
2018-09-12,82.74412536621094,16.603288650512695,114.16999816894531,84.19031524658203,36.19603729248047,89.60761260986328,173.51654052734375,255.9805450439453,94.85480499267578,58.648258209228516
2018-09-13,83.10858154296875,16.584951400756836,113.76000213623047,84.18203735351562,36.180240631103516,90.5048599243164,175.3697509765625,257.4944763183594,94.99832916259766,58.07680892944336
2018-09-14,83.88033294677734,16.484100341796875,113.0199966430664,84.0247802734375,36.30656051635742,90.1742935180664,174.8565673828125,257.5387878417969,94.54375457763672,58.5001106262207
2018-09-17,83.97322845458984,16.795812606811523,113.61000061035156,84.04135131835938,36.56707763671875,90.82757568359375,172.33810424804688,256.1753234863281,94.54375457763672,58.84579086303711
2018-09-18,84.41629791259766,16.896663665771484,113.44000244140625,83.6937255859375,36.259193420410156,89.70994567871094,173.76358032226562,257.5652770996094,93.55484771728516,59.00099563598633
2018-09-19,85.4024429321289,17.190038681030273,113.87999725341797,83.55303192138672,36.28287124633789,89.54467010498047,173.630615234375,257.83990478515625,92.99658203125,59.70649719238281
2018-09-20,85.33812713623047,17.355066299438477,114.2699966430664,83.5612564086914,36.819698333740234,90.6858901977539,175.55032348632812,259.9292907714844,93.4272232055664,59.840553283691406
2018-09-21,86.56009674072266,17.217544555664062,113.48999786376953,83.5943603515625,36.77233123779297,90.44192504882812,174.59043884277344,259.6918029785156,93.38738250732422,60.08747863769531
2018-09-24,87.62486267089844,17.235881805419922,113.47000122070312,83.50336456298828,36.36970138549805,88.3640365600586,175.07598876953125,258.8291931152344,93.14812469482422,61.096351623535156
2018-09-25,88.16082763671875,17.281723022460938,113.6500015258789,83.42057800292969,36.061832427978516,88.12796020507812,175.31402587890625,258.58892822265625,93.05241394042969,61.025794982910156
2018-09-26,87.1460952758789,16.887495040893555,113.05000305175781,83.6937255859375,36.1960334777832,87.75802612304688,175.437744140625,257.815185546875,93.70640563964844,60.5178337097168
2018-09-27,87.51766967773438,16.814149856567383,112.05000305175781,83.6937255859375,36.322349548339844,87.40382385253906,176.9230194091797,258.5356140136719,93.7701416015625,60.510772705078125
2018-09-28,87.38190460205078,16.979177474975586,112.76000213623047,83.7350845336914,36.464447021484375,87.99413299560547,176.8849334716797,258.5623474121094,93.5229263305664,59.98164367675781
2018-10-01,88.88970947265625,17.006675720214844,112.56999969482422,83.52281951904297,36.49602508544922,87.13623046875,177.24668884277344,259.4606018066406,92.83639526367188,60.538997650146484
2018-10-02,89.1397933959961,17.465078353881836,113.87000274658203,83.73843383789062,36.717063903808594,85.56997680664062,176.84686279296875,259.3094177246094,93.4038314819336,60.997581481933594
2018-10-03,89.54714965820312,17.22671127319336,113.41999816894531,83.11638641357422,36.21182632446289,84.62548065185547,177.0373077392578,259.45166015625,91.78133392333984,60.778865814208984
2018-10-04,89.28987884521484,17.190038681030273,113.4800033569336,82.9007797241211,36.1960334777832,83.90925598144531,173.63839721679688,257.4239196777344,91.13390350341797,60.37675476074219
2018-10-05,89.5614242553711,17.098358154296875,113.80000305175781,82.70177459716797,36.2197151184082,83.81480407714844,171.51522827148438,255.98309326171875,90.35061645507812,60.20740509033203
2018-10-08,89.21127319335938,17.15336799621582,112.54000091552734,82.73493194580078,36.69338607788086,85.15281677246094,170.4679718017578,255.98309326171875,90.04688262939453,60.76476287841797
2018-10-09,90.626220703125,16.8599910736084,112.5999984741211,82.89250183105469,36.62233352661133,85.09772491455078,171.02020263671875,255.609619140625,90.95804595947266,61.0328483581543
2018-10-10,87.6105728149414,17.080020904541016,112.87999725341797,82.9339599609375,36.061832427978516,84.48381805419922,163.49884033203125,247.51609802246094,90.71028137207031,59.628910064697266
2018-10-11,84.63066101074219,18.216856002807617,115.77999877929688,83.27397918701172,35.240806579589844,82.68927001953125,161.470947265625,242.06423950195312,91.81329345703125,57.5688362121582
2018-10-12,84.15902709960938,18.106840133666992,115.2300033569336,83.17446899414062,35.27238845825195,82.86243438720703,165.9647216796875,245.42617797851562,91.49356842041016,57.413631439208984
2018-10-15,83.56591033935547,18.39105224609375,116.0,83.22425079345703,35.45396423339844,83.13792419433594,163.95587158203125,244.04757690429688,91.45361328125,57.018550872802734
2018-10-16,83.97322845458984,18.326873779296875,115.80000305175781,83.21590423583984,35.911842346191406,84.52316284179688,168.7257080078125,249.38385009765625,91.66143798828125,57.28664016723633
2018-10-17,83.8160171508789,18.253530502319336,115.79000091552734,82.97543334960938,36.20393371582031,85.24726104736328,168.7923126220703,249.42832946777344,91.11791229248047,57.49830627441406
2018-10-18,83.94466400146484,18.336042404174805,115.91999816894531,83.12472534179688,36.006568908691406,84.94816589355469,164.87930297851562,245.82630920410156,91.08596801757812,57.74522018432617
2018-10-19,84.42341613769531,18.345211029052734,116.01000213623047,83.025146484375,36.57497024536133,86.80565643310547,164.72695922851562,245.6929168701172,90.88613891601562,57.82986831665039
2018-10-22,83.75885772705078,18.20768928527832,115.70999908447266,83.04176330566406,36.29076385498047,86.10516357421875,165.57432556152344,244.59011840820312,90.76624298095703,57.25136184692383
2018-10-23,81.03619384765625,18.427724838256836,116.38999938964844,83.25735473632812,36.5986442565918,86.67971801757812,164.96502685546875,243.34494018554688,91.05398559570312,56.3271598815918
2018-10-24,78.75659942626953,18.216856002807617,116.66000366210938,83.70523834228516,36.890743255615234,88.90711975097656,157.41506958007812,235.97193908691406,91.7413558959961,54.76096725463867
2018-10-25,79.73564147949219,17.419239044189453,116.4000015258789,83.5062255859375,36.717063903808594,88.82054901123047,162.86097717285156,240.2053680419922,91.35769653320312,55.24774932861328
2018-10-26,79.69989776611328,17.474246978759766,116.7699966430664,83.87940979003906,36.25128936767578,86.93159484863281,158.671875,235.98081970214844,91.90919494628906,54.69744873046875
2018-10-29,77.84192657470703,17.428407669067383,116.30999755859375,83.87112426757812,36.67759704589844,88.85202026367188,155.40621948242188,234.67335510253906,91.70140075683594,54.358802795410156
2018-10-30,79.21397399902344,17.556758880615234,115.80000305175781,83.68864440917969,37.60123825073242,89.54467010498047,157.96726989746094,238.1508331298828,91.24579620361328,55.5793342590332
2018-10-31,79.78565216064453,17.355066299438477,115.1500015258789,83.4813232421875,37.798606872558594,88.45063018798828,161.68038940429688,240.69461059570312,90.78218841552734,56.214290618896484
2018-11-01,79.4426498413086,17.941816329956055,116.62999725341797,83.55281829833984,37.68808364868164,87.765869140625,163.81304931640625,243.25601196289062,90.86631774902344,56.912742614746094
2018-11-02,81.98663330078125,17.996824264526367,116.6500015258789,83.08734893798828,37.89333724975586,87.49825286865234,161.26145935058594,241.81517028808594,89.73658752441406,57.81576156616211
2018-11-05,84.99510955810547,17.932649612426758,116.37000274658203,83.1372299194336,38.43804931640625,90.03262329101562,160.8616180419922,243.1492462158203,90.08918762207031,57.59706115722656
2018-11-06,84.9665298461914,17.785961151123047,116.04000091552734,83.04581451416016,38.76962661743164,90.67801666259766,162.08023071289062,244.68788146972656,90.0330810546875,57.84397888183594
2018-11-07,86.37430572509766,17.703449249267578,116.02999877929688,83.04581451416016,38.974876403808594,90.99286651611328,167.16429138183594,249.9263916015625,90.15323638916016,58.57771301269531
2018-11-08,85.29525756835938,17.767623901367188,115.77999877929688,82.929443359375,38.94329833984375,91.34703063964844,166.09799194335938,249.47271728515625,90.14520263671875,57.646461486816406
2018-11-09,85.4024429321289,17.45591163635254,114.4800033569336,83.25359344482422,39.2196159362793,92.46469116210938,163.29891967773438,247.03587341308594,90.81828308105469,57.632179260253906
2018-11-12,83.88748168945312,17.06168556213379,113.66000366210938,83.5029296875,39.36959457397461,92.06327819824219,158.357666015625,242.41993713378906,91.41116333007812,56.89104080200195
2018-11-13,82.42967224121094,16.887495040893555,113.69999694824219,83.56944274902344,39.36171340942383,92.19708251953125,158.49093627929688,241.96629333496094,91.3550796508789,55.58686447143555
2018-11-14,82.694091796875,17.263383865356445,114.63999938964844,83.74393463134766,39.28276062011719,91.81140899658203,157.28179931640625,240.31211853027344,91.41116333007812,55.15216064453125
2018-11-15,84.38982391357422,17.501752853393555,114.7699966430664,83.8021469116211,39.26698303222656,91.92947387695312,160.0332489013672,242.82020568847656,91.37109375,55.7222785949707
2018-11-16,85.91236114501953,17.767623901367188,115.62000274658203,84.05979919433594,39.60643768310547,93.1494140625,159.4715576171875,243.45164489746094,91.89993286132812,56.271026611328125
2018-11-19,86.17215728759766,17.77679443359375,115.66999816894531,84.1844482421875,39.87485122680664,93.66887664794922,154.2923126220703,239.33383178710938,92.15631866455078,56.456329345703125
2018-11-20,83.77647399902344,17.694276809692383,115.66999816894531,84.1678695678711,38.98278045654297,91.29981231689453,151.5313262939453,234.9046173095703,92.18838500976562,54.85285949707031
2018-11-21,84.83721923828125,18.161846160888672,115.86000061035156,84.15121459960938,38.469642639160156,90.73310852050781,152.68328857421875,235.70510864257812,92.15631866455078,55.273319244384766
2018-11-23,81.97252655029297,17.74928855895996,115.7699966430664,84.20104217529297,38.69855880737305,90.8354263305664,151.57894897460938,234.1309051513672,92.25247192382812,53.798118591308594
2018-11-26,82.96829223632812,17.657608032226562,115.63999938964844,84.13459014892578,38.58015823364258,91.18961334228516,155.08248901367188,237.91075134277344,92.04415130615234,54.859981536865234
2018-11-27,83.13424682617188,17.30005645751953,114.94999694824219,84.21771240234375,38.974876403808594,91.64612579345703,155.606201171875,238.71119689941406,92.14824676513672,54.90986251831055
2018-11-28,85.2485122680664,17.7309513092041,115.37999725341797,84.20936584472656,39.24329376220703,93.2674789428711,160.61402893066406,244.20765686035156,91.6996078491211,55.90757369995117
2018-11-29,85.76084899902344,17.57509422302246,115.73999786376953,84.42546844482422,38.97276306152344,93.08644104003906,160.09043884277344,243.67401123046875,92.06017303466797,56.34230041503906
2018-11-30,85.82577514648438,17.501752853393555,115.54000091552734,84.59173583984375,40.102630615234375,95.97498321533203,161.251953125,245.15924072265625,92.40471649169922,56.655853271484375
2018-12-03,87.07413482666016,17.822633743286133,116.41000366210938,84.77661895751953,39.53770065307617,93.645263671875,164.07003784179688,248.40553283691406,93.06082153320312,57.88161849975586
2018-12-04,84.59908294677734,17.96932029724121,117.12000274658203,85.16803741455078,39.45016860961914,92.71653747558594,157.77688598632812,240.35658264160156,94.61878204345703,56.60596466064453
2018-12-06,83.6393814086914,18.070167541503906,117.13999938964844,85.38457489013672,39.291038513183594,92.69114685058594,158.89083862304688,239.991943359375,94.91592407226562,55.86479949951172
2018-12-07,83.33628845214844,18.5194034576416,118.08999633789062,85.63442993164062,39.06028366088867,91.8819580078125,153.64491271972656,234.4154815673828,95.09259033203125,55.33034133911133
2018-12-10,82.93944549560547,18.45522689819336,117.68000030517578,85.68437194824219,39.179630279541016,92.17549133300781,155.25390625,234.8601531982422,95.48607635498047,54.546417236328125
2018-12-11,83.3218765258789,18.345211029052734,117.54000091552734,85.46785736083984,39.41835021972656,93.04814147949219,155.76800537109375,234.91348266601562,95.47006225585938,54.64618682861328
2018-12-12,83.43011474609375,18.73943328857422,117.79000091552734,85.23466491699219,39.16372299194336,92.81806945800781,157.1389923095703,236.0963897705078,95.04444122314453,54.17583465576172
2018-12-13,83.66101837158203,18.776105880737305,117.52999877929688,85.28462219238281,39.36264419555664,93.88905334472656,157.18667602539062,236.0164337158203,94.81957244873047,54.859981536865234
2018-12-14,82.13846588134766,18.446062088012695,117.05999755859375,85.41790008544922,39.25919723510742,90.39844512939453,153.35923767089844,231.6583709716797,95.14877319335938,53.86227798461914
2018-12-17,81.1426773071289,18.89529037475586,117.87000274658203,85.66777801513672,38.455562591552734,89.54168701171875,149.8842315673828,227.1136016845703,95.70295715332031,52.7647819519043
2018-12-18,79.1871566772461,19.335357666015625,118.1500015258789,85.87891387939453,38.447608947753906,88.72456359863281,150.8267364501953,226.86460876464844,96.27607727050781,51.31095886230469
2018-12-19,77.80892181396484,18.29020118713379,117.43000030517578,86.17935943603516,38.11341094970703,87.29658508300781,147.12322998046875,223.46714782714844,97.54798889160156,50.441532135009766
2018-12-20,75.75240325927734,19.050567626953125,119.23999786376953,86.07084655761719,37.82695770263672,87.43145751953125,144.99061584472656,219.8295440673828,97.19374084472656,48.90932846069336
2018-12-21,75.19677734375,18.83858299255371,118.72000122070312,86.14596557617188,37.85083770751953,86.80473327636719,140.49681091308594,215.32534790039062,97.17765808105469,48.545894622802734
2018-12-24,72.8732681274414,19.43766212463379,120.0199966430664,86.36294555664062,36.56977844238281,84.11539459228516,137.01275634765625,209.63583374023438,97.6606674194336,46.68586349487305
2018-12-26,77.49142456054688,19.004486083984375,119.66000366210938,85.95401000976562,37.34956359863281,85.94001770019531,145.56773376464844,220.2276611328125,96.61417388916016,48.91646957397461
2018-12-27,78.88410186767578,19.327062606811523,120.56999969482422,86.1709976196289,37.81900405883789,86.80473327636719,146.131103515625,221.91835021972656,96.63025665283203,49.130252838134766
2018-12-28,78.40062713623047,18.98604965209961,121.05999755859375,86.63838958740234,37.55644607543945,87.55045318603516,146.05465698242188,221.63217163085938,97.44330596923828,48.58150863647461
2018-12-31,78.50164031982422,19.43766212463379,121.25,86.96385955810547,37.67579650878906,87.64566040039062,147.28631591796875,223.5733642578125,97.81358337402344,48.595760345458984
2019-01-02,79.87269592285156,19.400793075561523,121.33000183105469,87.1474609375,37.34159851074219,86.69367980957031,147.87835693359375,223.80593872070312,98.32878875732422,49.66474151611328
2019-01-03,78.34290313720703,19.797103881835938,122.43000030517578,87.84015655517578,37.1108512878418,85.8844985961914,143.0470733642578,218.46536254882812,99.44773864746094,48.9022102355957
2019-01-04,79.96649169921875,19.631206512451172,121.44000244140625,87.13079071044922,37.85083770751953,87.64566040039062,149.1672821044922,225.78292846679688,98.29660034179688,50.70521545410156
2019-01-07,81.00556182861328,19.391576766967773,121.86000061035156,86.88876342773438,37.357505798339844,86.89199829101562,150.94320678710938,227.56317138671875,98.00679016113281,50.96889114379883
2019-01-08,80.65198516845703,19.400793075561523,121.52999877929688,86.67174530029297,37.77922821044922,87.7249755859375,152.3085479736328,229.70126342773438,97.74920654296875,51.3394660949707
2019-01-09,81.734375,19.649641036987305,122.30999755859375,86.72183990478516,37.055152893066406,85.27363586425781,153.5498504638672,230.77471923828125,97.59626007080078,51.61029052734375
2019-01-10,81.8642578125,19.35470962524414,121.58999633789062,86.68013000488281,37.452999114990234,85.7972183227539,153.989013671875,231.58877563476562,96.9683837890625,51.346614837646484
2019-01-11,81.2076187133789,19.428443908691406,121.80000305175781,86.9388198852539,37.667842864990234,85.80516815185547,153.42572021484375,231.67828369140625,97.34671783447266,51.11143493652344
2019-01-14,80.61592102050781,19.29019546508789,122.08999633789062,86.88876342773438,37.51665496826172,85.1387710571289,152.0698699951172,230.2648468017578,96.9845199584961,51.04728317260742
2019-01-15,80.90454864501953,18.995264053344727,121.87999725341797,86.8052978515625,37.85083770751953,86.463623046875,155.03927612304688,232.90380859375,96.63025665283203,51.075809478759766
2019-01-16,80.385009765625,18.98604965209961,122.2699966430664,86.75525665283203,37.33365249633789,85.94794464111328,155.01071166992188,233.46743774414062,96.72688293457031,51.054412841796875
2019-01-17,80.78909301757812,19.04134750366211,122.11000061035156,86.59667205810547,37.445045471191406,86.64608001708984,156.2327880859375,235.2387237548828,96.75105285644531,51.40361022949219
2019-01-18,82.52810668945312,18.71877098083496,121.0199966430664,86.32120513916016,37.882659912109375,87.32038116455078,157.77952575683594,238.36973571777344,96.2438735961914,52.01649475097656
2019-01-22,81.06329345703125,18.84780502319336,121.44999694824219,86.62169647216797,37.9702033996582,87.1934585571289,154.61917114257812,235.14918518066406,96.89591217041016,51.23258590698242
2019-01-23,80.3777847290039,18.884666442871094,121.27999877929688,86.57994079589844,38.4078254699707,87.8439712524414,154.81968688964844,235.64126586914062,96.85568237304688,50.81211471557617
2019-01-24,81.90757751464844,18.893884658813477,121.08999633789062,86.8553695678711,37.94631576538086,86.86820220947266,155.82223510742188,235.7664794921875,97.4916000366211,50.88338851928711
2019-01-25,81.69829559326172,19.520606994628906,122.86000061035156,86.65506744384766,37.69171142578125,86.74919128417969,157.6840362548828,237.76144409179688,97.02473449707031,51.11143493652344
2019-01-28,80.94063568115234,19.769454956054688,123.29000091552734,86.68013000488281,37.532562255859375,86.3287353515625,155.73629760742188,235.95433044433594,96.92813110351562,50.769351959228516
2019-01-29,80.69528198242188,20.24871253967285,123.9800033569336,86.93046569824219,37.715579986572266,86.47151947021484,154.2659149169922,235.64126586914062,97.41914367675781,50.96177291870117
2019-01-30,81.5467758178711,20.4422607421875,124.69000244140625,87.13079071044922,38.08159637451172,87.91537475585938,158.19009399414062,239.37167358398438,97.34671783447266,51.517642974853516
2019-01-31,82.73015594482422,20.91230583190918,124.75,87.53134155273438,38.29642868041992,89.38301086425781,160.55795288085938,241.47389221191406,98.18389129638672,52.22315979003906
2019-02-01,85.41448211669922,20.80170440673828,124.5,87.06304931640625,38.74997329711914,89.00220489501953,159.8800811767578,241.5902862548828,97.59092712402344,54.10456085205078
2019-02-04,86.40304565429688,20.72797203063965,123.95999908447266,86.87071228027344,39.187591552734375,89.71620178222656,161.86602783203125,243.28988647460938,97.15518951416016,53.320648193359375
2019-02-05,86.21544647216797,20.838573455810547,124.27999877929688,87.02119445800781,39.195556640625,89.56547546386719,163.29824829101562,244.30975341796875,97.59896087646484,53.8693962097168
2019-02-06,85.78247833251953,20.479127883911133,123.44000244140625,87.08810424804688,39.195556640625,89.6844711303711,162.81134033203125,243.9876251220703,97.64739227294922,53.634220123291016
2019-02-07,85.31346130371094,20.304012298583984,123.73999786376953,87.37248992919922,39.32286071777344,89.71620178222656,160.6248016357422,241.66183471679688,98.29280853271484,53.22087097167969
2019-02-08,84.84442901611328,20.5897274017334,124.20999908447266,87.48957061767578,39.38652038574219,89.66069030761719,160.93991088867188,241.95697021484375,98.71235656738281,53.30735397338867
2019-02-11,84.38982391357422,20.350095748901367,123.5999984741211,87.3557357788086,39.474037170410156,89.62100219726562,160.78712463378906,242.09115600585938,98.3250503540039,53.393802642822266
2019-02-12,85.66703796386719,20.322446823120117,123.86000061035156,87.23866271972656,39.513824462890625,90.27153778076172,163.16456604003906,245.20423889160156,98.07498168945312,54.330543518066406
2019-02-13,86.28038024902344,20.202632904052734,123.37000274658203,87.02119445800781,39.617271423339844,90.53331756591797,163.27915954589844,246.00048828125,97.70382690429688,54.94302749633789
2019-02-14,86.12002563476562,20.405393600463867,124.05999755859375,87.4310531616211,36.27538299560547,89.31954956054688,163.47962951660156,245.454833984375,98.26052856445312,54.95743179321289
2019-02-15,86.98734283447266,20.672672271728516,124.80000305175781,87.34740447998047,35.996891021728516,91.953369140625,164.16709899902344,248.12962341308594,98.41383361816406,55.995059967041016
2019-02-19,86.95822143554688,21.327049255371094,126.69999694824219,87.4979476928711,35.670650482177734,91.96923828125,164.4917449951172,248.55899047851562,98.6639404296875,56.3697395324707
2019-02-20,87.66520690917969,21.52981185913086,126.4800033569336,87.481201171875,35.88548278808594,91.88988494873047,164.4630889892578,249.05990600585938,98.38157653808594,56.585914611816406
2019-02-21,86.83428955078125,21.179584503173828,125.05000305175781,87.22195434570312,36.49021911621094,92.10408020019531,163.861572265625,248.17431640625,97.50218963623047,56.07430648803711
2019-02-22,87.0165023803711,21.25331687927246,125.5,87.481201171875,36.02872085571289,92.62767791748047,165.07415771484375,249.71298217773438,98.08306884765625,56.50664138793945
2019-02-25,87.18415069580078,20.986038208007812,125.37000274658203,87.34740447998047,35.7581787109375,92.07235717773438,165.6757049560547,250.05291748046875,97.79261779785156,56.56429672241211
2019-02-26,87.41738891601562,20.94917106628418,125.58000183105469,87.60663604736328,35.559268951416016,92.00094604492188,165.84756469726562,249.8740234375,98.27667999267578,56.679595947265625
2019-02-27,87.51942443847656,20.598941802978516,124.69000244140625,87.29720306396484,35.7581787109375,91.52495574951172,165.74252319335938,249.76673889160156,97.16332244873047,57.263248443603516
2019-02-28,87.15498352050781,20.497560501098633,123.98999786376953,87.07140350341797,36.076454162597656,92.48307037353516,165.36062622070312,249.30142211914062,96.83252716064453,56.94620132446289
2019-03-01,88.94065856933594,19.999866485595703,121.87999725341797,86.7856674194336,36.1082878112793,92.9149398803711,166.50637817382812,250.85809326171875,95.93749237060547,57.645145416259766
2019-03-04,89.00627136230469,20.13811683654785,121.55999755859375,87.05377960205078,36.323123931884766,92.90693664550781,166.53504943847656,249.94558715820312,96.68936157226562,57.86851119995117
2019-03-05,89.8589859008789,20.24871253967285,121.72000122070312,87.10411071777344,36.2833366394043,92.79496002197266,166.6591033935547,249.6056671142578,96.89151000976562,57.78204345703125
2019-03-06,90.03392028808594,19.83397102355957,121.61000061035156,87.34707641601562,36.163978576660156,93.298828125,165.71385192871094,248.09381103515625,97.24725341796875,57.1263313293457
2019-03-07,88.87506103515625,20.082815170288086,121.51000213623047,87.64037322998047,36.02872085571289,92.8509521484375,163.6801300048828,246.01840209960938,97.87789916992188,57.760440826416016
2019-03-08,88.64186096191406,20.617374420166016,122.83999633789062,87.76602172851562,35.67860794067383,92.15518951416016,163.43191528320312,245.52638244628906,98.29022979736328,56.931785583496094
2019-03-11,90.09953308105469,20.543643951416016,122.23999786376953,87.69905853271484,36.74482727050781,93.2428207397461,166.8309783935547,249.0867462158203,97.99919128417969,57.48662185668945
2019-03-12,90.30359649658203,20.90308952331543,122.9800033569336,87.94206237792969,36.64139175415039,93.22683715820312,167.74754333496094,250.02613830566406,98.6864242553711,57.645145416259766
2019-03-13,90.86480712890625,21.068986892700195,123.83999633789062,87.90852355957031,36.77665710449219,93.23482513427734,169.00787353515625,251.6811981201172,98.5004653930664,58.15674591064453
2019-03-14,90.81376647949219,20.506776809692383,122.41000366210938,87.7828369140625,36.68034362792969,92.37110137939453,168.72146606445312,251.52005004882812,97.78897094726562,57.96220016479492
2019-03-15,91.33126831054688,20.552860260009766,122.97000122070312,88.05931091308594,36.359291076660156,92.49907684326172,170.287353515625,252.7627410888672,98.43577575683594,57.75324249267578
2019-03-18,91.74671173095703,20.322446823120117,123.04000091552734,87.94206237792969,36.44757843017578,93.78665161132812,170.69288635253906,253.67918395996094,98.37920379638672,58.42335510253906
2019-03-19,91.30939483642578,20.396181106567383,123.37999725341797,87.88336944580078,36.56797409057617,94.44245147705078,171.26686096191406,253.7421417236328,98.16088104248047,58.272029876708984
2019-03-20,90.87940216064453,20.857004165649414,124.18000030517578,88.49504852294922,36.54389572143555,94.62640380859375,171.94593811035156,252.97837829589844,99.18771362304688,58.59628677368164
2019-03-21,91.73210906982422,20.967605590820312,123.68000030517578,88.45319366455078,36.52783203125,95.5221176147461,174.6338348388672,255.83551025390625,99.40597534179688,58.93495559692383
2019-03-22,89.71321868896484,20.99525260925293,123.97000122070312,89.10678100585938,36.86495590209961,96.5457992553711,170.79811096191406,250.91175842285156,100.9502182006836,57.99101257324219
2019-03-25,89.56747436523438,21.43764877319336,124.91999816894531,89.3329849243164,36.945213317871094,96.64977264404297,170.47291564941406,250.72311401367188,101.11192321777344,57.587493896484375
2019-03-26,90.4712142944336,21.52059555053711,124.30000305175781,89.25764465332031,37.43482208251953,97.58544921875,171.26686096191406,252.59197998046875,101.03912353515625,58.33687973022461
2019-03-27,89.49459838867188,21.207231521606445,123.6500015258789,89.5173568725586,37.41073989868164,97.48149871826172,170.16683959960938,251.27114868164062,101.9689712524414,57.890140533447266
2019-03-28,89.66221618652344,20.65424346923828,121.9000015258789,89.52572631835938,37.38666534423828,97.44152069091797,170.55897521972656,252.22357177734375,102.32470703125,58.17836380004883
2019-03-29,89.77882385253906,20.66345977783203,122.01000213623047,89.38323211669922,37.611392974853516,98.00934600830078,171.85028076171875,253.81394958496094,102.22766876220703,58.221622467041016
2019-04-01,91.06159973144531,20.23949432373047,121.52999877929688,88.76864624023438,37.499027252197266,97.56947326660156,174.12681579589844,256.8240661621094,100.775634765625,58.8917236328125
2019-04-02,91.05430603027344,20.3685302734375,121.9800033569336,88.91978454589844,37.37863540649414,97.31353759765625,174.7868194580078,256.9497375488281,100.9620590209961,58.63951110839844
2019-04-03,90.29630279541016,20.340879440307617,121.80000305175781,88.64269256591797,37.06560516357422,97.21758270263672,175.79119873046875,257.35406494140625,100.0868911743164,58.29365158081055
2019-04-04,90.95954895019531,20.737192153930664,122.11000061035156,88.73509216308594,37.306396484375,97.1456298828125,175.7242431640625,258.03704833984375,100.37052154541016,59.12229537963867
2019-04-05,92.14027404785156,20.672672271728516,121.9800033569336,88.77706146240234,37.29838562011719,97.26557159423828,176.63296508789062,259.28594970703125,100.50012969970703,59.439353942871094
2019-04-08,92.32977294921875,20.91230583190918,122.51000213623047,88.63432312011719,37.362579345703125,97.56947326660156,177.08251953125,259.4836730957031,100.14361572265625,59.806846618652344
2019-04-09,91.49889373779297,21.032119750976562,123.1500015258789,88.7938232421875,37.45889663696289,97.70543670654297,176.4607696533203,258.15380859375,100.45962524414062,59.03582763671875
2019-04-10,91.46244812011719,20.847789764404297,123.52999877929688,89.00377655029297,37.43482208251953,97.60147094726562,177.4077606201172,259.03436279296875,100.7027359008789,58.76922607421875
2019-04-11,91.82688903808594,20.506776809692383,121.94999694824219,88.80223083496094,37.491004943847656,97.30557250976562,176.9868927001953,258.9624938964844,100.1112289428711,59.050235748291016
2019-04-12,87.28619384765625,20.46990966796875,121.83000183105469,88.39080047607422,37.51508331298828,97.75342559814453,177.7521209716797,260.714599609375,99.39813232421875,58.308048248291016
2019-04-15,87.56314849853516,20.479127883911133,121.5999984741211,88.50836181640625,37.72377014160156,98.8970718383789,177.78082275390625,260.54388427734375,99.64936065673828,58.113521575927734
2019-04-16,88.3138656616211,20.101247787475586,120.51000213623047,88.20606994628906,37.68363952636719,97.89737701416016,178.39295959472656,260.714599609375,99.02540588378906,58.50981903076172
2019-04-17,87.65789031982422,19.963003158569336,120.27999877929688,88.22288513183594,37.94850540161133,101.57624053955078,179.01470947265625,260.07666015625,99.0658950805664,58.675567626953125
2019-04-18,87.35906219482422,19.668071746826172,120.37000274658203,88.43281555175781,38.109039306640625,101.64020538330078,179.2442626953125,260.58880615234375,99.58453369140625,58.459388732910156
2019-04-22,88.84591674804688,19.33627700805664,120.37000274658203,88.30684661865234,38.04482650756836,101.120361328125,179.75128173828125,260.8135070800781,99.10645294189453,59.73479461669922
2019-04-23,88.93338775634766,19.188814163208008,120.12000274658203,88.46638488769531,38.694942474365234,101.64020538330078,182.03733825683594,263.1585998535156,99.31710052490234,60.08064270019531
2019-04-24,86.2074966430664,19.373146057128906,120.47000122070312,88.80223083496094,38.51034927368164,101.50425720214844,181.4634246826172,262.5745849609375,100.12741088867188,58.91332244873047
2019-04-25,85.9305648803711,19.23489761352539,120.56999969482422,88.6930923461914,38.39797592163086,100.87245178222656,182.19998168945312,262.4127502441406,99.98153686523438,59.24480438232422
2019-04-26,85.34746551513672,19.631206512451172,121.37000274658203,88.92819213867188,38.73508071899414,101.08837890625,182.36256408691406,263.63470458984375,100.3218765258789,57.99821472167969
2019-04-29,85.79936218261719,19.207244873046875,120.83000183105469,88.7434310913086,38.863502502441406,101.32032775878906,182.71649169921875,264.048095703125,99.68174743652344,57.62354278564453
2019-04-30,87.50484466552734,19.253326416015625,121.19999694824219,88.91978454589844,39.377197265625,102.40797424316406,181.30078125,264.18292236328125,100.1922378540039,57.846920013427734
2019-05-01,85.86493682861328,18.912317276000977,120.4000015258789,88.87938690185547,38.99995803833008,101.76016998291016,180.71731567382812,262.1971740722656,100.60555267333984,56.68678665161133
2019-05-02,84.82269287109375,18.589740753173828,119.94000244140625,88.62701416015625,38.83943176269531,101.4322738647461,179.93299865722656,261.631103515625,100.12646484375,55.69240188598633
2019-05-03,85.47137451171875,18.70033836364746,120.6500015258789,88.74478912353516,39.10430145263672,102.10406494140625,182.80259704589844,264.19195556640625,100.41065979003906,55.82211685180664
2019-05-06,86.29495239257812,18.709550857543945,120.80999755859375,88.9719467163086,38.90364074707031,101.78414154052734,181.68344116210938,263.1045837402344,100.68671417236328,55.577125549316406
2019-05-07,86.20021057128906,19.087430953979492,121.20999908447266,89.27483367919922,38.52640151977539,100.75249481201172,178.14425659179688,258.7109069824219,101.4581298828125,55.28169250488281
2019-05-08,85.63900756835938,18.875452041625977,120.91000366210938,89.1065902709961,38.406002044677734,100.78448486328125,177.6947021484375,258.35150146484375,101.01966094970703,55.3681526184082
2019-05-09,88.32844543457031,18.829368591308594,121.19999694824219,89.34215545654297,38.04482650756836,100.8084716796875,176.73822021484375,257.56982421875,101.43376922607422,55.317718505859375
2019-05-10,88.91149139404297,18.69112205505371,121.43000030517578,89.28321838378906,38.67890167236328,102.37596893310547,176.95819091796875,258.8636474609375,101.29574584960938,55.79875183105469
2019-05-13,87.78179168701172,19.29019546508789,122.66999816894531,89.72917938232422,38.56653594970703,101.69619750976562,170.8172607421875,252.3583526611328,102.09147644042969,55.17924118041992
2019-05-14,88.65641784667969,19.207244873046875,122.45999908447266,89.6450424194336,39.08021926879883,101.89612579345703,172.69204711914062,254.64059448242188,101.79104614257812,55.25212478637695
2019-05-15,89.02083587646484,19.161165237426758,122.38999938964844,89.93106079101562,39.47351837158203,103.4476318359375,175.13116455078125,256.1321716308594,102.41627502441406,55.6602783203125
2019-05-16,88.91044616699219,18.94918441772461,121.51000213623047,89.75438690185547,39.79456329345703,104.18341827392578,176.89120483398438,258.5043029785156,102.07524108886719,55.652984619140625
2019-05-17,88.704345703125,19.124296188354492,120.6500015258789,89.79644012451172,39.48956298828125,104.37535095214844,175.08334350585938,256.83294677734375,102.30258178710938,55.325008392333984
2019-05-20,88.93986511230469,19.059783935546875,120.63999938964844,89.6450424194336,39.20864486694336,103.95948791503906,172.12770080566406,255.13482666015625,102.09147644042969,55.317718505859375
2019-05-21,89.307861328125,19.087430953979492,120.36000061035156,89.54405975341797,39.00798797607422,103.20772552490234,173.9259490966797,257.4350280761719,101.9290771484375,55.572811126708984
2019-05-22,88.74112701416016,18.764856338500977,120.23999786376953,89.81330108642578,39.85074234008789,104.0234603881836,173.1512451171875,256.6443176269531,102.51366424560547,55.06991195678711
2019-05-23,86.75392150878906,18.83858299255371,121.16999816894531,90.36014556884766,40.01129150390625,103.94348907470703,170.50164794921875,253.50843811035156,103.66675567626953,53.779911041259766
2019-05-24,87.37215423583984,18.958398818969727,121.30000305175781,90.33490753173828,39.81863784790039,103.5676040649414,170.4154815673828,254.08358764648438,103.75605010986328,54.00584030151367
2019-05-28,87.07775115966797,18.820152282714844,120.83000183105469,90.73036193847656,39.40929412841797,102.07207489013672,169.774658203125,251.72047424316406,104.5030517578125,52.91989517211914
2019-05-29,85.94430541992188,18.820152282714844,120.87000274658203,90.69671630859375,39.0160026550293,102.50392150878906,168.37808227539062,250.03125,104.81977081298828,52.5919189453125
2019-05-30,84.9212417602539,19.142730712890625,121.69000244140625,91.02482604980469,39.529693603515625,102.85582733154297,169.08587646484375,250.71409606933594,105.72112274169922,52.45344543457031
2019-05-31,83.79512786865234,19.898487091064453,123.33000183105469,91.630615234375,39.43337631225586,102.36798095703125,166.38848876953125,247.33555603027344,107.04461669921875,51.578834533691406
2019-06-03,85.37022399902344,20.72797203063965,125.11000061035156,92.07150268554688,40.11561965942383,103.1517333984375,162.7250213623047,246.7067108154297,107.76065063476562,52.38784408569336
2019-06-04,86.33438110351562,20.820138931274414,125.1500015258789,91.73429107666016,40.13167953491211,103.22370147705078,167.30677795410156,252.06179809570312,106.53202056884766,53.63413619995117
2019-06-05,86.59199523925781,20.857004165649414,125.47000122070312,91.73429107666016,40.75771713256836,105.07913970947266,168.55029296875,254.24526977539062,105.92989349365234,53.18955993652344
2019-06-06,88.8221206665039,21.078203201293945,125.87999725341797,91.71742248535156,41.25535583496094,106.32379913330078,169.889404296875,255.89852905273438,106.2716293334961,54.15888977050781
2019-06-07,89.41092681884766,21.096633911132812,126.58999633789062,92.07991027832031,41.327598571777344,107.52416229248047,173.17031860351562,258.45928955078125,107.19107055664062,54.35566711425781
2019-06-10,90.00709533691406,20.7003231048584,125.33000183105469,91.62466430664062,41.23929977416992,107.62081909179688,175.18856811523438,259.645263671875,106.18212890625,54.59619140625
2019-06-11,89.1827621459961,20.820138931274414,125.18000030517578,91.62466430664062,41.19917678833008,107.3066177368164,175.42771911621094,259.5823974609375,106.24720764160156,54.545169830322266
2019-06-12,88.46145629882812,21.161151885986328,125.83000183105469,91.8607177734375,41.4479866027832,107.25829315185547,174.41375732421875,259.1242370605469,106.32856750488281,53.95482635498047
2019-06-13,88.99140930175781,21.419214248657227,126.5999984741211,92.08831787109375,41.35901641845703,107.0971908569336,175.44686889648438,260.1934509277344,106.69476318359375,54.428558349609375
2019-06-14,88.91780090332031,21.50216293334961,126.55999755859375,92.1557846069336,41.50461196899414,106.92799377441406,174.70077514648438,259.906005859375,106.96327209472656,54.188045501708984
2019-06-17,89.34467315673828,21.621976852416992,126.4800033569336,92.138916015625,41.14869689941406,106.7588119506836,175.75294494628906,260.0047912597656,107.15038299560547,54.72738265991211
2019-06-18,90.4781494140625,21.815523147583008,127.12000274658203,92.31594848632812,40.962646484375,106.38822937011719,178.30685424804688,262.727294921875,107.68740844726562,55.20111846923828
2019-06-19,90.4487075805664,22.11966896057129,127.88999938964844,92.56880950927734,41.35091781616211,107.0246810913086,178.97647094726562,263.3203125,107.84199523925781,54.89501953125
2019-06-20,91.47174072265625,23.087404251098633,131.11000061035156,92.72061920166016,41.7877197265625,108.08001708984375,180.64085388183594,265.8361511230469,108.12675476074219,55.835201263427734
2019-06-21,91.95016479492188,23.234867095947266,131.97999572753906,92.34122467041016,41.69873809814453,107.91889953613281,180.37298583984375,265.4497375488281,106.93885040283203,56.6223030090332
2019-06-24,91.93546295166016,24.11965560913086,133.94000244140625,92.66156005859375,41.99803161621094,108.06390380859375,180.3787384033203,265.1246643066406,107.7362289428711,56.08298873901367
2019-06-25,91.0007095336914,23.62196159362793,134.1999969482422,92.80489349365234,41.86861038208008,107.79805755615234,177.2823028564453,262.5243225097656,108.06982421875,55.58736801147461
2019-06-26,91.21416473388672,23.520580291748047,132.97000122070312,92.42555236816406,41.35091781616211,106.59769439697266,178.10678100585938,262.2626037597656,107.37821197509766,55.827877044677734
2019-06-27,90.61061096191406,23.34546661376953,132.83999633789062,92.70372009277344,41.31855773925781,106.09017944335938,178.78738403320312,263.1924743652344,108.1349105834961,55.259422302246094
2019-06-28,91.58951568603516,23.55744743347168,133.1999969482422,92.74586486816406,41.18913269042969,105.6390380859375,179.0174560546875,264.546875,108.06172943115234,55.84976577758789
2019-07-01,91.88390350341797,22.65422821044922,130.6199951171875,92.62935638427734,41.73918914794922,106.23516845703125,181.43324279785156,266.9485168457031,107.80897521972656,55.79875183105469
2019-07-02,90.4781494140625,23.548233032226562,133.41000366210938,92.95867919921875,42.04656982421875,106.68630981445312,182.15225219726562,267.6437072753906,108.64048767089844,55.1865348815918
2019-07-03,90.78726959228516,23.640398025512695,133.6300048828125,93.13605499267578,42.14363479614258,107.94307708740234,183.52308654785156,269.7835998535156,109.41498565673828,55.7113037109375
2019-07-05,90.92710876464844,23.400766372680664,132.13999938964844,92.54487609863281,42.1517219543457,107.16163635253906,183.1492462158203,269.47662353515625,107.96385955810547,55.4853515625
2019-07-08,90.97126770019531,23.428417205810547,131.2899932861328,92.45199584960938,42.062744140625,106.7910385131836,181.86465454101562,267.99591064453125,108.11058807373047,55.74044418334961
2019-07-09,90.78726959228516,23.640398025512695,131.75,92.39286804199219,41.731101989746094,106.13043975830078,182.77537536621094,268.33001708984375,108.0698471069336,55.70399475097656
2019-07-10,92.32552337646484,24.147306442260742,133.8300018310547,92.44356536865234,41.917144775390625,108.28138732910156,184.59677124023438,269.61199951171875,107.4747085571289,56.491119384765625
2019-07-11,92.31816101074219,23.90767478942871,132.6999969482422,91.9875717163086,42.09510040283203,108.23308563232422,184.462646484375,270.2441101074219,106.03988647460938,56.53486633300781
2019-07-12,92.72299194335938,24.156522750854492,133.52999877929688,92.08887481689453,42.159812927246094,107.37107849121094,185.52667236328125,271.4540100097656,106.16213989257812,56.57857894897461
2019-07-15,92.5316162109375,24.128873825073242,133.52999877929688,92.28311157226562,42.167903900146484,108.07194519042969,186.1210174560547,271.5442810058594,106.77359008789062,56.177738189697266
2019-07-16,91.8250503540039,24.009057998657227,132.39999389648438,92.08041381835938,42.175994873046875,107.78998565673828,185.16236877441406,270.6684875488281,106.45560455322266,55.339599609375
2019-07-17,91.36871337890625,24.96757698059082,134.5800018310547,92.51115417480469,42.208343505859375,106.96826934814453,184.2516632080078,268.8265075683594,107.60513305664062,55.011619567871094
2019-07-18,91.76617431640625,26.036693572998047,136.47999572753906,92.73912048339844,42.08701705932617,107.04884338378906,184.462646484375,269.81072998046875,107.61329650878906,54.545169830322266
2019-07-19,92.03112030029297,25.78784942626953,134.47000122070312,92.57017517089844,41.5693244934082,104.80120849609375,183.11085510253906,268.3118896484375,107.36055755615234,54.65449523925781
2019-07-22,92.22984313964844,25.981395721435547,134.4499969482422,92.61243438720703,41.43181228637695,104.95426177978516,184.56797790527344,268.9709777832031,107.56437683105469,54.71279525756836
2019-07-23,92.60521697998047,25.68646812438965,133.69000244140625,92.4604263305664,43.947479248046875,105.3248519897461,185.7759246826172,270.89422607421875,106.97737884521484,54.93144989013672
2019-07-24,93.1351318359375,25.944530487060547,134.3699951171875,92.5955810546875,43.50258255004883,104.09226989746094,187.07965087890625,272.1672668457031,107.44207000732422,54.92416000366211
2019-07-25,92.46537017822266,25.28093910217285,133.4199981689453,92.43514251708984,42.92827224731445,103.91504669189453,185.30618286132812,270.86712646484375,106.92847442626953,54.61076736450195
2019-07-26,91.0595932006836,25.142690658569336,133.63999938964844,92.4181900024414,43.81806564331055,105.71153259277344,187.2138671875,272.6819152832031,107.18122100830078,54.52330017089844
2019-07-29,91.4349594116211,25.594303131103516,134.52999877929688,92.5026626586914,43.67245864868164,105.96126556396484,186.57159423828125,272.18524169921875,107.21382141113281,54.909576416015625
2019-07-30,91.51589965820312,25.649600982666016,134.97999572753906,92.54487609863281,43.45405960083008,105.11537170410156,185.76638793945312,271.51715087890625,107.4747085571289,54.916873931884766
2019-07-31,90.61061096191406,24.42380142211914,133.2100067138672,92.7813491821289,42.57235336303711,102.96441650390625,183.19717407226562,268.5466613769531,108.33885192871094,54.19532775878906
2019-08-01,88.86627197265625,25.668033599853516,136.41000366210938,93.83372497558594,42.08701705932617,102.42466735839844,182.28648376464844,266.2081604003906,110.49052429199219,52.810569763183594
2019-08-02,88.85892486572266,25.594303131103516,135.88999938964844,94.02830505371094,42.329681396484375,103.05301666259766,179.60226440429688,264.2037658691406,111.51167297363281,52.29310989379883
2019-08-05,87.39424896240234,26.359272003173828,137.7899932861328,94.84041595458984,41.779640197753906,100.21728515625,173.25601196289062,256.2581787109375,113.43942260742188,51.22173309326172
2019-08-06,87.86528015136719,26.423789978027344,138.91000366210938,94.99263763427734,42.281150817871094,101.86878204345703,175.68133544921875,259.8517761230469,114.34613800048828,51.717323303222656
2019-08-07,87.65921783447266,26.967567443847656,141.02000427246094,94.99263763427734,43.017250061035156,102.94023132324219,176.63043212890625,260.0052185058594,114.38700866699219,51.38207244873047
2019-08-08,90.69893646240234,27.437606811523438,141.72999572753906,95.00111389160156,43.42979049682617,104.30170440673828,180.474609375,265.1065979003906,114.63208770751953,52.75226593017578
2019-08-09,90.102783203125,27.059728622436523,141.25999450683594,94.8572998046875,43.211387634277344,103.6008529663086,178.77784729003906,263.3008728027344,114.40337371826172,51.62986755371094
2019-08-12,89.46245574951172,26.727935791015625,142.6300048828125,95.45793151855469,43.03343200683594,103.39944458007812,176.72630310058594,260.0955505371094,116.78857421875,51.37898635864258
2019-08-13,90.08068084716797,26.221025466918945,141.77999877929688,95.11959075927734,43.27609634399414,104.67230987548828,180.5992431640625,264.1405029296875,116.38838195800781,52.01356887817383
2019-08-14,86.65823364257812,26.184160232543945,142.75,95.75403594970703,42.86355972290039,104.01974487304688,175.20205688476562,256.33062744140625,119.01051330566406,49.91797637939453
2019-08-15,86.07677459716797,26.479087829589844,143.6999969482422,96.36312866210938,43.57538986206055,105.30873107910156,175.000732421875,257.0076904296875,120.33390808105469,49.622825622558594
2019-08-16,86.11393737792969,26.06434440612793,142.77999877929688,96.10932922363281,44.0121955871582,106.14653015136719,177.80958557128906,260.79986572265625,119.36994171142578,50.39759826660156
2019-08-19,87.22933959960938,25.74176597595215,141.11000061035156,95.65251922607422,44.23868942260742,106.79911041259766,180.6375274658203,263.9419250488281,117.66267395019531,51.24617004394531
2019-08-20,86.3519058227539,26.58968734741211,142.2100067138672,96.07551574707031,43.58347702026367,106.38822937011719,179.23794555664062,261.9194030761719,118.8798599243164,50.936256408691406
2019-08-21,87.65316772460938,26.451438903808594,141.75999450683594,95.82172393798828,43.761444091796875,106.61382293701172,180.8292999267578,264.05023193359375,118.08748626708984,51.445404052734375
2019-08-22,87.54164123535156,26.257890701293945,141.39999389648438,95.61022186279297,44.0769157409668,106.87159729003906,180.24452209472656,263.9690246582031,117.30323791503906,51.33472442626953
2019-08-23,85.6454849243164,27.317792892456055,144.1699981689453,96.2531509399414,43.47023391723633,104.94622039794922,174.54058837890625,257.18829345703125,119.2310562133789,49.7999267578125
2019-08-26,86.06190490722656,27.317792892456055,144.19000244140625,96.16008758544922,44.11735534667969,107.74165344238281,177.17684936523438,260.0324401855469,118.74909210205078,50.06554412841797
2019-08-27,86.12882995605469,28.165712356567383,145.57000732421875,96.57463836669922,44.2629508972168,108.56336212158203,176.80299377441406,259.0120849609375,120.57889556884766,49.578548431396484
2019-08-28,86.87239837646484,28.0274658203125,145.16000366210938,96.60846710205078,44.57841873168945,108.90977478027344,177.4357147216797,260.8359680175781,120.73420715332031,49.940120697021484
2019-08-29,87.3854751586914,27.336225509643555,144.1199951171875,96.42232513427734,44.52989196777344,109.57843017578125,180.14865112304688,264.1676330566406,120.27666473388672,50.4935302734375
2019-08-30,87.53418731689453,27.52055549621582,143.75,96.44775390625,44.52180862426758,110.1504135131836,179.71726989746094,264.05023193359375,120.30934143066406,50.530426025390625
2019-09-03,86.45600128173828,27.9906005859375,145.75,96.6595687866211,44.73211669921875,110.7385025024414,177.97251892089844,262.5062561035156,120.4648666381836,50.58944320678711
2019-09-04,87.18470764160156,28.525157928466797,146.66000366210938,96.81207275390625,45.1123046875,112.09999084472656,180.54171752929688,265.4858093261719,120.64485931396484,51.12812042236328
2019-09-05,87.47471618652344,27.01364517211914,143.13999938964844,96.0324935913086,44.586517333984375,110.30323791503906,183.84906005859375,268.8987731933594,118.45993041992188,51.851253509521484
2019-09-06,87.93572998046875,26.248676300048828,141.9199981689453,96.09184265136719,44.675498962402344,111.43074798583984,183.66690063476562,269.10638427734375,119.30282592773438,52.33824157714844
2019-09-09,88.77597045898438,25.55743408203125,141.38999938964844,95.49869537353516,44.10118103027344,110.64390563964844,183.28346252441406,269.2418518066406,117.1833724975586,52.751461029052734
2019-09-10,90.60517120361328,25.354671478271484,140.17999267578125,94.80380249023438,44.004112243652344,110.2059326171875,182.7561798095703,269.17864990234375,115.12939453125,53.179420471191406
2019-09-11,90.18133544921875,25.548219680786133,141.02999877929688,94.71063232421875,44.30339813232422,110.61149597167969,184.4722137451172,271.09283447265625,114.92481231689453,53.07612991333008
2019-09-12,90.28543090820312,25.133474349975586,141.32000732421875,94.4987564086914,44.57841873168945,111.36585998535156,185.23904418945312,272.03173828125,114.17200469970703,53.113033294677734
2019-09-13,90.34493255615234,24.552831649780273,140.14999389648438,93.6344223022461,44.21175765991211,110.6763916015625,184.5775909423828,271.8511657714844,111.7333984375,53.600040435791016
2019-09-16,92.2931137084961,25.15190887451172,141.32000732421875,94.04118347167969,43.967315673828125,109.41093444824219,183.75318908691406,271.01153564453125,113.1572265625,54.40432357788086
2019-09-17,92.12208557128906,25.916879653930664,141.60000610351562,94.28692626953125,44.19546890258789,110.07612609863281,184.63514709472656,271.6977233886719,113.77098846435547,53.99110412597656
2019-09-18,92.33770751953125,25.456050872802734,140.7100067138672,94.32086181640625,44.187313079833984,109.91388702392578,184.55844116210938,271.8601989746094,114.25385284423828,53.73284912109375
2019-09-19,91.9510498046875,25.898448944091797,141.27999877929688,94.36317443847656,44.423614501953125,109.89763641357422,184.86520385742188,271.8420715332031,114.59746551513672,53.37129592895508
2019-09-20,92.44182586669922,26.442222595214844,142.9499969482422,94.9054946899414,43.92658233642578,109.2730484008789,182.90956115722656,270.5578308105469,116.11139678955078,53.18681716918945
2019-09-23,92.87310028076172,26.875398635864258,143.75,95.04108428955078,44.11398696899414,109.8652114868164,182.99024963378906,270.4942626953125,116.08682250976562,53.223697662353516
2019-09-24,92.01055145263672,27.179546356201172,144.50999450683594,95.515625,44.244354248046875,109.80030822753906,180.5600128173828,268.37176513671875,117.4861068725586,52.493194580078125
2019-09-25,91.83951568603516,26.202592849731445,141.8300018310547,94.8885726928711,44.138423919677734,109.58129119873047,182.5868377685547,269.9591064453125,115.76766967773438,52.64816665649414
2019-09-26,89.3485336303711,25.907663345336914,141.7899932861328,95.09191131591797,44.31768035888672,110.09234619140625,181.91441345214844,269.3968200683594,116.51239013671875,52.36775588989258
2019-09-27,88.18854522705078,25.29937171936035,141.05999755859375,95.2275161743164,44.252506256103516,109.99497985839844,179.65701293945312,267.9454650878906,116.79874420166016,52.744083404541016
2019-09-30,88.18854522705078,24.61734962463379,138.8699951171875,95.30381774902344,44.35842514038086,111.21173095703125,181.36688232421875,269.1881408691406,117.08517456054688,52.10213088989258
2019-10-01,86.26266479492188,24.810895919799805,139.6300048828125,95.56773376464844,44.529537200927734,111.43074798583984,179.88755798339844,265.98614501953125,117.43765258789062,50.87722396850586
2019-10-02,83.4965591430664,25.26250457763672,141.25999450683594,95.89869689941406,43.25027847290039,108.64847564697266,176.79454040527344,261.28765869140625,117.72460174560547,49.54903793334961
2019-10-03,84.13602447509766,25.11504364013672,141.89999389648438,96.39940643310547,43.86954116821289,111.88499450683594,178.73492431640625,263.4282531738281,118.79843139648438,50.1614875793457
2019-10-04,84.6565170288086,25.68646812438965,141.89999389648438,96.58610534667969,44.439910888671875,113.7912826538086,181.36688232421875,266.9930419921875,119.67558288574219,50.89200210571289
2019-10-07,84.21782684326172,25.419191360473633,140.69000244140625,96.26361083984375,43.89398193359375,112.21759796142578,180.8193359375,265.8409729003906,118.68363952636719,50.19099044799805
2019-10-08,83.06526947021484,26.138078689575195,141.9199981689453,96.46728515625,43.657691955566406,111.32532501220703,178.1105194091797,261.71392822265625,119.00343322753906,49.21699523925781
2019-10-09,84.12860107421875,25.85236358642578,142.0500030517578,96.22118377685547,43.861385345458984,111.82013702392578,179.8491668701172,264.1992492675781,118.33119201660156,49.763031005859375
2019-10-10,85.20680236816406,25.85236358642578,140.80999755859375,95.61861419677734,43.72288513183594,111.85255432128906,181.2419891357422,265.98614501953125,116.56869506835938,50.3607063293457
2019-10-11,86.36677551269531,24.856979370117188,140.02999877929688,94.96517181396484,43.429542541503906,111.6498031616211,183.57620239257812,268.7436218261719,115.12596130371094,50.89936447143555
2019-10-14,86.38908386230469,24.94914436340332,140.58999633789062,95.22823333740234,43.429542541503906,111.49567413330078,183.55697631835938,268.4443359375,115.96208953857422,51.04694747924805
2019-10-15,86.4857406616211,24.138092041015625,139.61000061035156,94.76995849609375,43.600650787353516,110.58712768554688,185.8911895751953,271.10211181640625,114.56035614013672,51.224021911621094
2019-10-16,85.59344482421875,24.61734962463379,140.41000366210938,94.9566650390625,43.5843620300293,110.66014099121094,185.4301300048828,270.6666564941406,114.69970703125,50.345943450927734
2019-10-17,85.77190399169922,24.958358764648438,140.61000061035156,94.92273712158203,43.828800201416016,111.09820556640625,185.9199981689453,271.4648742675781,114.4210205078125,50.279537200927734
2019-10-18,85.31832885742188,24.99522590637207,140.4600067138672,95.00762176513672,44.63545227050781,110.52225494384766,184.13336181640625,270.2765808105469,114.4210205078125,49.888465881347656
2019-10-21,86.70881652832031,24.49753189086914,139.7899932861328,94.65965270996094,44.187313079833984,110.41679382324219,185.76634216308594,272.10888671875,113.56026458740234,50.7222785949707
2019-10-22,87.59368133544922,24.460668563842773,140.1999969482422,94.88031005859375,43.87769317626953,110.85482788085938,184.28704833984375,271.219970703125,114.2242202758789,50.980533599853516
2019-10-23,87.72750091552734,24.70951271057129,140.52999877929688,94.91424560546875,44.521392822265625,111.49567413330078,184.64247131347656,272.00909423828125,114.33897399902344,51.4675407409668
2019-10-24,87.43010711669922,25.3638916015625,141.52999877929688,94.89724731445312,44.49694061279297,111.85255432128906,186.43875122070312,272.4535217285156,114.10945892333984,50.980533599853516
2019-10-25,88.2406005859375,25.566650390625,141.86000061035156,94.69358825683594,43.79621124267578,110.8386001586914,187.92762756347656,273.5693359375,113.55204772949219,51.09859848022461
2019-10-28,88.09932708740234,24.939926147460938,140.63999938964844,94.33715057373047,43.64954376220703,110.78182983398438,189.78158569335938,275.1112365722656,112.51914978027344,50.64849090576172
2019-10-29,87.83905029296875,25.078174591064453,140.25,94.42203521728516,43.519168853759766,110.38436126708984,188.31185913085938,275.029541015625,112.59290313720703,50.50090789794922
2019-10-30,86.52291870117188,25.29937171936035,141.02000427246094,94.88031005859375,43.95102310180664,111.04953002929688,189.2244110107422,275.8732604980469,114.24063873291016,49.9696159362793
2019-10-31,86.35932922363281,25.944530487060547,142.42999267578125,95.48284149169922,44.35028076171875,111.26850891113281,189.31088256835938,275.1384582519531,115.78170776367188,49.85894012451172
2019-11-01,86.41138458251953,25.81549835205078,142.55999755859375,95.30265045166016,43.91843032836914,111.0738525390625,191.0303192138672,277.68731689453125,115.4253921508789,51.35685729980469
2019-11-04,90.39697265625,25.3638916015625,142.14999389648438,94.81817626953125,43.299171447753906,109.6380844116211,192.2118377685547,278.8028869628906,113.90625,52.88426971435547
2019-11-05,90.672119140625,24.856979370117188,139.85000610351562,94.30826568603516,42.712501525878906,108.70523071289062,192.31747436523438,278.4945983886719,112.62512969970703,53.932071685791016
2019-11-06,89.15519714355469,25.16112518310547,140.4499969482422,94.5802230834961,43.02212142944336,109.05402374267578,191.88522338867188,278.55804443359375,113.30674743652344,52.751461029052734
2019-11-07,90.63490295410156,24.414583206176758,138.27000427246094,93.82379150390625,42.606571197509766,108.14555358886719,192.52879333496094,279.53765869140625,111.25379180908203,53.873050689697266
2019-11-08,89.92107391357422,24.17495346069336,137.38999938964844,93.69628143310547,42.54139709472656,107.99140167236328,193.2972412109375,280.22698974609375,110.78571319580078,52.84992980957031
2019-11-11,89.83183288574219,24.184171676635742,137.05999755859375,93.79833221435547,42.23991012573242,107.39111328125,193.0379180908203,279.6918640136719,110.85961151123047,52.52883529663086
2019-11-12,89.94338989257812,24.506752014160156,137.42999267578125,93.84078979492188,42.13398361206055,107.05855560302734,193.59503173828125,280.2814636230469,111.36873626708984,51.8044548034668
2019-11-13,90.92491149902344,24.654212951660156,137.97999572753906,94.0957260131836,42.7043571472168,108.12117004394531,193.64306640625,280.3721618652344,112.09136962890625,51.37879943847656
2019-11-14,90.68696594238281,24.884628295898438,138.55999755859375,94.57172393798828,42.88361358642578,108.15362548828125,193.4893798828125,280.7803649902344,113.24927520751953,51.15474319458008
2019-11-15,90.58936309814453,24.645000457763672,138.2100067138672,94.49523162841797,42.916202545166016,108.5429916381836,194.9110565185547,282.8121032714844,113.1259994506836,51.670021057128906
2019-11-18,89.01995086669922,25.068960189819336,138.6199951171875,94.65668487548828,43.20953369140625,108.74579620361328,195.0647735595703,283.0207824707031,113.33135986328125,51.16968536376953
2019-11-19,87.44305419921875,25.096609115600586,138.69000244140625,94.83518981933594,43.25027847290039,109.15950775146484,195.35293579101562,282.93914794921875,114.27569580078125,50.64693832397461
2019-11-20,88.11136627197266,25.197988510131836,138.75999450683594,95.18364715576172,43.36436080932617,108.4862060546875,194.1809844970703,281.8869323730469,115.45819854736328,50.80376434326172
2019-11-21,89.18516540527344,24.718730926513672,138.0,94.94570922851562,43.15250778198242,108.62413024902344,193.74876403808594,281.4335021972656,114.73554229736328,52.02849197387695
2019-11-22,89.08002471923828,24.663433074951172,137.74000549316406,94.9286880493164,43.20953369140625,108.7538833618164,193.87362670898438,282.059326171875,114.8833999633789,51.8044548034668
2019-11-25,88.89228820800781,24.147306442260742,137.0800018310547,94.97122192382812,43.36436080932617,108.55921173095703,196.1693878173828,284.245361328125,115.2200927734375,51.460933685302734
2019-11-26,88.44926452636719,24.681865692138672,137.74000549316406,95.14967346191406,43.91843032836914,110.07612609863281,196.54400634765625,284.8893127441406,115.8934326171875,51.333984375
2019-11-27,88.65953063964844,24.571264266967773,137.00999450683594,94.9031753540039,43.959171295166016,110.2464599609375,197.9176483154297,286.15924072265625,115.55679321289062,51.304100036621094
2019-11-29,87.95366668701172,24.958358764648438,137.86000061035156,94.82672119140625,43.83602523803711,110.18156433105469,197.0146942138672,285.09796142578125,115.31037902832031,50.878440856933594
2019-12-02,87.70586395263672,25.041309356689453,137.7899932861328,94.48623657226562,44.123355865478516,110.22212982177734,194.99749755859375,282.6761169433594,113.77299499511719,51.095008850097656
2019-12-03,87.02253723144531,25.594303131103516,139.11000061035156,95.32884979248047,44.164398193359375,109.88142395019531,193.4701690673828,280.7803649902344,116.15853881835938,50.691741943359375
2019-12-04,87.81100463867188,25.3270206451416,138.9199981689453,94.96289825439453,44.56664276123047,111.37398529052734,194.449951171875,282.5128479003906,114.99861907958984,51.26677703857422
2019-12-05,87.35294342041016,25.456050872802734,139.0,94.74156951904297,44.48454666137695,111.36988830566406,194.8341522216797,283.0207824707031,114.43928527832031,51.08753204345703
2019-12-06,88.6144790649414,24.856979370117188,137.6199951171875,94.45219421386719,44.67334747314453,112.20306396484375,196.91864013671875,285.6058044433594,113.8058853149414,51.908992767333984
2019-12-09,88.08131408691406,24.810895919799805,137.5800018310547,94.5287857055664,44.38603591918945,112.03972625732422,196.02528381347656,284.7079162597656,114.05268859863281,52.021018981933594
2019-12-10,88.52436828613281,25.004444122314453,137.97000122070312,94.41810607910156,44.13976287841797,111.31270599365234,195.8620147705078,284.3905029296875,114.06089782714844,51.57294845581055
2019-12-11,87.27783966064453,25.53900146484375,138.9199981689453,94.80966186523438,44.287532806396484,111.99070739746094,196.89942932128906,285.1977233886719,114.95755767822266,51.498260498046875
2019-12-12,89.21519470214844,25.492919921875,138.42999267578125,94.06066131591797,44.443504333496094,112.05601501464844,198.36912536621094,287.6558532714844,113.06556701660156,52.52883529663086
2019-12-13,88.57693481445312,25.548219680786133,139.0500030517578,94.61390686035156,44.67334747314453,112.6768569946289,199.02227783203125,287.828125,114.3735122680664,51.69990539550781
2019-12-16,89.62820434570312,25.24407196044922,139.0399932861328,94.17132568359375,44.67334747314453,111.9580307006836,201.02037048339844,289.80560302734375,113.34519958496094,52.274932861328125
2019-12-17,89.05750274658203,25.032093048095703,139.00999450683594,94.17982482910156,44.67334747314453,111.23104095458984,201.1355438232422,289.869140625,113.18894958496094,52.035945892333984
2019-12-18,89.01995086669922,25.29937171936035,139.02000427246094,93.92446899414062,44.25469970703125,111.06765747070312,201.28929138183594,289.88720703125,112.25941467285156,52.17783737182617
2019-12-19,88.7045669555664,25.3270206451416,139.3800048828125,93.99778747558594,44.59126663208008,111.47608184814453,202.54762268066406,291.0754089355469,112.43899536132812,51.81938934326172
2019-12-20,89.86848449707031,25.004444122314453,139.52000427246094,93.99778747558594,45.12485122680664,112.66051483154297,203.3641357421875,292.35162353515625,112.58727264404297,52.23012161254883
2019-12-23,90.3565673828125,25.77577018737793,139.9499969482422,93.9125747680664,45.07558822631836,111.94170379638672,203.90130615234375,292.7982482910156,112.42254638671875,52.49150466918945
2019-12-24,90.36407470703125,26.60185432434082,141.27000427246094,94.0744857788086,44.91140365600586,111.81916809082031,204.00717163085938,292.8074035644531,112.74388122558594,52.28985595703125
2019-12-26,90.55931854248047,26.991695404052734,142.3800048828125,94.21087646484375,45.165889739990234,111.65580749511719,205.80734252929688,294.3660888671875,113.01577758789062,52.372013092041016
2019-12-27,90.33404541015625,26.79677391052246,142.3300018310547,94.34722900390625,45.43677520751953,112.35011291503906,205.63412475585938,294.2931823730469,113.13929748535156,52.192779541015625
2019-12-30,89.99612426757812,27.372251510620117,142.6300048828125,94.28758239746094,45.371116638183594,111.75381469726562,204.28636169433594,292.6706237792969,112.7273941040039,51.8866081237793
2019-12-31,90.49171447753906,27.177331924438477,142.89999389648438,93.94662475585938,45.43677520751953,111.63944244384766,204.67141723632812,293.3816223144531,111.62335205078125,52.11063766479492
2020-01-02,91.18257141113281,27.242305755615234,143.9499969482422,94.38134002685547,45.14126205444336,110.94509887695312,208.08888244628906,296.1253356933594,112.88392639160156,52.9470329284668
2020-01-03,90.86719512939453,27.07522964477539,145.86000061035156,95.01213073730469,44.89499282836914,110.7899169921875,206.18276977539062,293.88299560546875,114.62237548828125,52.5213737487793
2020-01-06,90.55931854248047,27.12163734436035,147.38999938964844,94.90977478027344,44.87857437133789,111.21468353271484,207.51124572753906,295.0041198730469,113.97148895263672,52.92463684082031
2020-01-07,89.4029312133789,27.381532669067383,147.97000122070312,94.7734375,44.5338020324707,109.46662139892578,207.4823760986328,294.1746520996094,113.4112548828125,52.49150466918945
2020-01-08,88.38169860839844,26.314117431640625,146.86000061035156,94.55184173583984,44.61587905883789,110.03023529052734,209.04188537597656,295.7425231933594,112.66151428222656,51.69990539550781
2020-01-09,88.23902130126953,26.026378631591797,146.02999877929688,94.61997985839844,45.428585052490234,110.10377502441406,210.81324768066406,297.74786376953125,113.05690002441406,52.09571075439453
2020-01-10,87.43553924560547,26.406936645507812,146.91000366210938,94.8245849609375,45.58455276489258,109.8913803100586,210.27407836914062,296.8909912109375,114.06209564208984,51.632694244384766
2020-01-13,87.60076141357422,25.77577018737793,145.82000732421875,94.71376037597656,46.077091217041016,111.52509307861328,212.70001220703125,298.9327697753906,113.71609497070312,52.12556457519531
2020-01-14,87.3304214477539,26.230579376220703,145.69000244140625,94.90127563476562,45.97037124633789,111.78649139404297,211.86251831054688,298.47698974609375,114.30105590820312,51.67750549316406
2020-01-15,87.20276641845703,26.722518920898438,146.5399932861328,95.13996887207031,46.54499816894531,113.70608520507812,211.94912719726562,299.1515197753906,115.05900573730469,51.59534454345703
2020-01-16,87.77345275878906,26.611135482788086,146.30999755859375,94.94389343261719,46.64350509643555,114.0409927368164,213.9803466796875,301.6399841308594,114.69657135009766,51.39372253417969
2020-01-17,86.78976440429688,26.37908935546875,146.5800018310547,94.8672103881836,46.74201965332031,115.38880920410156,215.039306640625,302.578857421875,113.71609497070312,51.199546813964844
2020-01-21,85.085205078125,26.871030807495117,146.74000549316406,95.24220275878906,46.93082809448242,115.87892150878906,214.9429931640625,301.98638916015625,114.91073608398438,50.46771240234375
2020-01-22,84.77735137939453,26.76892852783203,146.7899932861328,95.25926971435547,47.292030334472656,117.12056732177734,215.51097106933594,302.0227966308594,115.31449127197266,50.17646026611328
2020-01-23,84.9275131225586,26.60185432434082,147.1199951171875,95.49795532226562,47.472625732421875,117.34112548828125,216.20411682128906,302.3692321777344,116.12186431884766,49.8628044128418
2020-01-24,83.98887634277344,27.12163734436035,147.97999572753906,95.8388900756836,47.3494873046875,116.74480438232422,214.3846893310547,299.68023681640625,117.06123352050781,49.52676010131836
2020-01-27,82.8925552368164,26.991695404052734,148.99000549316406,96.48665618896484,47.185302734375,116.10763549804688,209.95643615722656,294.8765869140625,118.88202667236328,48.34684753417969
2020-01-28,83.44073486328125,26.276988983154297,147.66000366210938,96.16278076171875,46.79948425292969,116.35270690917969,213.18136596679688,297.9665832519531,117.9510269165039,48.279624938964844
2020-01-29,82.8775405883789,26.787492752075195,148.4600067138672,96.62303924560547,46.79948425292969,115.77274322509766,213.5279083251953,297.720458984375,119.10442352294922,47.876365661621094
2020-01-30,83.65097045898438,26.666828155517578,148.47000122070312,96.71681213378906,48.318145751953125,117.4881362915039,214.2884063720703,298.6866760253906,119.1209716796875,48.384178161621094
2020-01-31,80.45210266113281,26.90815544128418,149.3300018310547,97.20263671875,47.94053649902344,116.0096435546875,210.8902130126953,293.26312255859375,120.2084732055664,46.390262603759766
2020-02-03,79.80632781982422,26.509035110473633,148.36000061035156,97.11986541748047,48.088294982910156,116.40988159179688,214.07659912109375,295.44158935546875,120.11105346679688,45.352237701416016
2020-02-04,80.23436737060547,26.035659790039062,146.42999267578125,96.5565414428711,48.30173110961914,116.98985290527344,218.9766082763672,299.9445495605469,118.49356842041016,44.7846794128418
2020-02-05,82.80997467041016,26.035659790039062,146.61000061035156,96.13834381103516,48.309940338134766,117.87203979492188,219.69857788085938,303.4082946777344,117.19783782958984,46.84579849243164
2020-02-06,82.21675872802734,26.360525131225586,147.39999389648438,96.20659637451172,48.42485809326172,117.89657592773438,221.59500122070312,304.4292297363281,117.72608184814453,46.211036682128906
2020-02-07,81.80375671386719,25.92427635192871,147.7899932861328,96.66753387451172,48.58903503417969,118.74608612060547,220.6419677734375,302.8067321777344,119.19502258300781,45.90485382080078
2020-02-10,82.4420394897461,26.35124397277832,148.1699981689453,96.8552474975586,49.04874801635742,118.98296356201172,223.30857849121094,305.0672912597656,119.5251235961914,45.420047760009766
2020-02-11,83.50828552246094,26.38837242126465,147.66000366210938,96.62483215332031,48.91740036010742,119.32608032226562,223.3470458984375,305.59600830078125,118.92269897460938,45.85182189941406
2020-02-12,84.13156127929688,26.10063362121582,147.5399932861328,96.37731170654297,48.7696418762207,119.32608032226562,225.52264404296875,307.5648498535156,118.32025146484375,46.41238021850586
2020-02-13,83.84622192382812,26.286270141601562,148.3800048828125,96.46263122558594,48.93382263183594,119.64464569091797,225.23388671875,307.2366638183594,118.77413940429688,46.15483856201172
2020-02-14,83.62588500976562,26.276988983154297,149.0,96.7016372680664,49.21292495727539,120.0694351196289,225.87884521484375,307.72894287109375,119.29408264160156,45.94272232055664
2020-02-18,83.74745178222656,27.130922317504883,150.91000366210938,96.8552474975586,48.86814880371094,118.93397521972656,225.9654998779297,306.9360046386719,120.11105346679688,45.35944747924805
2020-02-19,84.12728118896484,27.61357879638672,151.7899932861328,96.83821105957031,49.06515884399414,118.87680053710938,228.13148498535156,308.4034118652344,120.10283660888672,45.70790100097656
2020-02-20,83.42079162597656,27.61357879638672,152.41000366210938,97.11986541748047,49.02412414550781,118.5745620727539,226.01361083984375,307.1365051269531,121.043701171875,45.34429931640625
2020-02-21,82.81305694580078,28.448945999145508,154.6999969482422,97.51248168945312,49.360694885253906,119.13818359375,221.6719970703125,303.9735107421875,122.17434692382812,44.791316986083984
2020-02-24,79.54642486572266,28.820222854614258,156.08999633789062,98.2720718383789,48.145751953125,116.51608276367188,213.1235809326172,293.8921203613281,123.99815368652344,42.693031311035156
2020-02-25,76.50767517089844,27.817781448364258,153.3000030517578,98.54521942138672,47.46440887451172,115.25812530517578,207.328369140625,284.9865417480469,124.65843963623047,41.056827545166016
2020-02-26,74.47931671142578,27.72496223449707,153.97000122070312,98.49396514892578,47.2838134765625,115.97695922851562,208.39694213867188,283.93829345703125,123.99815368652344,40.155372619628906
2020-02-27,71.50897216796875,26.12847900390625,154.0,98.97196960449219,45.092018127441406,111.39442443847656,197.96170043945312,271.1861267089844,125.34342193603516,37.73894119262695
2020-02-28,70.90879821777344,24.337078094482422,148.3800048828125,100.08150482177734,43.9099235534668,107.8492431640625,198.11570739746094,270.0467529296875,128.17410278320312,38.96610641479492
2020-03-02,73.37779235839844,25.330238342285156,149.1999969482422,100.01316833496094,45.90470504760742,112.38279724121094,208.33914184570312,281.7414855957031,127.23108673095703,40.81440734863281
2020-03-03,71.70648956298828,26.620418548583984,153.88999938964844,101.17529296875,46.019630432128906,110.74909210205078,201.65830993652344,273.674560546875,129.20643615722656,38.860050201416016
2020-03-04,74.85157012939453,27.03809928894043,154.16000366210938,100.95309448242188,48.367393493652344,116.31187438964844,210.07192993164062,285.177978515625,127.83431243896484,39.70844650268555
2020-03-05,73.8335952758789,27.678552627563477,157.49000549316406,101.8503646850586,46.577842712402344,113.56925964355469,203.68951416015625,275.6981201171875,131.01641845703125,37.958621978759766
2020-03-06,72.41299438476562,27.29799461364746,157.5500030517578,102.88430786132812,45.3629035949707,112.87848663330078,200.2528533935547,271.1405334472656,137.8350372314453,36.12545394897461
2020-03-09,61.28361129760742,25.34880256652832,157.80999755859375,103.80722045898438,42.57184600830078,107.03964233398438,186.34234619140625,249.9659881591797,141.57080078125,31.709199905395508
2020-03-10,64.55787658691406,25.5158748626709,154.47999572753906,101.90160369873047,44.04948043823242,110.31267547607422,196.48878479003906,262.9004211425781,134.3140869140625,32.883331298828125
2020-03-11,63.07648468017578,23.362478256225586,153.92999267578125,100.88477325439453,42.85916519165039,106.70246887207031,187.9307403564453,250.08436584472656,129.37168884277344,31.800094604492188
2020-03-12,57.93342590332031,20.707860946655273,147.7899932861328,100.9360580444336,38.71361541748047,94.85210418701172,170.69906616210938,226.1570587158203,130.17337036132812,28.164064407348633
2020-03-13,63.37275695800781,17.63556480407715,143.27999877929688,100.27806091308594,40.13794708251953,104.81101989746094,185.15830993652344,245.49032592773438,127.23108673095703,28.87612533569336
2020-03-16,52.94989776611328,20.874937057495117,141.63999938964844,102.92704772949219,37.47975158691406,93.00178527832031,162.97857666015625,218.62791442871094,135.47120666503906,26.126375198364258
2020-03-17,53.70198440551758,23.668781280517578,143.55999755859375,100.34638977050781,39.06970977783203,105.03307342529297,175.33917236328125,230.43209838867188,126.4376449584961,27.883790969848633
2020-03-18,41.82054901123047,18.2667293548584,140.6999969482422,98.95353698730469,37.14023208618164,99.44094848632812,170.00601196289062,218.7646026611328,119.30497741699219,25.088598251342773
2020-03-19,43.59819793701172,19.742549896240234,138.0399932861328,99.27823638916016,34.639381408691406,96.49687194824219,171.02639770507812,219.22952270507812,122.55305480957031,26.08092498779297
2020-03-20,45.11757278442383,19.074254989624023,140.11000061035156,101.80764770507812,31.7161922454834,85.46888732910156,164.32627868652344,209.78201293945312,131.76853942871094,24.800743103027344
2020-03-23,41.19001388549805,20.355154037475586,146.3000030517578,103.01252746582031,31.103391647338867,86.49685668945312,164.4449462890625,204.41824340820312,137.19862365722656,23.82356071472168
2020-03-24,50.55691146850586,23.343915939331055,153.39999389648438,102.31181335449219,32.66850280761719,93.61856842041016,177.17910766601562,222.93922424316406,134.64476013183594,26.84600257873535
2020-03-25,52.62324142456055,24.420612335205078,151.3000030517578,102.37162017822266,34.457191467285156,92.51658630371094,175.86712646484375,226.2766571044922,134.33892822265625,28.247386932373047
2020-03-26,58.02457046508789,23.9936466217041,153.24000549316406,102.61943817138672,36.6765022277832,98.89820098876953,185.1283721923828,239.48887634277344,135.00010681152344,29.4063777923584
2020-03-27,52.251007080078125,22.619930267333984,152.25,103.37995147705078,35.45091247558594,99.0626449584961,178.7612762451172,232.3555450439453,138.6035919189453,27.989839553833008
2020-03-30,54.6591796875,22.211528778076172,152.9199981689453,103.61922454833984,37.264442443847656,103.19094848632812,185.26341247558594,239.90145874023438,137.46311950683594,28.40645980834961
2020-03-31,55.04662322998047,21.385440826416016,148.0500030517578,103.80722045898438,36.643375396728516,98.76660919189453,183.6813201904297,236.32565307617188,136.34732055664062,28.76249885559082
2020-04-01,52.083866119384766,22.304344177246094,149.4499969482422,104.22986602783203,34.8795280456543,97.13832092285156,175.87677001953125,225.68983459472656,138.2576141357422,28.42919158935547
2020-04-02,57.82707595825195,23.241817474365234,151.89999389648438,104.24695587158203,36.39495086669922,101.85871887207031,179.4462127685547,230.8977508544922,139.135009765625,30.603240966796875
2020-04-03,57.059783935546875,23.158279418945312,152.64999389648438,104.32392883300781,36.29557418823242,102.45906066894531,176.89939880371094,227.5602569580078,139.4661407470703,29.70180320739746
2020-04-06,61.07090759277344,24.448461532592773,156.8800048828125,103.8534164428711,38.64737319946289,107.86201477050781,189.54678344726562,242.8446502685547,139.1018524169922,30.65625762939453
2020-04-07,61.473548889160156,24.21640968322754,156.0399932861328,103.39142608642578,38.51487731933594,107.30281066894531,189.4696044921875,243.0922393798828,137.6451873779297,31.23953628540039
2020-04-08,65.31754302978516,24.318511962890625,154.64999389648438,103.26311492919922,39.59969711303711,109.05443572998047,193.492431640625,251.2524871826172,136.64361572265625,33.216636657714844
2020-04-09,64.04887390136719,26.871030807495117,158.69000244140625,103.48552703857422,40.576839447021484,109.89326477050781,193.772216796875,255.07582092285156,136.89195251464844,32.67123031616211
2020-04-13,64.50469207763672,28.56961441040039,161.41000366210938,103.26311492919922,38.8626708984375,107.63999938964844,195.86566162109375,252.7469940185547,135.64205932617188,32.39094924926758
2020-04-14,64.27676391601562,28.541765213012695,162.67999267578125,103.39998626708984,40.51060104370117,113.81595611572266,204.38409423828125,260.20123291015625,135.6090087890625,32.1409797668457
2020-04-15,62.66625213623047,27.98485565185547,161.85000610351562,104.32392883300781,39.42578125,111.04458618164062,202.0397491455078,254.67247009277344,139.20120239257812,30.66383934020996
2020-04-16,60.76704788208008,28.69955825805664,161.7100067138672,104.43517303466797,39.003448486328125,111.5462417602539,205.72500610351562,255.9010009765625,140.78213500976562,29.656356811523438
2020-04-17,66.2215805053711,27.789936065673828,158.57000732421875,104.16143035888672,39.79842758178711,113.116943359375,207.6929931640625,262.8143005371094,138.8949432373047,32.739402770996094
2020-04-20,63.48671340942383,28.53248405456543,159.6999969482422,104.43517303466797,38.531429290771484,110.64986419677734,205.23300170898438,258.18408203125,140.01235961914062,31.194082260131836
2020-04-21,62.0205192565918,28.36540985107422,158.61000061035156,104.7260513305664,37.579132080078125,107.68109893798828,197.6600341796875,250.3448028564453,141.7753143310547,31.027437210083008
2020-04-22,64.14762115478516,30.175376892089844,161.72999572753906,104.40095520019531,37.82755661010742,109.06267547607422,203.5254669189453,255.9010009765625,140.32688903808594,31.913724899291992
2020-04-23,65.94047546386719,31.0200252532959,163.33999633789062,104.46939086914062,37.32240676879883,107.12187957763672,203.0913543701172,255.88262939453125,141.07179260253906,32.91362380981445
2020-04-24,66.10002136230469,31.49340057373047,162.63999938964844,104.49503326416016,37.62053298950195,110.49358367919922,206.29417419433594,259.4493408203125,141.40286254882812,33.125728607177734
2020-04-27,68.15115356445312,31.36345672607422,161.55999755859375,103.93893432617188,38.738468170166016,110.57583618164062,207.95346069335938,263.190185546875,138.770751953125,33.28479766845703
2020-04-28,68.30308532714844,31.382020950317383,160.83999633789062,104.39240264892578,38.70534133911133,112.10545349121094,204.0367431640625,261.9799499511719,140.3682403564453,34.065040588378906
2020-04-29,71.8812255859375,31.58622169494629,161.72999572753906,104.34104919433594,39.020015716552734,109.67125701904297,211.27206420898438,268.8381652832031,139.63986206054688,35.95122528076172
2020-04-30,69.89083099365234,29.943326950073242,158.8000030517578,104.09298706054688,38.00146484375,108.7912826538086,211.18527221679688,266.3350524902344,138.00930786132812,35.2013053894043
2020-05-01,67.946044921875,30.899364471435547,159.77999877929688,104.23685455322266,37.761295318603516,107.023193359375,205.23300170898438,259.28436279296875,139.19114685058594,32.67879867553711
2020-05-04,69.46540832519531,31.549095153808594,160.33999633789062,104.25395965576172,37.38037872314453,107.66465759277344,207.62550354003906,259.99951171875,138.5364990234375,33.996856689453125
2020-05-05,70.56694793701172,32.291648864746094,161.02000427246094,104.17688751220703,37.59568405151367,108.28141021728516,209.97935485839844,262.40167236328125,137.64955139160156,33.958988189697266
2020-05-06,68.40946960449219,31.279916763305664,158.9499969482422,103.79153442382812,37.05741500854492,107.54953002929688,211.27206420898438,260.6229553222656,135.42861938476562,33.32267379760742
2020-05-07,70.37702941894531,32.514408111572266,161.38999938964844,104.42526245117188,36.93321228027344,108.18274688720703,213.99261474609375,263.7678527832031,137.6910400390625,33.512062072753906
2020-05-08,72.52694702148438,32.35661697387695,160.4199981689453,104.08269500732422,38.18363571166992,110.38670349121094,216.92529296875,268.13214111328125,135.90093994140625,34.981624603271484
2020-05-11,70.93161010742188,31.456275939941406,159.4199981689453,103.79153442382812,37.71162796020508,110.51005554199219,218.86434936523438,268.1872253417969,134.84011840820312,34.6483154296875
2020-05-12,69.20711517333984,31.409870147705078,160.0399932861328,104.13407897949219,37.115394592285156,109.3258285522461,214.28199768066406,262.84173583984375,136.22418212890625,34.06917190551758
2020-05-13,67.38388061523438,31.63263511657715,161.5800018310547,104.34817504882812,36.386661529541016,109.34227752685547,211.60009765625,258.19317626953125,137.17723083496094,32.37806701660156
2020-05-14,68.40946960449219,32.63507843017578,163.00999450683594,104.51087188720703,36.18791580200195,109.44097900390625,214.00225830078125,261.2830810546875,138.51988220214844,32.66379165649414
2020-05-15,67.73335266113281,33.94382095336914,163.92999267578125,104.4424057006836,35.82355499267578,111.80115509033203,215.3914337158203,262.48419189453125,138.1635284423828,32.432125091552734
2020-05-18,71.34083557128906,33.34977722167969,162.69000244140625,103.80007934570312,37.23960876464844,111.44756317138672,219.40460205078125,270.47943115234375,135.13015747070312,35.01124572753906
2020-05-19,69.0822982788086,34.53785705566406,164.25999450683594,104.09124755859375,36.88352584838867,108.33075714111328,218.85475158691406,267.7012023925781,135.6358184814453,33.93016815185547
2020-05-20,71.68773651123047,33.9809455871582,164.64999389648438,104.11695098876953,38.00146484375,107.94425201416016,223.22488403320312,272.2489318847656,136.0417938232422,35.03441619873047
2020-05-21,70.94772338867188,33.09916687011719,162.25,104.18543243408203,37.40522766113281,107.08076477050781,220.79383850097656,270.3693542480469,136.381591796875,34.40894317626953
2020-05-22,69.59105682373047,32.99706268310547,163.2100067138672,104.38245391845703,37.28928756713867,107.30281066894531,221.555908203125,270.8827819824219,137.20216369628906,34.43982696533203
2020-05-26,71.9189682006836,31.63263511657715,160.88999938964844,104.10836791992188,38.167083740234375,106.70246887207031,220.9578094482422,274.22021484375,135.36224365234375,35.45139694213867
2020-05-27,72.38147735595703,31.289201736450195,161.17999267578125,104.19404602050781,38.697059631347656,107.5741958618164,222.16368103027344,278.3004150390625,135.11363220214844,35.70622253417969
2020-05-28,70.04585266113281,31.55837631225586,161.72000122070312,104.09979248046875,38.995174407958984,108.7912826538086,221.87429809570312,277.78692626953125,134.61636352539062,34.77959442138672
2020-05-29,70.68563842773438,31.855390548706055,162.91000366210938,104.43382263183594,38.65565490722656,108.18274688720703,225.12539672851562,279.0246887207031,135.5777587890625,35.111637115478516
2020-06-01,71.5258560180664,32.83927917480469,163.66000366210938,104.39266967773438,38.912357330322266,109.36695861816406,225.80068969726562,280.1524353027344,134.66488647460938,35.73711013793945
2020-06-02,72.99044036865234,31.64191246032715,162.60000610351562,104.22124481201172,38.837833404541016,109.0708999633789,227.31529235839844,282.47210693359375,134.17535400390625,36.532470703125
2020-06-03,74.90980529785156,30.47239875793457,159.60000610351562,103.60395812988281,39.66594314575195,109.22715759277344,228.337890625,286.23138427734375,132.39114379882812,38.02279281616211
2020-06-04,74.216064453125,30.732290267944336,161.27999877929688,103.19243621826172,39.682491302490234,108.21028137207031,226.7364501953125,285.4795837402344,130.4742431640625,37.91469955444336
2020-06-05,77.70793151855469,30.128965377807617,158.00999450683594,102.67804718017578,40.65137481689453,109.76004028320312,231.23202514648438,292.7962341308594,129.54481506347656,40.9880256652832
2020-06-08,79.58106994628906,30.42598533630371,159.72000122070312,102.78953552246094,41.280731201171875,109.56942749023438,233.0263671875,296.33538818359375,130.0427703857422,42.269859313964844
2020-06-09,78.2629623413086,30.685884475708008,161.25999450683594,103.15816497802734,40.576839447021484,110.19926452636719,234.71463012695312,294.125732421875,131.51986694335938,41.32779312133789
2020-06-10,75.2181625366211,32.050315856933594,163.57000732421875,103.92974853515625,40.26216506958008,111.16063690185547,237.5316162109375,292.4844970703125,133.46995544433594,39.11158752441406
2020-06-11,68.88957214355469,30.47239875793457,162.38999938964844,104.29837036132812,37.71162796020508,105.9477767944336,225.76206970214844,275.623046875,135.9926300048828,35.65989303588867
2020-06-12,71.21749877929688,30.296039581298828,162.6199951171875,104.06686401367188,38.10436248779297,106.90914154052734,227.5564727783203,278.9238586425781,134.6815185546875,36.42436599731445
2020-06-15,70.32334899902344,31.10356330871582,162.3300018310547,103.98117065429688,38.68929672241211,108.13568115234375,230.3251495361328,281.52777099609375,134.75624084472656,36.40119171142578
2020-06-16,72.481689453125,30.296039581298828,162.25,103.76686096191406,39.08203887939453,109.12189483642578,234.28048706054688,286.9465026855469,132.6898956298828,37.21971130371094
2020-06-17,70.56229400634766,30.49095916748047,162.55999755859375,103.92974853515625,38.92327117919922,109.19647216796875,235.02333068847656,285.7546691894531,133.2375946044922,36.007389068603516
2020-06-18,70.87064361572266,30.101123809814453,162.24000549316406,104.16121673583984,39.2658805847168,110.04180908203125,235.6600341796875,285.8646545410156,134.64822387695312,36.2313117980957
2020-06-19,69.86084747314453,31.14069175720215,164.02999877929688,104.19548797607422,38.455322265625,108.79867553710938,235.6214599609375,284.23089599609375,134.75624084472656,35.50545120239258
2020-06-22,70.60084533691406,32.36589813232422,165.08999633789062,104.10120391845703,38.221351623535156,108.60807800292969,238.44717407226562,286.0542907714844,134.7727813720703,35.84521484375
2020-06-23,70.4852294921875,32.82999038696289,166.47999572753906,104.06686401367188,38.137779235839844,108.86497497558594,240.4765625,287.3712463378906,133.85169982910156,36.06142807006836
2020-06-24,67.5560531616211,32.2452392578125,165.89999389648438,104.26408386230469,37.31052780151367,107.37322235107422,235.5189971923828,280.040771484375,135.2872772216797,34.362606048583984
2020-06-25,68.76626586914062,32.449440002441406,165.8000030517578,104.28121185302734,37.54450225830078,108.90644073486328,237.7610626220703,283.0430603027344,135.67730712890625,34.879974365234375
2020-06-26,66.64645385742188,32.66292190551758,166.5399932861328,104.56413269042969,36.40805435180664,106.85111236572266,232.1463165283203,276.32025146484375,137.12950134277344,33.683074951171875
2020-06-29,67.57915496826172,33.006343841552734,166.6300048828125,104.6669921875,37.06818771362305,108.63294982910156,234.6782684326172,280.3815612792969,136.697998046875,34.223609924316406
2020-06-30,68.78168487548828,34.045921325683594,167.3699951171875,104.47840881347656,37.335594177246094,109.6108627319336,239.2782745361328,283.9730224609375,136.0341796875,34.53248977661133
2020-07-01,67.54061889648438,33.934539794921875,166.6199951171875,104.3154067993164,37.452579498291016,109.69374084472656,242.07115173339844,285.96234130859375,135.7699432373047,33.75257110595703
2020-07-02,68.07250213623047,33.572540283203125,166.97999572753906,104.4440689086914,37.502716064453125,110.0998306274414,243.71401977539062,287.5370178222656,135.91123962402344,34.03827667236328
2020-07-06,68.27291107177734,34.19442367553711,167.97999572753906,104.28961181640625,37.795188903808594,110.47279357910156,249.70559692382812,291.9757995605469,135.35455322265625,34.27766036987305
2020-07-07,66.53083038330078,35.020511627197266,169.0399932861328,104.62427520751953,37.778465270996094,110.69652557373047,247.98544311523438,288.9644775390625,137.25711059570312,33.389644622802734
2020-07-08,66.5616683959961,36.16218566894531,170.08999633789062,104.46127319335938,37.66147994995117,111.23523712158203,251.25184631347656,291.1745910644531,136.70870971679688,33.31241989135742
2020-07-09,63.778926849365234,36.004390716552734,169.6300048828125,104.79586791992188,36.692161560058594,109.98380279541016,253.3682403564453,289.51690673828125,138.8854522705078,31.937925338745117
2020-07-10,65.69833374023438,35.64241027832031,169.19000244140625,104.58993530273438,37.728336334228516,111.43413543701172,255.0980224609375,292.4731140136719,138.18760681152344,32.93404769897461
2020-07-13,65.82938385009766,34.4636116027832,169.39999389648438,104.70152282714844,37.811893463134766,111.80706787109375,249.85057067871094,289.94061279296875,138.64451599121094,32.941776275634766
2020-07-14,68.10333251953125,35.81875991821289,170.19000244140625,104.69290924072266,38.329978942871094,112.3126220703125,251.61903381347656,293.6978759765625,138.84385681152344,34.03055953979492
2020-07-15,68.51959228515625,35.893009185791016,170.33999633789062,104.65857696533203,38.77285385131836,110.79598999023438,252.13128662109375,296.396240234375,138.1959228515625,34.4630012512207
2020-07-16,68.11104583740234,35.34538269042969,168.72999572753906,104.73583221435547,38.563961029052734,110.95346069335938,250.4110870361328,295.4200134277344,138.85215759277344,34.192718505859375
2020-07-17,67.20916748046875,36.487056732177734,170.1199951171875,104.71005249023438,39.123817443847656,111.59988403320312,250.70101928710938,296.2765808105469,138.56146240234375,33.605857849121094
2020-07-20,65.72916412353516,37.4802131652832,170.94000244140625,104.77873229980469,38.53888702392578,110.3153076171875,257.81365966796875,298.6708679199219,138.902099609375,32.818214416503906
2020-07-21,70.44666290283203,37.9721565246582,173.0,104.8902587890625,39.44136047363281,111.40924835205078,255.12709045410156,299.3063659667969,138.98513793945312,34.47843933105469
2020-07-22,70.17688751220703,38.7518310546875,175.6300048828125,104.92459869384766,40.51095199584961,112.71867370605469,256.0258483886719,301.0099792480469,139.40057373046875,33.675357818603516
2020-07-23,70.15377044677734,38.0185546875,177.17999267578125,105.02754974365234,40.343833923339844,113.60543823242188,249.33837890625,297.4184875488281,141.0289306640625,33.74484634399414
2020-07-24,69.47541809082031,38.826087951660156,178.6999969482422,104.97606658935547,40.519309997558594,112.76014709472656,246.97076416015625,295.5029602050781,141.02064514160156,33.53635787963867
2020-07-27,70.17688751220703,40.691741943359375,182.22999572753906,104.81303405761719,40.51095199584961,114.09443664550781,251.37747192382812,297.6578674316406,140.49722290039062,34.03055953979492
2020-07-28,68.6891860961914,40.43185043334961,183.75,105.06192016601562,40.260257720947266,113.85408782958984,248.17874145507812,295.77001953125,141.46925354003906,33.62902069091797
2020-07-29,69.4291763305664,40.0327262878418,185.1300048828125,105.19918823242188,40.12657165527344,114.30987548828125,251.03919982910156,299.4075927734375,141.22830200195312,33.99967575073242
2020-07-30,66.4999771118164,38.640445709228516,183.75999450683594,105.34508514404297,39.85081100463867,114.11097717285156,252.3535919189453,298.3392639160156,142.1588592529297,32.33172607421875
2020-07-31,64.70394134521484,39.85637283325195,185.42999267578125,105.37081146240234,39.474788665771484,114.08612823486328,256.8569641113281,300.6968994140625,142.0674591064453,32.49390411376953
2020-08-03,65.37459564208984,39.48509979248047,185.63999938964844,105.31925964355469,38.68929672241211,113.29051971435547,260.3262023925781,302.7874450683594,141.35214233398438,32.62516784667969
2020-08-04,66.6695556640625,41.28578186035156,189.58999633789062,105.6799545288086,39.015193939208984,113.92865753173828,261.29266357421875,303.9569396972656,142.69955444335938,33.56724166870117
2020-08-05,67.21686553955078,41.332191467285156,191.35000610351562,105.32785034179688,39.458072662353516,112.9176025390625,261.9400634765625,305.84478759765625,141.45199584960938,33.86068344116211
2020-08-06,67.42500305175781,41.05373764038086,193.88999938964844,105.44806671142578,39.675331115722656,112.59439849853516,265.40948486328125,307.8892517089844,142.24205017089844,33.698516845703125
2020-08-07,66.90856170654297,39.67073440551758,190.80999755859375,105.22480010986328,39.94274139404297,113.32367706298828,262.345947265625,308.1101989746094,141.29397583007812,33.5440788269043
2020-08-10,69.16710662841797,39.34586715698242,190.14999389648438,105.11315155029297,39.875892639160156,112.69381713867188,261.2250671386719,309.0310363769531,140.66184997558594,34.37033462524414
2020-08-11,69.0822982788086,36.245723724365234,179.94000244140625,104.75248718261719,40.05136489868164,111.98109436035156,256.27703857421875,306.480224609375,138.99000549316406,34.72554016113281
2020-08-12,69.93020629882812,36.41279220581055,179.10000610351562,104.44332885742188,40.469173431396484,114.2021484375,262.7229309082031,310.75323486328125,137.72579956054688,34.71766662597656
2020-08-13,69.23646545410156,37.71226119995117,183.3300018310547,104.22864532470703,40.42738723754883,114.4507827758789,263.3219909667969,310.1915283203125,136.25367736816406,33.867244720458984
2020-08-14,69.64501190185547,37.452369689941406,182.5399932861328,104.28015899658203,40.48589324951172,114.00326538085938,263.0128173828125,310.20074462890625,135.72134399414062,34.0168571472168
2020-08-17,69.9687728881836,39.87493896484375,186.5,104.45191955566406,40.285343170166016,114.3016128540039,266.0665588378906,311.18609619140625,136.06240844726562,33.57589340209961
2020-08-18,68.52216339111328,39.59647750854492,188.17999267578125,104.63225555419922,40.460819244384766,114.45906066894531,268.6275939941406,311.8583984375,137.03543090820312,33.41054153442383
2020-08-19,67.55254364013672,38.064971923828125,182.24000549316406,104.49485778808594,39.583412170410156,113.08332061767578,266.8204040527344,310.55987548828125,136.17881774902344,33.040443420410156
2020-08-20,66.31707763671875,38.956031799316406,183.5,104.79539489746094,39.56670379638672,113.3071060180664,270.5216979980469,311.52679443359375,137.4097900390625,32.53649139404297
2020-08-21,66.52819061279297,37.95358657836914,182.02999877929688,104.87269592285156,39.50820541381836,113.09164428710938,272.3964538574219,312.6319580078125,138.23316955566406,32.292381286621094
2020-08-24,68.18590545654297,37.7308235168457,181.0,104.72673034667969,40.08478927612305,114.06956481933594,274.0973815917969,315.79986572265625,138.00857543945312,33.245182037353516
2020-08-25,67.34922790527344,37.66585159301758,181.22000122070312,104.47766876220703,40.03465270996094,113.78779602050781,276.2522888183594,316.905029296875,136.95228576660156,32.19002914428711
2020-08-26,66.2936019897461,38.61259841918945,183.36000061035156,104.43474578857422,40.24356460571289,114.75741577148438,282.1473388671875,320.08209228515625,136.42831420898438,31.50496482849121
2020-08-27,66.39527130126953,37.7401008605957,181.24000549316406,104.06549835205078,40.30205154418945,114.69940948486328,281.2679138183594,320.78204345703125,134.10780334472656,31.292360305786133
2020-08-28,66.958251953125,38.946746826171875,184.38999938964844,104.23722839355469,41.6390495300293,115.9757080078125,282.6982421875,322.8540954589844,134.00794982910156,32.040409088134766
2020-08-31,65.62894439697266,39.23448944091797,184.8300018310547,104.34883880615234,41.38835144042969,116.07514190673828,284.96923828125,321.6845397949219,134.89793395996094,31.449831008911133
2020-09-01,64.96428680419922,38.677574157714844,185.0500030517578,104.69088745117188,41.04575729370117,115.35413360595703,289.8397521972656,324.71441650390625,136.44090270996094,31.048254013061523
2020-09-02,65.05030059814453,38.7611083984375,182.6199951171875,104.83696746826172,42.77549743652344,118.75202178955078,292.58447265625,329.4110107421875,137.73988342285156,30.859268188476562
2020-09-03,64.33873748779297,38.324867248535156,181.13999938964844,104.9744873046875,42.18219757080078,116.33384704589844,277.750244140625,318.0745544433594,138.13116455078125,30.79627799987793
2020-09-04,64.06504821777344,37.92574691772461,181.63999938964844,104.3901138305664,42.650150299072266,115.82465362548828,274.049072265625,315.4775390625,135.5082550048828,30.772655487060547
2020-09-08,61.75047302246094,37.66585159301758,181.2899932861328,104.61351776123047,41.622337341308594,113.14525604248047,260.87713623046875,306.8577880859375,136.34092712402344,30.063968658447266
2020-09-09,62.579349517822266,39.299461364746094,183.0500030517578,104.56197357177734,41.93987274169922,114.44740295410156,268.5405578613281,312.91741943359375,135.9745635986328,29.882856369018555
2020-09-10,61.109283447265625,38.59403991699219,182.4600067138672,104.69088745117188,41.78110122680664,112.48583221435547,263.18670654296875,307.48406982421875,136.66566467285156,29.134801864624023
2020-09-11,60.74958038330078,38.20419692993164,182.4499969482422,104.85416412353516,42.6668586730957,113.36227416992188,261.3603515625,307.640625,136.95709228515625,29.056062698364258
2020-09-14,60.43680191040039,39.71714401245117,183.88999938964844,104.75965881347656,42.717403411865234,114.08009338378906,265.9119567871094,311.69256591796875,136.94883728027344,28.867074966430664
2020-09-15,59.7017822265625,39.71714401245117,183.4499969482422,104.70809936523438,43.003814697265625,113.20368194580078,269.680908203125,313.26739501953125,136.61573791503906,28.55998420715332
2020-09-16,61.429893493652344,39.77283477783203,183.97000122070312,104.64791870117188,42.784786224365234,112.66947174072266,265.38055419921875,312.024169921875,136.20777893066406,29.772621154785156
2020-09-17,61.6097412109375,39.07669448852539,182.9600067138672,104.68228912353516,42.58262634277344,111.18366241455078,261.234619140625,309.2797546386719,136.62411499023438,29.764745712280273
2020-09-18,61.15618896484375,38.389835357666016,183.1999969482422,104.5877685546875,42.498382568359375,109.7396469116211,257.90057373046875,305.71917724609375,136.19944763183594,29.28441047668457
2020-09-21,59.66267013549805,36.9789924621582,179.52000427246094,104.77681732177734,41.35273361206055,109.54764556884766,258.5190734863281,302.316650390625,136.8905029296875,28.685972213745117
2020-09-22,59.060585021972656,37.14606857299805,178.64999389648438,104.77681732177734,41.83289337158203,110.30722045898438,263.3219909667969,305.3955078125,136.78225708007812,27.97728157043457
2020-09-23,56.261192321777344,34.927696228027344,174.7899932861328,104.77681732177734,40.61144256591797,109.34730529785156,255.2816925048828,298.3130798339844,136.96543884277344,27.079620361328125
2020-09-24,56.143917083740234,35.91157531738281,175.44000244140625,104.82841491699219,41.02421188354492,109.83145141601562,256.4703369140625,299.1083068847656,137.49002075195312,27.02450180053711
2020-09-25,56.16737365722656,35.66096496582031,174.94000244140625,104.91435241699219,41.04106140136719,111.47584533691406,262.4329528808594,303.94390869140625,137.49002075195312,27.276477813720703
2020-09-28,57.8094596862793,36.07864761352539,176.6999969482422,104.89715576171875,41.512794494628906,115.16524505615234,267.88348388671875,308.9922180175781,137.09866333007812,27.80405044555664
2020-09-29,56.22211456298828,36.54274368286133,178.19000244140625,104.9744873046875,41.20952606201172,114.48914337158203,266.67547607421875,307.3094482421875,137.25686645507812,26.992996215820312
2020-09-30,56.30030059814453,36.34782409667969,177.1199951171875,104.69088745117188,41.58860778808594,115.69115447998047,268.5019226074219,309.63946533203125,135.9412384033203,27.032379150390625
2020-10-01,55.0648193359375,36.72837829589844,178.6999969482422,104.7502212524414,41.42855453491211,117.52749633789062,272.763671875,311.62738037109375,136.16552734375,26.087453842163086
2020-10-02,55.66693115234375,36.171470642089844,178.5399932861328,104.64704895019531,41.58018112182617,115.2403793334961,265.090576171875,308.668701171875,135.6570281982422,25.969348907470703
2020-10-05,56.84766387939453,36.72837829589844,179.41000366210938,103.98487854003906,41.59702682495117,115.13184356689453,270.7439880371094,314.14227294921875,133.00645446777344,26.56778907775879
2020-10-06,56.534889221191406,35.373226165771484,177.3000030517578,104.22566223144531,41.22637939453125,113.27043151855469,265.9119567871094,309.67645263671875,133.72317504882812,26.292192459106445
2020-10-07,57.69216537475586,35.59598922729492,177.22000122070312,103.92467498779297,41.7486572265625,114.36392974853516,270.51202392578125,315.0668640136719,132.74798583984375,26.378812789916992
2020-10-08,58.818180084228516,36.171470642089844,177.85000610351562,104.11384582519531,42.50680160522461,115.06507110595703,271.9519958496094,317.8592224121094,133.4648895263672,27.76467514038086
2020-10-09,57.86420822143555,37.85149002075195,181.0800018310547,104.06224822998047,42.80164337158203,115.5575942993164,276.107421875,320.6977233886719,133.4397735595703,27.355222702026367
2020-10-12,58.26299285888672,37.7493896484375,180.55999755859375,104.17403411865234,43.03750991821289,118.63765716552734,284.6309509277344,325.85693359375,133.86495971679688,27.268604278564453
2020-10-13,57.39502716064453,37.35954666137695,177.72000122070312,104.4062271118164,42.30463409423828,119.81461334228516,284.621337890625,323.7303466796875,134.8235321044922,26.945756912231445
2020-10-14,57.04313659667969,38.0185546875,178.27000427246094,104.44062805175781,42.22038650512695,118.96320343017578,282.2439880371094,321.69622802734375,135.1319122314453,26.890634536743164
2020-10-15,57.481040954589844,37.40595626831055,178.9199981689453,104.32886505126953,42.11088562011719,118.05333709716797,280.3498840332031,321.2986755371094,134.89849853515625,27.126867294311523
2020-10-16,56.9962272644043,36.9697151184082,178.3000030517578,104.2686538696289,42.14458465576172,118.30376434326172,278.8133239746094,321.10455322265625,134.52342224121094,26.851261138916016
2020-10-19,55.73729705810547,36.34782409667969,178.38999938964844,104.09664154052734,41.79920196533203,116.59260559082031,274.2615661621094,316.2226867675781,134.0149688720703,26.315811157226562
2020-10-20,56.050079345703125,36.626277923583984,179.25,103.87312316894531,42.32990264892578,116.6176528930664,274.8510437011719,317.4892578125,132.73971557617188,26.536293029785156
2020-10-21,55.41669845581055,37.053245544433594,180.60000610351562,103.73548889160156,42.11088562011719,116.52584838867188,274.6384582519531,316.8883361816406,132.28121948242188,26.111083984375
2020-10-22,57.39502716064453,36.375667572021484,178.8300018310547,103.37432861328125,42.692142486572266,116.5341796875,274.62890625,318.6265563964844,130.9059295654297,27.449708938598633
2020-10-23,56.74601364135742,36.0322380065918,178.63999938964844,103.52050018310547,42.557350158691406,116.49243927001953,275.16998291015625,319.70843505859375,131.70608520507812,26.898513793945312
2020-10-26,55.471431732177734,35.46604919433594,178.5500030517578,103.79571533203125,41.95083236694336,115.2403793334961,271.04351806640625,313.8002014160156,132.93142700195312,26.260698318481445
2020-10-27,54.35325241088867,36.041526794433594,179.02000427246094,104.02786254882812,42.035064697265625,116.12516784667969,273.159912109375,312.7183837890625,133.8232879638672,25.84335708618164
2020-10-28,52.296722412109375,33.89741134643555,176.1300048828125,104.01925659179688,40.40083694458008,111.99335479736328,262.5103759765625,302.03009033203125,133.94839477539062,24.85907554626465
2020-10-29,53.798072814941406,34.296531677246094,175.39999389648438,103.58071899414062,40.45138931274414,111.84310913085938,267.10064697265625,305.0997009277344,132.64797973632812,25.961471557617188
2020-10-30,54.34543228149414,34.797752380371094,176.1999969482422,103.24530792236328,40.485076904296875,111.2588119506836,260.3262023925781,301.9190368652344,131.3394012451172,25.685869216918945
2020-11-02,56.4175910949707,35.85588455200195,177.91000366210938,103.42259979248047,40.956825256347656,112.81136322021484,260.9061279296875,305.30316162109375,132.32315063476562,26.764652252197266
2020-11-03,56.09699630737305,36.54274368286133,178.9199981689453,103.19025421142578,41.57176208496094,114.3889389038086,265.4190979003906,310.6935119628906,131.55552673339844,26.307941436767578
2020-11-04,56.120452880859375,35.707374572753906,178.82000732421875,104.05934143066406,41.420127868652344,115.07344818115234,277.2671203613281,317.6373291015625,134.4091796875,26.166200637817383
2020-11-05,56.4097785949707,38.259891510009766,182.92999267578125,104.0421371459961,41.64755630493164,115.23200225830078,284.4957580566406,323.83203125,134.64285278320312,26.118959426879883
2020-11-06,55.635650634765625,38.445526123046875,183.19000244140625,103.68934631347656,41.656002044677734,115.50748443603516,284.708251953125,323.758056640625,133.01568603515625,25.811859130859375
2020-11-09,62.08671951293945,36.08793258666992,175.0800018310547,102.92350769042969,44.28424072265625,115.56591796875,278.890625,327.8263854980469,130.2203826904297,29.079687118530273
2020-11-10,64.95646667480469,34.86272430419922,175.66000366210938,102.63091278076172,45.472007751464844,118.29544067382812,273.89434814453125,327.34552001953125,129.4693603515625,29.724821090698242
2020-11-11,64.47947692871094,34.48217010498047,174.89999389648438,102.79442596435547,45.13505554199219,120.11510467529297,280.0212707519531,329.77734375,129.93667602539062,29.41838264465332
2020-11-12,63.07978057861328,34.797752380371094,175.9600067138672,103.37954711914062,44.6548957824707,120.06502532958984,278.70697021484375,326.57818603515625,132.1479949951172,28.41036033630371
2020-11-13,64.92520141601562,35.2804069519043,177.16000366210938,103.24188232421875,45.02553939819336,120.7912368774414,281.1518859863281,331.0994873046875,131.97267150878906,29.09581184387207
2020-11-16,69.5621566772461,35.048362731933594,177.14999389648438,103.16443634033203,45.362483978271484,121.66765594482422,283.345703125,335.23248291015625,131.65557861328125,30.773176193237305
2020-11-17,69.06227111816406,34.28725051879883,176.5,103.43115997314453,45.21929168701172,121.23358154296875,282.4468688964844,333.4294738769531,132.51510620117188,31.1844539642334
2020-11-18,66.8723373413086,33.2476806640625,175.49000549316406,103.39676666259766,44.31793975830078,119.68104553222656,280.3595275878906,329.4166564941406,132.89891052246094,30.007070541381836
2020-11-19,68.0228500366211,32.96922302246094,175.16000366210938,103.5086441040039,44.755977630615234,119.63097381591797,282.55328369140625,330.80352783203125,133.58306884765625,30.160295486450195
2020-11-20,68.07044982910156,33.32193374633789,175.69000244140625,103.68934631347656,44.36848449707031,119.71443939208984,280.6204528808594,328.5383605957031,134.7679901123047,29.789337158203125
2020-11-23,72.22815704345703,31.89252471923828,172.22999572753906,103.48281860351562,44.37690353393555,119.38054656982422,280.6302185058594,330.5077209472656,134.15054321289062,31.740886688232422
2020-11-24,75.8700942993164,31.0200252532959,169.58999633789062,103.31932830810547,44.8317985534668,120.22360229492188,284.57293701171875,335.8334045410156,132.81541442871094,33.85372543334961
2020-11-25,73.1089096069336,31.595502853393555,169.50999450683594,103.35376739501953,44.58750915527344,120.33209991455078,286.3221130371094,335.31561279296875,132.40664672851562,32.91020584106445
2020-11-27,72.45032501220703,31.771860122680664,167.7899932861328,103.66349792480469,44.393760681152344,120.69940948486328,288.9604187011719,336.24945068359375,133.6916046142578,32.410221099853516
2020-11-30,69.17335510253906,32.189544677734375,166.6699981689453,103.59468841552734,43.80793762207031,120.39057159423828,289.54986572265625,334.76080322265625,133.5247802734375,30.748981475830078
2020-12-01,69.3875961303711,33.377620697021484,170.17999267578125,103.04359436035156,44.1815185546875,121.92643737792969,293.26080322265625,338.4222717285156,131.55601501464844,31.04736328125
2020-12-02,71.30774688720703,33.386905670166016,171.4600067138672,102.87137603759766,44.24093246459961,120.7160873413086,293.6377868652344,339.13421630859375,130.51181030273438,32.2086067199707
2020-12-03,71.25221252441406,32.959938049316406,172.80999755859375,103.14693450927734,44.80976486206055,121.43318176269531,294.05328369140625,339.04180908203125,131.5642852783203,32.42634963989258
2020-12-04,74.01341247558594,32.7743034362793,172.32000732421875,102.7422103881836,45.71817398071289,122.61009979248047,295.2515563964844,341.9635314941406,129.63482666015625,33.61178970336914
2020-12-07,72.013916015625,33.87884521484375,174.88999938964844,103.0608139038086,44.98805618286133,122.20657348632812,296.9234313964844,341.26080322265625,130.80419921875,32.9827766418457
2020-12-08,72.63282775878906,33.73961639404297,175.5,103.16414642333984,45.14935302734375,122.33270263671875,297.9284973144531,342.2593994140625,131.4223175048828,34.063392639160156
2020-12-09,71.76002502441406,32.85783767700195,172.5,103.01775360107422,45.276710510253906,122.47560119628906,291.1831359863281,339.1897277832031,130.98793029785156,34.514991760253906
2020-12-10,74.06897735595703,32.70933532714844,172.1699981689453,103.2502670288086,45.03898239135742,121.61811065673828,292.3524169921875,339.07879638671875,132.14901733398438,35.49076461791992
2020-12-11,73.35486602783203,32.560821533203125,172.49000549316406,103.45691680908203,45.29368591308594,121.87031555175781,291.70501708984375,338.68121337890625,132.61676025390625,35.32140350341797
2020-12-14,70.9665756225586,31.827547073364258,171.5399932861328,103.39661407470703,45.22576904296875,121.24824523925781,293.8214111328125,337.1648254394531,132.24923706054688,34.047271728515625
2020-12-15,70.9110107421875,32.82999038696289,173.94000244140625,103.29327392578125,45.709686279296875,121.7021713256836,296.9621276855469,341.72308349609375,131.8065185546875,34.708526611328125
2020-12-16,70.37146759033203,33.442596435546875,174.89999389648438,103.20718383789062,45.0474739074707,121.80307006835938,298.5953369140625,342.2593994140625,131.45567321777344,35.24076843261719
2020-12-17,70.14930725097656,34.61211013793945,176.74000549316406,103.13224792480469,45.22576904296875,122.49240112304688,300.54754638671875,344.1733703613281,131.1079559326172,35.0633544921875
2020-12-18,69.18128967285156,33.953102111816406,176.44000244140625,103.04608154296875,45.624794006347656,123.51797485351562,299.63897705078125,342.7990417480469,130.71487426757812,34.458534240722656
2020-12-21,68.30847930908203,33.91577911376953,175.8800048828125,103.11499786376953,44.835227966308594,122.23179626464844,299.0784912109375,341.5733642578125,131.2333221435547,33.82952880859375
2020-12-22,66.93582153320312,32.926761627197266,174.49000549316406,103.28730773925781,44.79277801513672,121.07167053222656,299.8916931152344,340.9976806640625,131.9105224609375,33.256961822509766
2020-12-23,67.99110412597656,33.51457214355469,175.64999389648438,103.0718994140625,45.064456939697266,121.39955139160156,298.38140869140625,341.3040771484375,130.99917602539062,33.68437194824219
2020-12-24,67.70545196533203,33.61720657348633,176.35000610351562,103.21839904785156,45.37009048461914,121.94596862792969,299.69805908203125,342.6319274902344,131.5176239013672,33.547279357910156
2020-12-28,67.36428833007812,33.29997634887695,175.7100067138672,103.22702026367188,45.98136901855469,123.50119018554688,302.7187194824219,345.5754089355469,131.5761260986328,33.660179138183594
2020-12-29,67.13418579101562,33.34662628173828,176.35000610351562,103.20978546142578,45.95590591430664,123.9299545288086,302.98980712890625,344.9161376953125,131.40890502929688,33.281158447265625
2020-12-30,67.70545196533203,34.111717224121094,177.6999969482422,103.2787094116211,46.219078063964844,123.83749389648438,302.99945068359375,345.4082946777344,131.69320678710938,33.547279357910156
2020-12-31,67.00723266601562,33.60787582397461,178.36000061035156,103.34760284423828,46.558677673339844,124.66973876953125,303.7449035644531,347.1632080078125,131.88555908203125,33.24082946777344
2021-01-04,67.21350860595703,35.93113327026367,182.3300018310547,103.37350463867188,44.79277801513672,121.2818374633789,299.4559631347656,342.4369201660156,131.7266082763672,33.46663284301758
2021-01-05,69.0305404663086,35.92180252075195,182.8699951171875,103.13224792480469,44.30036926269531,121.64334106445312,301.9248352050781,344.7955017089844,130.7483673095703,35.07948684692383
2021-01-06,71.25221252441406,35.88447952270508,179.89999389648438,102.52910614013672,42.89103698730469,120.15535736083984,297.74237060546875,346.8567199707031,128.0642852783203,35.97461700439453
2021-01-07,71.58546447753906,35.80050277709961,179.47999572753906,102.16724395751953,42.41560363769531,119.76866912841797,304.9454040527344,352.0102233886719,126.93550872802734,36.25687026977539
2021-01-08,72.26781463623047,34.07439422607422,173.33999633789062,101.87432098388672,43.36647415161133,121.20616912841797,308.86639404296875,354.0158386230469,126.52582550048828,36.66007614135742
2021-01-11,72.680419921875,33.383949279785156,173.0,101.67613220214844,42.61935806274414,119.44921112060547,304.40325927734375,351.6295166015625,126.3167724609375,37.772945404052734
2021-01-12,74.06103515625,33.62654113769531,174.1199951171875,101.65892791748047,42.54294967651367,118.89437866210938,303.9191589355469,351.7037048339844,126.21644592285156,38.611629486083984
2021-01-13,73.98963165283203,33.253318786621094,173.3699951171875,102.01220703125,42.58539962768555,119.8695297241211,305.97174072265625,352.6508483886719,127.63787841796875,39.047096252441406
2021-01-14,75.76696014404297,33.2253303527832,173.27999877929688,101.779541015625,41.795841217041016,119.17179107666016,304.3354797363281,351.4158935546875,126.44212341308594,40.57123565673828
2021-01-15,73.0692138671875,32.19899368286133,171.1300048828125,102.05524444580078,41.34587860107422,118.86077880859375,301.9248352050781,348.8531188964844,126.94388580322266,38.619686126708984
2021-01-19,74.98939514160156,32.534889221191406,172.5800018310547,102.11555480957031,41.18456268310547,119.42400360107422,306.3298645019531,351.59234619140625,127.3536148071289,39.385799407958984
2021-01-20,75.67967224121094,33.62654113769531,175.38999938964844,102.15865325927734,41.32889938354492,118.81031036376953,313.455322265625,356.4578857421875,127.47901916503906,39.942230224609375
2021-01-21,73.00574493408203,33.31863784790039,175.27999877929688,102.01220703125,41.558135986328125,117.3643798828125,315.96282958984375,356.7829284667969,126.5843505859375,38.79710006713867
2021-01-22,72.78358459472656,32.87077713012695,173.89999389648438,102.16724395751953,41.1675910949707,116.5069351196289,315.0528259277344,355.5199890136719,126.99398040771484,38.24873352050781
2021-01-25,72.12499237060547,32.83346176147461,174.0500030517578,102.58080291748047,41.41380310058594,117.84354400634766,317.65704345703125,356.9220886230469,128.4907684326172,37.821327209472656
2021-01-26,70.9030990600586,32.74015426635742,173.6199951171875,102.54634094238281,41.846778869628906,119.20539855957031,318.1217956542969,356.36505126953125,128.2482452392578,36.9907112121582
2021-01-27,69.98267364501953,31.480562210083008,172.52000427246094,102.66699981689453,41.2015380859375,116.04454803466797,309.25360107421875,347.65533447265625,128.5743865966797,36.57136535644531
2021-01-28,70.63331604003906,32.264312744140625,172.67999267578125,102.3998794555664,41.7279167175293,117.01128387451172,311.08349609375,350.645263671875,127.86370849609375,37.14393615722656
2021-01-29,67.60231018066406,32.19899368286133,172.61000061035156,102.21896362304688,40.87892532348633,114.80879211425781,304.5388488769531,343.62542724609375,127.0943603515625,36.160099029541016
2021-02-01,68.56240844726562,33.2906494140625,174.22999572753906,102.34656524658203,41.15909194946289,115.15347290039062,312.1483459472656,349.3452453613281,127.24169158935547,36.22460174560547
2021-02-02,69.07814025878906,32.301631927490234,172.11000061035156,102.0879135131836,41.566612243652344,116.33037567138672,317.24078369140625,354.2851257324219,126.4213638305664,36.79716110229492
2021-02-03,70.58572387695312,32.29229736328125,171.85000610351562,101.83789825439453,41.40530014038086,116.02774810791016,315.9822692871094,354.5636291503906,125.29965209960938,38.24067687988281
2021-02-04,70.61743927001953,31.57386589050293,168.14999389648438,101.80341339111328,41.60905838012695,117.42321014404297,319.71923828125,358.5935363769531,124.96479797363281,38.97452163696289
2021-02-05,70.8237533569336,32.29229736328125,169.80999755859375,101.58786010742188,42.15241622924805,118.49929809570312,320.803466796875,360.00494384765625,123.91839599609375,40.28092575073242
2021-02-08,72.585205078125,32.8614501953125,171.52000427246094,101.63096618652344,42.381649017333984,118.02850341796875,322.9528503417969,362.6048889160156,124.46248626708984,42.014739990234375
2021-02-09,72.1726303100586,32.824127197265625,172.0800018310547,101.70857238769531,42.19486999511719,117.35597229003906,322.8851013183594,362.3634033203125,124.55455017089844,41.52267074584961
2021-02-10,73.4104232788086,32.91742706298828,172.7100067138672,101.96722412109375,42.10997009277344,115.75874328613281,322.1493225097656,362.20562744140625,125.38330078125,41.92452621459961
2021-02-11,73.013671875,32.47890853881836,171.2100067138672,101.88961791992188,42.704261779785156,113.46373748779297,323.9209289550781,362.79052734375,124.69691467285156,40.8747673034668
2021-02-12,73.4342041015625,32.45091247558594,170.69000244140625,101.55337524414062,43.03535842895508,112.53900146484375,325.73138427734375,364.58270263671875,123.14826965332031,41.43244934082031
2021-02-16,74.9389419555664,31.8071231842041,168.24000549316406,100.820556640625,42.67879104614258,112.96774291992188,324.850341796875,364.2669372558594,121.27312469482422,42.679046630859375
2021-02-17,77.1839599609375,30.995384216308594,166.3300018310547,100.88951110839844,42.559932708740234,113.03500366210938,323.2916564941406,364.3504943847656,122.04325866699219,43.343345642089844
2021-02-18,76.44368743896484,30.594179153442383,166.32000732421875,100.88089752197266,43.1032829284668,113.79998779296875,321.878173828125,362.7998352050781,121.54926300048828,42.66263198852539
2021-02-19,77.0874252319336,30.547527313232422,167.00999450683594,100.47566223144531,42.54294967651367,111.39568328857422,320.47430419921875,362.1591491699219,119.93364715576172,42.949684143066406
2021-02-22,79.1715087890625,31.919084548950195,169.50999450683594,100.31185150146484,42.98442840576172,110.95858001708984,312.1677551269531,359.37353515625,119.02127075195312,44.532508850097656
2021-02-23,80.16928100585938,31.200647354125977,169.1199951171875,100.38945770263672,42.908016204833984,111.62268829345703,311.2383117675781,359.8099670410156,118.67802429199219,45.14759063720703
2021-02-24,83.13047790527344,31.443235397338867,169.0,100.25151062011719,43.052345275878906,111.0426254272461,313.803955078125,363.7748718261719,117.89948272705078,46.50080490112305
2021-02-25,82.3580093383789,30.16498374938965,165.82000732421875,98.91516876220703,42.593894958496094,109.28563690185547,302.8638916015625,355.00933837890625,115.97410583496094,45.729881286621094
2021-02-26,80.4670181274414,29.04534149169922,161.80999755859375,99.80316162109375,41.59207534790039,108.60472106933594,304.1322021484375,353.1801452636719,119.80807495117188,44.589908599853516
2021-03-01,82.11660766601562,28.830745697021484,161.52999877929688,99.69103240966797,42.36466598510742,109.80685424804688,313.2811279296875,361.74127197265625,118.22571563720703,46.254756927490234
2021-03-02,82.430419921875,29.81975746154785,162.41000366210938,99.87220764160156,42.534461975097656,110.18516540527344,308.2563781738281,358.9185791015625,118.234130859375,45.984127044677734
2021-03-03,83.35577392578125,29.2506103515625,160.6199951171875,99.33734130859375,42.43258285522461,108.56270599365234,299.31072998046875,354.16448974609375,116.95178985595703,46.35316848754883
2021-03-04,84.0880355834961,29.269268035888672,159.0399932861328,98.84561157226562,42.39862060546875,109.1668701171875,294.4120178222656,349.7816467285156,116.19745635986328,48.149234771728516
2021-03-05,87.70904541015625,29.65181541442871,159.13999938964844,98.70759582519531,43.120262145996094,112.72583770751953,298.84613037109375,356.216552734375,116.42376708984375,49.96990966796875
2021-03-08,88.31257629394531,29.28792953491211,157.49000549316406,98.31938171386719,43.84189987182617,111.96318817138672,290.38458251953125,354.44293212890625,115.51861572265625,49.92069625854492
2021-03-09,88.11139678955078,30.13698959350586,160.83999633789062,98.78521728515625,43.17970275878906,112.06487274169922,301.8376770019531,359.5035705566406,117.11943054199219,49.1497802734375
2021-03-10,89.61612701416016,30.25828742980957,161.66000366210938,98.99225616455078,43.67211151123047,113.19189453125,300.9760437011719,361.74127197265625,117.35411071777344,50.6588020324707
2021-03-11,89.47128295898438,30.83676528930664,161.52000427246094,98.95777130126953,43.19667434692383,112.88683319091797,307.9078674316406,365.4090576171875,116.50759887695312,50.28154373168945
2021-03-12,89.76902770996094,30.864761352539062,161.49000549316406,98.24174499511719,43.1110725402832,112.73429870605469,305.4100646972656,365.9010925292969,114.0351333618164,50.822837829589844
2021-03-15,88.71490478515625,31.368595123291016,162.1999969482422,98.3625259399414,43.684627532958984,112.72583770751953,308.6727600097656,368.0832214355469,114.70560455322266,49.52703857421875
2021-03-16,86.61470794677734,31.247304916381836,162.35000610351562,98.34526062011719,43.84728240966797,113.55626678466797,310.366943359375,367.61895751953125,114.24462890625,48.47728729248047
2021-03-17,86.92852783203125,31.919084548950195,163.50999450683594,98.18135070800781,43.864402770996094,113.22576141357422,311.64495849609375,368.8725280761719,113.38973236083984,48.690513610839844
2021-03-18,83.78226470947266,31.368595123291016,162.55999755859375,97.56885528564453,43.29084396362305,112.30213928222656,302.0990905761719,363.50555419921875,112.24153137207031,46.59100341796875
2021-03-19,83.18681335449219,31.620515823364258,163.24000549316406,97.50848388671875,43.49629592895508,113.9714584350586,303.1640625,362.8329772949219,112.93720245361328,46.328582763671875
2021-03-22,82.5108871459961,31.247304916381836,163.0,97.82767486572266,43.65895462036133,116.7677993774414,308.849365234375,365.7301330566406,114.20277404785156,45.8528938293457
2021-03-23,82.05223846435547,30.454219818115234,161.80999755859375,98.31075286865234,43.992801666259766,118.1744384765625,307.50189208984375,362.8515625,115.2336196899414,45.28701400756836
2021-03-24,84.24899291992188,30.13698959350586,162.3699951171875,98.44014739990234,44.104087829589844,117.6236343383789,302.31573486328125,361.0070495605469,115.8538589477539,46.205543518066406
2021-03-25,84.54668426513672,30.081010818481445,161.77999877929688,98.31075286865234,44.532127380371094,118.3184814453125,301.7923278808594,363.03790283203125,114.94029998779297,46.0743293762207
2021-03-26,86.48594665527344,30.575519561767578,162.24000549316406,97.98295593261719,45.40530776977539,120.91990661621094,306.31927490234375,368.8882751464844,114.53800964355469,47.329105377197266
2021-03-29,86.03534698486328,30.659488677978516,160.30999755859375,97.6465072631836,46.09870529174805,122.70783996582031,306.23199462890625,368.7018737792969,113.56581115722656,47.07487869262695
2021-03-30,85.23871612548828,29.698463439941406,157.57000732421875,97.56021881103516,45.49946212768555,120.78430938720703,304.6908264160156,367.72369384765625,114.16082000732422,46.492591857910156
2021-03-31,84.32139587402344,30.323598861694336,159.9600067138672,97.42219543457031,45.122802734375,119.86070251464844,309.35345458984375,369.21429443359375,113.52386474609375,45.787288665771484
2021-04-01,85.0938720703125,31.349937438964844,161.97999572753906,97.85380554199219,44.951595306396484,119.71663665771484,314.6267395019531,373.2014465332031,115.40805053710938,47.066673278808594
2021-04-05,84.0960922241211,31.45256805419922,161.9199981689453,97.57755279541016,45.20842361450195,121.30970001220703,320.9081726074219,378.5580749511719,114.90450286865234,46.33677673339844
2021-04-06,83.34774780273438,31.984399795532227,163.22000122070312,98.05233764648438,45.53371047973633,121.74186706542969,320.685302734375,378.3344421386719,115.6849594116211,46.205543518066406
2021-04-07,83.83858489990234,31.657833099365234,162.75999450683594,97.99192810058594,45.610748291015625,121.52154541015625,321.4607849121094,378.77227783203125,114.87925720214844,46.410587310791016
2021-04-08,82.89714050292969,32.40426254272461,164.50999450683594,98.32857513427734,45.473793029785156,120.78430938720703,324.81475830078125,380.5703125,115.82766723632812,45.92671203613281
2021-04-09,82.8166732788086,32.40426254272461,163.27000427246094,98.06961059570312,45.5251579284668,120.80976104736328,326.7825927734375,383.3370666503906,115.40805053710938,45.8200798034668
2021-04-12,81.89933013916016,31.685823440551758,162.27999877929688,98.0091781616211,45.670684814453125,121.19104766845703,326.3560485839844,383.476806640625,115.3576889038086,45.51665496826172
2021-04-13,82.26947784423828,32.24564743041992,163.42999267578125,98.41490173339844,45.448116302490234,121.21646881103516,330.1656494140625,384.61334228515625,116.22210693359375,45.68887710571289
2021-04-14,83.90296173095703,31.993724822998047,162.72000122070312,98.29405975341797,45.439537048339844,120.4199447631836,326.2008972167969,383.2998962402344,115.85285186767578,47.0092658996582
2021-04-15,83.21900177001953,33.31863784790039,165.35000610351562,98.92420196533203,45.65355682373047,120.58944702148438,331.14471435546875,387.4173278808594,117.79158020019531,46.73041915893555
2021-04-16,82.84884643554688,33.61720657348633,166.35000610351562,98.6566162109375,45.953182220458984,122.15706634521484,331.5324401855469,388.7123107910156,116.87677764892578,46.46799087524414
2021-04-19,83.09024810791016,33.393280029296875,165.88999938964844,98.5530014038086,46.22712707519531,122.65699005126953,328.49835205078125,386.8025817871094,116.54104614257812,46.320369720458984
2021-04-20,81.53724670410156,33.775821685791016,166.47999572753906,98.84648132324219,46.37264633178711,123.47049713134766,326.10394287109375,383.9706115722656,117.07817840576172,45.344425201416016
2021-04-21,82.66378021240234,34.36363220214844,168.1300048828125,98.89826202392578,46.74932098388672,124.54666900634766,328.8957824707031,387.6037902832031,117.31316375732422,45.92671203613281
2021-04-22,81.2314453125,33.757164001464844,167.0399932861328,98.97595977783203,46.603790283203125,123.77555084228516,324.93115234375,384.0636901855469,117.82514190673828,45.328033447265625
2021-04-23,81.71428680419922,33.645198822021484,166.39999389648438,98.84648132324219,46.629478454589844,123.57218933105469,329.0218505859375,388.2279357910156,117.54816436767578,45.574058532714844
2021-04-26,81.69012451171875,33.570552825927734,166.83999633789062,98.742919921875,45.93606185913086,121.47917938232422,331.16412353515625,389.0383605957031,117.38030242919922,45.66427230834961
2021-04-27,82.63963317871094,32.936092376708984,166.4199981689453,98.35445404052734,45.867576599121094,121.08087921142578,329.72943115234375,388.9544982910156,116.35639953613281,46.262962341308594
2021-04-28,84.66740417480469,33.076045989990234,166.91000366210938,98.48395538330078,45.87614059448242,120.18267059326172,328.61468505859375,388.8427429199219,116.43193054199219,47.657161712646484
2021-04-29,86.01927185058594,32.441585540771484,166.22000122070312,98.3113021850586,46.44969177246094,121.97066497802734,329.7973327636719,391.32080078125,116.08782958984375,48.337867736816406
2021-04-30,82.93737030029297,32.05904006958008,165.66000366210938,98.39762115478516,46.20999526977539,122.15706634521484,327.6356506347656,388.7495422363281,116.35639953613281,46.943668365478516
2021-05-03,84.91683959960938,33.2906494140625,167.80999755859375,98.56519317626953,46.63802719116211,123.53826141357422,325.8907775878906,389.5880432128906,116.42619323730469,48.239444732666016
2021-05-04,85.3835678100586,32.94542694091797,166.5800018310547,98.69477844238281,46.34697723388672,121.98758697509766,320.02618408203125,387.1844177246094,117.21626281738281,48.54289627075195
2021-05-05,87.67686462402344,33.2253303527832,167.27000427246094,98.81570434570312,46.22712707519531,121.92829895019531,318.9501647949219,387.30560302734375,117.40955352783203,50.00270080566406
2021-05-06,87.72515106201172,34.29832077026367,170.05999755859375,98.85884857177734,46.68939208984375,123.3434066772461,321.3541564941406,390.3984069824219,117.60287475585938,50.47837829589844
2021-05-07,88.52982330322266,34.914119720458984,171.58999633789062,98.89342498779297,46.663700103759766,123.3434066772461,323.9617004394531,393.2398376464844,117.02291107177734,51.2000846862793
2021-05-10,88.16773223876953,34.87680435180664,172.11000061035156,98.69477844238281,47.006134033203125,124.32630157470703,315.7802734375,389.3457946777344,115.83783721923828,51.32310485839844
2021-05-11,85.8582992553711,35.119388580322266,172.13999938964844,98.53065490722656,46.501060485839844,123.4196548461914,315.3440246582031,385.8710021972656,115.18220520019531,49.69105529785156
2021-05-12,86.39745330810547,34.39162826538086,170.42999267578125,98.05558776855469,46.26136779785156,122.21637725830078,307.1819763183594,377.6730651855469,113.97191619873047,49.957332611083984
2021-05-13,85.84222412109375,34.45693588256836,171.1300048828125,98.38380432128906,46.663700103759766,124.02975463867188,309.5570068359375,382.2098693847656,114.1484146118164,49.34158706665039
2021-05-14,88.08724975585938,35.30600357055664,172.69000244140625,98.59972381591797,46.8520393371582,124.2161865234375,316.39093017578125,388.078857421875,115.21586608886719,50.56473159790039
2021-05-17,89.16549682617188,37.02278137207031,174.6999969482422,98.5047378540039,46.77499771118164,123.8602523803711,314.47161865234375,387.0914001464844,114.97209167480469,51.74626159667969
2021-05-18,86.4857406616211,36.976131439208984,175.0399932861328,98.5047378540039,46.51818084716797,123.30101776123047,312.34869384765625,383.75628662109375,114.67794799804688,50.281829833984375
2021-05-19,84.0584487915039,36.425636291503906,175.16000366210938,98.21105194091797,46.37264633178711,123.23323059082031,312.7073974609375,382.7501220703125,114.40056610107422,49.07533264160156
2021-05-20,84.3517074584961,36.864158630371094,175.9600067138672,98.61701965332031,46.78356170654297,124.75849914550781,318.7563171386719,386.8677673339844,115.3419189453125,48.95884323120117
2021-05-21,84.80783081054688,36.658897399902344,176.0399932861328,98.65155792236328,46.757869720458984,124.64835357666016,316.9920349121094,386.551025390625,115.71173095703125,49.0254020690918
2021-05-24,86.01332092285156,36.78952407836914,176.35000610351562,98.7466049194336,46.911964416503906,125.28385162353516,322.323486328125,390.49169921875,116.14041900634766,49.59953308105469
2021-05-25,84.60421752929688,36.87348937988281,177.9499969482422,99.10939025878906,46.90341567993164,125.6651840209961,322.7694396972656,389.62530517578125,117.21626281738281,48.47624206542969
2021-05-26,84.80783081054688,36.81751251220703,177.63999938964844,98.99708557128906,47.108848571777344,125.6651840209961,323.8938903808594,390.3984069824219,117.01451110839844,49.04205322265625
2021-05-27,83.90370178222656,36.58425521850586,177.7100067138672,98.82432556152344,47.502647399902344,124.14839935302734,322.6821594238281,390.6033630371094,116.5438003540039,48.725860595703125
2021-05-28,84.5390396118164,36.780189514160156,178.3800048828125,98.81570434570312,47.3314323425293,125.36014556884766,323.70001220703125,391.30218505859375,116.35896301269531,48.567771911621094
2021-06-01,86.86856079101562,36.84550857543945,177.89999389648438,98.79752349853516,47.322879791259766,125.0974349975586,322.6239929199219,390.9574890136719,116.3328857421875,50.30678939819336
2021-06-02,88.0333251953125,36.89215850830078,178.77000427246094,98.90986633300781,47.511207580566406,125.59739685058594,323.25408935546875,391.572265625,116.60221862792969,50.7061767578125
2021-06-03,87.63421630859375,35.61389923095703,175.27000427246094,98.65924072265625,47.63105392456055,126.04550170898438,319.890380859375,390.11895751953125,116.16448211669922,50.90587615966797
2021-06-04,88.33470153808594,36.089744567871094,177.16000366210938,99.20378875732422,48.144683837890625,126.19064331054688,325.31884765625,393.68701171875,117.75531005859375,51.13054275512695
2021-06-07,87.76454162597656,36.0617561340332,177.8699951171875,99.12601470947266,47.97348403930664,126.11380767822266,326.2882080078125,393.3050231933594,117.39339447021484,50.79771423339844
2021-06-08,88.56277465820312,35.548580169677734,177.32000732421875,99.4112777709961,47.639610290527344,124.93587493896484,326.4433898925781,393.3888854980469,118.21827697753906,51.69634246826172
2021-06-09,87.78898620605469,35.455284118652344,176.97999572753906,99.7224349975586,47.494075775146484,124.7054443359375,326.5208740234375,392.802001953125,119.26200866699219,52.1290283203125
2021-06-10,88.30213928222656,36.34166717529297,177.74000549316406,100.0768051147461,47.862186431884766,125.98577117919922,329.9232482910156,394.62786865234375,119.97745513916016,52.21223068237305
2021-06-11,87.8948745727539,35.716529846191406,175.74000549316406,99.92984008789062,48.076210021972656,126.0625991821289,330.7860107421875,395.2799987792969,119.78388977050781,51.7296257019043
2021-06-14,87.94373321533203,35.4832763671875,174.7100067138672,99.61869049072266,47.912330627441406,126.81373596191406,333.9559020996094,396.16497802734375,118.86637878417969,51.64641189575195
2021-06-15,89.84156799316406,35.0727424621582,174.0500030517578,99.63600158691406,47.79157257080078,126.82225799560547,331.77484130859375,395.4383850097656,118.72327423095703,53.52689743041992
2021-06-16,89.32841491699219,34.30765151977539,171.11000061035156,98.95309448242188,47.1533203125,125.55900573730469,330.5631408691406,393.23052978515625,118.62227630615234,53.33552169799805
2021-06-17,87.21066284179688,32.59086990356445,165.85000610351562,99.30748748779297,47.39482498168945,126.77105712890625,334.7605285644531,393.10009765625,120.39830017089844,51.579856872558594
2021-06-18,83.92000579833984,31.844440460205078,164.92999267578125,99.86937713623047,46.37705993652344,124.12498474121094,332.1335144042969,387.79705810546875,122.66251373291016,50.256866455078125
2021-06-21,86.37985229492188,32.441585540771484,166.9499969482422,99.54953002929688,46.88595199584961,125.09806060791016,334.19769287109375,393.3486328125,120.60871887207031,52.079105377197266
2021-06-22,86.66493225097656,32.2363166809082,166.25,99.73106384277344,47.05844497680664,125.28584289550781,337.31298828125,395.4515686035156,120.90332794189453,53.07757568359375
2021-06-23,86.55903625488281,32.03105163574219,166.13999938964844,99.53226470947266,46.67893600463867,123.63850402832031,337.4778747558594,394.9749450683594,120.59187316894531,53.46864700317383
2021-06-24,87.26766967773438,32.13368606567383,166.0399932861328,99.51496124267578,46.91181945800781,124.33843231201172,339.56451416015625,397.3115234375,120.78546905517578,53.68498229980469
2021-06-25,87.39801025390625,32.05904006958008,166.58999633789062,99.30748748779297,46.8514518737793,124.97003173828125,339.14715576171875,398.7228088378906,119.53138732910156,53.80147171020508
2021-06-28,84.70195007324219,31.70448875427246,166.5800018310547,99.61869049072266,46.7996940612793,125.5077896118164,343.271728515625,399.5266418457031,120.76019287109375,52.428565979003906
2021-06-29,84.51457977294922,31.387256622314453,164.8300018310547,99.67054748535156,46.45469284057617,125.42243194580078,344.5140380859375,399.7416076660156,120.96224212646484,52.10405731201172
2021-06-30,85.31282043457031,31.70448875427246,165.6300048828125,99.82612609863281,46.67032241821289,126.47230529785156,343.9705505371094,400.07806396484375,121.50098419189453,52.48680877685547
2021-07-01,86.51019287109375,31.685823440551758,166.1999969482422,99.75437927246094,46.54094314575195,126.49787902832031,344.1064453125,402.2930908203125,121.50764465332031,52.636573791503906
2021-07-02,86.3961410522461,32.115020751953125,167.2899932861328,100.11763763427734,46.73069763183594,127.10395050048828,348.0562744140625,405.3680419921875,122.24087524414062,52.561702728271484
2021-07-06,84.70195007324219,32.20832824707031,168.1199951171875,100.64527893066406,46.4719352722168,127.29174041748047,349.560546875,404.6297302246094,123.6737289428711,51.063968658447266
2021-07-07,83.83854675292969,32.24564743041992,168.75999450683594,100.93934631347656,46.8514518737793,127.85506439208984,350.2981872558594,406.0597229003906,124.76934814453125,50.265193939208984
2021-07-08,83.56976318359375,31.424579620361328,168.64999389648438,101.19880676269531,46.68756866455078,127.91484069824219,348.18243408203125,402.7510681152344,125.25822448730469,50.04052734375
2021-07-09,84.76712799072266,32.06836700439453,169.2100067138672,100.68850708007812,46.972198486328125,127.59044647216797,350.35638427734375,407.05035400390625,123.49671936035156,50.94747543334961
2021-07-12,84.93815612792969,31.620515823364258,169.0,100.63658905029297,46.98944854736328,127.61607360839844,351.7247314453125,408.5083312988281,123.33651733398438,50.89755630493164
2021-07-13,84.65306854248047,31.984399795532227,169.22000122070312,100.32518768310547,47.45519256591797,130.5608673095703,351.7247314453125,407.1158142089844,122.39262390136719,50.65625762939453
2021-07-14,83.056640625,32.413597106933594,171.0399932861328,100.75767517089844,48.52470779418945,131.90945434570312,352.3554992675781,407.7232666015625,123.78325653076172,49.53297424316406
2021-07-15,82.5108871459961,32.628196716308594,171.07000732421875,101.18152618408203,48.679962158203125,132.51551818847656,349.88079833984375,406.3307189941406,125.14862060546875,49.05036544799805
2021-07-16,80.32798767089844,31.64850616455078,169.41000366210938,101.16421508789062,48.64547348022461,133.0020294189453,347.0469970703125,403.14361572265625,124.91262817382812,47.6941032409668
2021-07-19,78.16134643554688,30.967390060424805,169.61000061035156,102.02916717529297,48.06757736206055,132.98500061035156,344.2034606933594,397.1900634765625,127.6517562866211,46.054927825927734
2021-07-20,78.6256332397461,31.070026397705078,169.38999938964844,101.89945220947266,48.153846740722656,133.0020294189453,348.2018737792969,402.8819580078125,126.42124938964844,46.56248474121094
2021-07-21,81.3053970336914,31.368595123291016,168.75999450683594,101.31126403808594,48.774837493896484,132.50698852539062,350.89007568359375,406.1437072753906,124.81996154785156,48.06020736694336
2021-07-22,80.49087524414062,31.17266082763672,169.08999633789062,101.5447998046875,48.70584487915039,132.4642791748047,353.2095947265625,406.99432373046875,125.99987030029297,47.51936721801758
2021-07-23,80.5234603881836,30.930072784423828,168.55999755859375,101.38909912109375,49.17158508300781,134.1629180908203,357.33428955078125,411.1814270019531,125.15701293945312,47.461116790771484
2021-07-26,82.22579193115234,31.256633758544922,168.16000366210938,101.31990051269531,49.21471405029297,134.06900024414062,357.6156005859375,412.19085693359375,124.78621673583984,48.6593017578125
2021-07-27,81.94886016845703,31.424579620361328,168.44000244140625,101.7524185180664,49.3872184753418,134.81163024902344,353.67535400390625,410.312255859375,126.11782836914062,48.11846160888672
2021-07-28,82.41313171386719,31.90042495727539,169.2899932861328,101.8388900756836,48.93871307373047,133.57394409179688,355.0340881347656,410.14404296875,126.12622833251953,48.44295883178711
2021-07-29,83.54532623291016,32.721492767333984,171.1699981689453,101.52750396728516,49.20608901977539,133.84707641601562,355.6649169921875,411.84503173828125,125.42674255371094,49.033729553222656
2021-07-30,82.92626953125,32.581539154052734,169.82000732421875,101.81293487548828,49.1888427734375,133.96656799316406,353.8113098144531,409.8449401855469,126.01673889160156,47.90211486816406
2021-08-02,82.77965545654297,32.45091247558594,169.61000061035156,102.25955963134766,49.0594596862793,133.4288330078125,353.84033203125,408.98504638671875,127.14071655273438,47.910438537597656
2021-08-03,83.56976318359375,32.74015426635742,169.49000549316406,102.28548431396484,49.093955993652344,133.7275848388672,355.98516845703125,412.3123779296875,127.20816040039062,48.42631912231445
2021-08-04,81.69638061523438,32.45091247558594,169.52999877929688,102.25955963134766,48.38670349121094,131.49124145507812,356.4996032714844,410.2841796875,127.46978759765625,47.29471206665039
2021-08-05,82.4538803100586,31.965734481811523,168.86000061035156,101.8873519897461,48.731712341308594,131.71316528320312,358.7608337402344,412.8824462890625,126.8200454711914,47.594261169433594
2021-08-06,83.0403060913086,31.014041900634766,164.63999938964844,101.2901611328125,48.85246276855469,131.73023986816406,357.1886291503906,413.5647277832031,124.70201873779297,48.14341735839844
2021-08-09,81.65563201904297,30.25828742980957,161.72000122070312,101.07378387451172,48.861087799072266,131.74729919433594,357.84857177734375,413.2283020019531,124.25481414794922,47.594261169433594
2021-08-10,83.14620971679688,29.87574005126953,161.77000427246094,100.88336181640625,48.99045944213867,131.8155975341797,356.01434326171875,413.7423400878906,123.68093872070312,48.40967559814453
2021-08-11,83.77339172363281,30.472883224487305,164.0,100.99588775634766,48.930091857910156,132.3362579345703,355.40283203125,414.77044677734375,123.60497283935547,48.5511360168457
2021-08-12,83.60233306884766,30.00636863708496,164.0399932861328,100.89199829101562,49.024959564208984,132.36190795898438,356.68389892578125,416.0134582519531,123.40247344970703,48.44132995605469
2021-08-13,83.04846954345703,30.622167587280273,166.38999938964844,101.471923828125,49.36134719848633,133.5995635986328,357.9358825683594,416.7705383300781,125.35177612304688,47.951419830322266
2021-08-16,82.20137023925781,30.454219818115234,167.22000122070312,101.69691467285156,49.57697296142578,134.90548706054688,358.0911865234375,417.751953125,125.65556335449219,47.2503547668457
2021-08-17,82.0466079711914,30.09033966064453,166.97000122070312,101.6450424194336,49.404476165771484,134.77748107910156,354.9371032714844,415.0134582519531,125.60491180419922,46.92938232421875
2021-08-18,79.82600402832031,29.3812313079834,167.10000610351562,101.59307098388672,48.731712341308594,133.39466857910156,351.5209655761719,410.4710693359375,126.02680969238281,45.94112777709961
2021-08-19,77.83655548095703,28.88672637939453,166.61000061035156,101.81812286376953,49.04222106933594,135.63955688476562,353.2192687988281,411.10662841796875,126.95506286621094,44.53898239135742
2021-08-20,77.84479522705078,28.78409194946289,166.6999969482422,101.7229232788086,48.85246276855469,135.16159057617188,356.87799072265625,414.3778991699219,127.0394287109375,44.547447204589844
2021-08-23,79.85078430175781,29.969043731689453,168.72999572753906,101.7488784790039,48.679962158203125,134.73480224609375,362.2157287597656,418.0229187011719,126.95506286621094,46.380348205566406
2021-08-24,80.7670669555664,29.959714889526367,168.64999389648438,101.471923828125,48.309078216552734,133.0618133544922,363.32208251953125,418.6865539550781,125.96778106689453,46.76044845581055
2021-08-25,81.3201675415039,29.558509826660156,167.47999572753906,101.07378387451172,48.360836029052734,132.4728546142578,363.7393798828125,419.56512451171875,124.92144012451172,46.84491729736328
2021-08-26,80.25526428222656,29.371902465820312,167.6699981689453,101.07378387451172,47.90370559692383,131.98629760742188,361.42962646484375,417.08831787109375,125.26737213134766,46.2114143371582
2021-08-27,81.42748260498047,30.426233291625977,170.19000244140625,101.4027099609375,47.99858093261719,132.2509002685547,364.94281005859375,420.8175048828125,126.11968994140625,47.10675811767578
2021-08-30,81.22110748291016,30.01569366455078,169.35000610351562,101.60173797607422,48.455711364746094,133.1557159423828,369.0382995605469,422.6680603027344,126.44876861572266,46.59151840209961
2021-08-31,79.88377380371094,30.416900634765625,169.69000244140625,101.41131591796875,48.567840576171875,133.48854064941406,368.73748779296875,422.0418395996094,125.58802795410156,46.050933837890625
2021-09-01,79.00875854492188,30.211633682250977,169.6999969482422,101.45462799072266,48.895591735839844,134.7859649658203,369.3487548828125,422.2661437988281,125.79844665527344,45.41743469238281
2021-09-02,80.6597671508789,30.323598861694336,169.25,101.57587432861328,48.96458435058594,134.88482666015625,369.1741943359375,423.5653076171875,126.34760284423828,46.523948669433594
2021-09-03,80.4781494140625,31.051362991333008,171.05999755859375,101.33338165283203,48.930091857910156,135.00518798828125,370.3096008300781,423.46246337890625,125.1985092163086,46.34657287597656
2021-09-07,80.12317657470703,30.183639526367188,167.7100067138672,100.93498992919922,48.015830993652344,132.8050537109375,370.8336181640625,421.9483947753906,124.14236450195312,46.076271057128906
2021-09-08,79.57009887695312,30.03435516357422,167.2899932861328,101.21215057373047,48.662715911865234,134.6871795654297,369.54290771484375,421.43438720703125,124.98726654052734,45.65394973754883
2021-09-09,79.24815368652344,29.81975746154785,168.02999877929688,101.49794006347656,48.17970657348633,133.83636474609375,368.2715759277344,419.6304931640625,126.49972534179688,45.68772506713867
2021-09-10,79.3059310913086,29.39056396484375,167.17999267578125,101.17745208740234,47.964080810546875,133.6042938232422,365.4765930175781,416.3218994140625,125.38444519042969,45.594810485839844
2021-09-13,80.87439727783203,29.959714889526367,167.74000549316406,101.2987060546875,48.360836029052734,133.8621368408203,365.2242126464844,417.3873596191406,126.14484405517578,46.76890182495117
2021-09-14,79.41325378417969,30.108999252319336,168.82000732421875,101.67979431152344,48.39559555053711,133.337890625,364.1858825683594,415.1349182128906,127.67412567138672,46.10161590576172
2021-09-15,81.09725952148438,30.099666595458984,167.8300018310547,101.50660705566406,48.560707092285156,134.08555603027344,366.8934326171875,418.6024169921875,127.22633361816406,47.65578842163086
2021-09-16,80.33780670166016,28.849403381347656,164.02999877929688,101.18616485595703,48.100128173828125,133.6902313232422,367.14581298828125,417.9388427734375,126.64325714111328,47.148983001708984
2021-09-17,79.87554931640625,28.53217315673828,163.77000427246094,100.89167785644531,47.30931854248047,132.46128845214844,362.79803466796875,413.8677062988281,126.03497314453125,46.59151840209961
2021-09-20,78.24105834960938,28.410879135131836,164.94000244140625,101.40269470214844,46.97909927368164,132.01438903808594,355.30145263671875,406.966796875,127.59808349609375,45.349857330322266
2021-09-21,78.29883575439453,28.42953872680664,166.0399932861328,101.34204864501953,46.97039794921875,131.95419311523438,355.7386474609375,406.5823059082031,127.48826599121094,45.30762481689453
2021-09-22,80.60198211669922,28.457530975341797,165.4199981689453,101.43729400634766,47.03993225097656,132.3581085205078,359.0613708496094,410.5484619140625,128.2486572265625,46.63376235961914
2021-09-23,82.59969329833984,27.888378143310547,163.50999450683594,100.5192642211914,46.96171569824219,132.46128845214844,362.3743896484375,415.53662109375,125.35066986083984,48.2132682800293
2021-09-24,83.04547119140625,27.692441940307617,163.3000030517578,100.21614837646484,46.83135986328125,132.5214385986328,362.7144775390625,416.2210998535156,124.12556457519531,48.644039154052734
2021-09-27,85.00191497802734,27.692441940307617,163.63999938964844,99.94764709472656,46.588035583496094,131.24951171875,359.81927490234375,415.0303039550781,123.66925048828125,50.088409423828125
2021-09-28,85.32386779785156,27.403202056884766,162.0500030517578,99.56654357910156,45.74509048461914,129.8142852783203,349.6372375488281,406.6667175292969,121.74283599853516,50.61211013793945
2021-09-29,85.2990951538086,26.97400665283203,161.32000732421875,99.67049407958984,46.023170471191406,130.88858032226562,349.0639953613281,407.3512268066406,121.95403289794922,50.57831954956055
2021-09-30,83.74713134765625,27.496505737304688,164.22000122070312,99.7917251586914,45.59735870361328,129.2642822265625,347.7814636230469,402.3724060058594,121.93721008300781,49.68297576904297
2021-10-01,86.12458801269531,27.365880966186523,164.58999633789062,100.1990966796875,46.0753173828125,129.72833251953125,349.9383239746094,407.154296875,122.9633560180664,51.46522521972656
2021-10-04,86.446533203125,27.6831111907959,165.36000061035156,100.07775115966797,46.04924392700195,129.08375549316406,342.5933532714844,401.903564453125,122.65036010742188,52.13248825073242
2021-10-05,87.3875961303711,27.785747528076172,164.58999633789062,99.7657470703125,46.12746047973633,129.84864807128906,347.2180480957031,406.0853271484375,121.46595764160156,52.04802703857422
2021-10-06,86.619873046875,28.308246612548828,165.02999877929688,99.7917251586914,46.67493438720703,133.17459106445312,349.4429016113281,407.7731018066406,122.15121459960938,51.09355926513672
2021-10-07,87.23900604248047,28.364225387573242,164.16000366210938,99.39306640625,46.822669982910156,134.4035186767578,352.64910888671875,411.2984924316406,120.8738021850586,51.237152099609375
2021-10-08,89.19544219970703,28.616146087646484,164.22999572753906,99.17638397216797,47.03123092651367,134.0941619873047,350.89044189453125,410.5484619140625,120.02783203125,52.52104187011719
2021-10-11,88.43598175048828,28.53217315673828,163.9199981689453,98.93368530273438,47.126827239990234,134.274658203125,348.1993103027344,407.5762634277344,119.72325897216797,51.99734878540039
2021-10-12,88.4524917602539,29.054670333862305,164.66000366210938,99.38438415527344,47.126827239990234,134.86766052246094,346.98492431640625,406.57293701171875,121.77052307128906,51.727073669433594
2021-10-13,88.98081970214844,29.997037887573242,167.58999633789062,99.5750732421875,47.135520935058594,135.77862548828125,349.76348876953125,408.03558349609375,122.95487213134766,51.583457946777344
2021-10-14,89.82283020019531,30.650157928466797,168.0,99.8090591430664,47.457054138183594,136.8700714111328,356.2049865722656,414.89910888671875,123.41177368164062,52.368995666503906
2021-10-15,90.48323059082031,30.342260360717773,165.3300018310547,99.3150405883789,47.34408187866211,136.48333740234375,358.4493408203125,418.058837890625,122.69268798828125,52.86735534667969
2021-10-18,90.44194793701172,30.062349319458008,164.9199981689453,99.17638397216797,46.87480545043945,135.8645477294922,362.0538024902344,419.2965087890625,123.26788330078125,52.842018127441406
2021-10-19,92.20853424072266,30.323598861694336,165.4499969482422,98.821044921875,47.05730056762695,137.5919647216797,364.7936096191406,422.5313415527344,121.5674819946289,53.6359977722168
2021-10-20,93.41376495361328,30.659488677978516,166.89999389648438,98.77767944335938,47.47443771362305,138.6318359375,364.3175964355469,424.19091796875,120.74689483642578,53.93162536621094
2021-10-21,92.24154663085938,30.538196563720703,166.75,98.51771545410156,47.231109619140625,136.80130004882812,366.54241943359375,425.29730224609375,120.60311126708984,52.95181655883789
2021-10-22,93.11658477783203,30.780784606933594,167.77000427246094,98.7690200805664,47.318016052246094,137.4802703857422,363.4626159667969,424.8565979003906,121.93131256103516,53.31501770019531
2021-10-25,93.98335266113281,31.209978103637695,168.92999267578125,98.89036560058594,47.126827239990234,136.835693359375,367.18359375,427.1351013183594,121.74520111083984,54.35395050048828
2021-10-26,94.1897201538086,31.023374557495117,167.67999267578125,99.01171875,47.33538818359375,138.51156616210938,368.33984375,427.5195007324219,122.75183868408203,55.61249923706055
2021-10-27,92.51395416259766,30.88341522216797,168.1199951171875,99.56639862060547,48.247859954833984,138.03024291992188,369.19476318359375,425.6254577636719,124.98528289794922,54.168128967285156
2021-10-28,93.38072967529297,30.407569885253906,168.0800018310547,99.3063735961914,48.69975662231445,138.89825439453125,373.2948303222656,429.73236083984375,124.56227111816406,54.32016372680664
2021-10-29,94.51168060302734,29.586502075195312,166.64999389648438,99.3497085571289,48.98652267456055,138.88113403320312,375.13104248046875,430.60430908203125,124.9429702758789,54.45531463623047
2021-11-01,94.54470825195312,29.726457595825195,167.52000427246094,99.3419189453125,48.81271743774414,138.58888244628906,376.41357421875,431.3450622558594,124.04340362548828,55.43512725830078
2021-11-02,93.96684265136719,29.418556213378906,167.16000366210938,99.58477020263672,48.751888275146484,139.86083984375,377.9875183105469,433.0889587402344,124.59397888183594,54.75094223022461
2021-11-03,93.28994750976562,29.726457595825195,165.77000427246094,99.27252197265625,48.916996002197266,141.20152282714844,382.0001220703125,435.73309326171875,123.30638122558594,53.99919128417969
2021-11-04,93.70269775390625,29.623821258544922,167.64999389648438,99.81026458740234,49.1864013671875,141.21009826660156,386.89678955078125,437.78643798828125,124.60244750976562,54.404632568359375
2021-11-05,94.71805572509766,30.556854248046875,169.83999633789062,100.35667419433594,49.394954681396484,142.6625518798828,387.2659606933594,439.3054504394531,126.4659423828125,54.91987991333008
2021-11-08,95.05650329589844,30.696813583374023,170.4499969482422,99.92300415039062,48.95176315307617,139.5944061279297,386.7413024902344,439.6805114746094,126.22880554199219,55.51114273071289
2021-11-09,95.75818634033203,31.08868408203125,171.2899932861328,100.38264465332031,49.0908088684082,140.52255249023438,384.07916259765625,438.2271423339844,127.87211608886719,56.05171585083008
2021-11-10,94.23100280761719,31.63917350769043,173.14999389648438,99.52405548095703,49.290679931640625,140.97808837890625,378.4343566894531,434.7016906738281,125.53417205810547,54.94746398925781
2021-11-11,94.23926544189453,32.37627410888672,174.1199951171875,99.20313262939453,49.30805969238281,139.81785583496094,379.4836730957031,434.8423156738281,125.347900390625,55.05018615722656
2021-11-12,94.29705810546875,32.441585540771484,174.4499969482422,99.41127014160156,49.19508361816406,139.783447265625,383.4767761230469,438.1240539550781,124.7972412109375,54.630741119384766
2021-11-15,96.43509674072266,32.5628776550293,174.17999267578125,99.0209732055664,49.20377731323242,140.77178955078125,383.3894348144531,438.2740783691406,123.23017120361328,55.1015510559082
2021-11-16,96.81482696533203,31.993724822998047,172.9199981689453,98.93427276611328,48.85617446899414,140.35069274902344,386.1194763183594,440.00860595703125,122.9167709350586,55.657962799072266
2021-11-17,96.38062286376953,32.24564743041992,174.5,99.28986358642578,48.58677291870117,140.40225219726562,386.3235168457031,438.9397888183594,123.89086151123047,55.05018615722656
2021-11-18,95.57061004638672,31.94707489013672,173.94000244140625,99.35059356689453,48.15227127075195,140.4452362060547,390.32635498046875,440.4305725097656,124.35681915283203,54.45098114013672
2021-11-19,93.44961547851562,31.41524314880371,172.61000061035156,99.61943817138672,47.9089469909668,140.7804412841797,392.502685546875,439.6430358886719,125.66976928710938,51.934295654296875
2021-11-22,95.11968994140625,30.79011344909668,168.74000549316406,98.8908920288086,48.204410552978516,141.07260131835938,387.94598388671875,438.40533447265625,124.1958236694336,52.65335464477539
2021-11-23,97.11544799804688,30.323598861694336,167.27999877929688,98.4832763671875,48.560707092285156,142.01795959472656,386.1777648925781,438.9866027832031,122.40007781982422,54.04009246826172
2021-11-24,97.85863494873047,30.248952865600586,167.1199951171875,98.78681182861328,48.16965103149414,140.72023010253906,387.4213562011719,440.1586608886719,124.36527252197266,54.339698791503906
2021-11-26,95.6207275390625,29.969043731689453,166.85000610351562,100.06178283691406,46.69232940673828,138.48574829101562,380.07635498046875,430.34173583984375,127.50779724121094,52.430782318115234
2021-11-29,95.9046401977539,29.978376388549805,166.6199951171875,99.83626556396484,47.43097686767578,141.0640106201172,388.3249206542969,435.6205749511719,126.48290252685547,52.72183609008789
2021-11-30,94.25125122070312,29.670473098754883,165.5,100.4347152709961,45.93344497680664,137.31695556640625,382.621826171875,427.14447021484375,128.40574645996094,51.22381591796875
2021-12-01,93.6082763671875,28.765430450439453,166.16000366210938,100.62393188476562,45.80208206176758,137.6435546875,376.1122741699219,422.4000549316406,129.19784545898438,51.18101501464844
2021-12-02,96.14678955078125,28.420207977294922,165.24000549316406,100.40695190429688,46.47640609741211,138.9716339111328,378.8230285644531,428.8697204589844,129.35897827148438,52.45646286010742
2021-12-03,95.53722381591797,28.63480567932129,166.6300048828125,100.99716186523438,46.88801956176758,142.51040649414062,372.2358703613281,425.137939453125,130.9024658203125,52.12262725830078
2021-12-06,97.03193664550781,29.036012649536133,166.22000122070312,100.4937515258789,48.08780288696289,143.98989868164062,375.2186279296875,430.1729736328125,129.1045379638672,52.713287353515625
2021-12-07,98.46822357177734,29.24127960205078,166.80999755859375,100.11183166503906,48.35053253173828,143.8255615234375,386.5177917480469,439.0710754394531,128.0614471435547,53.303924560546875
2021-12-08,98.91078186035156,29.3812313079834,166.89999389648438,99.79070281982422,48.166622161865234,144.07647705078125,388.2472229003906,440.2336730957031,125.84793853759766,53.458003997802734
2021-12-09,98.65192413330078,28.625476837158203,165.8800048828125,100.04239654541016,48.04402160644531,143.89474487304688,382.5344543457031,437.26141357421875,126.55181884765625,53.594966888427734
2021-12-10,98.81893157958984,28.448200225830078,166.5800018310547,100.11183166503906,49.28757858276367,146.19627380371094,386.6927185058594,441.3775939941406,126.2465591430664,53.937374114990234
2021-12-13,96.76470184326172,28.466861724853516,167.0,100.58920288085938,50.58370590209961,146.92303466796875,381.10626220703125,437.4676818847656,128.1123046875,52.75607681274414
2021-12-14,97.04863739013672,28.093647003173828,165.44000244140625,100.4156265258789,50.61874008178711,146.5596160888672,377.16168212890625,434.4579162597656,127.80693054199219,52.67903137207031
2021-12-15,96.49750518798828,27.711105346679688,166.14999389648438,100.26805877685547,50.846435546875,148.44581604003906,385.7600402832031,441.24627685546875,126.57725524902344,52.44791030883789
2021-12-16,97.39936065673828,29.1013240814209,168.16000366210938,100.5599365234375,51.36312484741211,148.66213989257812,375.8403015136719,437.3552551269531,126.62654113769531,52.53350830078125
2021-12-17,94.86083221435547,29.04534149169922,167.8000030517578,100.78588104248047,50.557437896728516,145.61656188964844,373.9652099609375,432.70050048828125,128.06143188476562,51.386444091796875
2021-12-20,94.90258026123047,29.04059410095215,167.08999633789062,100.6989974975586,50.391048431396484,146.58558654785156,370.33758544921875,428.0993347167969,127.10193634033203,50.6417236328125
2021-12-21,96.42235565185547,29.258943557739258,167.02000427246094,100.29935455322266,50.59246826171875,146.15298461914062,378.6258239746094,435.7019958496094,126.61804962158203,51.78878402709961
2021-12-22,96.97346496582031,29.581722259521484,168.58999633789062,100.39492797851562,50.95153045654297,147.06143188476562,383.23699951171875,440.0584716796875,127.20384979248047,52.20823287963867
2021-12-23,97.2072982788086,29.714632034301758,168.97000122070312,100.18641662597656,50.98655700683594,146.8970947265625,386.12628173828125,442.7965087890625,126.10012817382812,52.23390197753906
2021-12-27,99.19468688964844,29.74311065673828,169.3699951171875,100.2211685180664,51.36312484741211,148.3592987060547,392.50787353515625,449.0630187988281,126.40575408935547,52.978633880615234
2021-12-28,99.00264739990234,29.515268325805664,168.63999938964844,100.20376586914062,51.56455993652344,149.12933349609375,390.6885986328125,448.6960754394531,125.90482330322266,52.80743408203125
2021-12-29,98.4932632446289,29.638683319091797,168.58999633789062,99.69122314453125,51.625858306884766,149.65713500976562,390.6302795410156,449.2700500488281,124.5293960571289,52.34518814086914
2021-12-30,98.05903625488281,30.170320510864258,169.8000030517578,100.02134704589844,51.47697830200195,149.3975372314453,389.4629211425781,448.0280456542969,125.57368469238281,52.037017822265625
2021-12-31,97.99224090576172,30.407655715942383,170.9600067138672,99.90843200683594,51.85356140136719,150.29736328125,387.0309753417969,446.89892578125,125.81986999511719,52.37942886352539
2022-01-03,99.58716583251953,29.667163848876953,168.3300018310547,98.97882080078125,51.932369232177734,149.665771484375,390.7568054199219,449.48638916015625,122.51710510253906,54.39106750488281
2022-01-04,101.39921569824219,29.790578842163086,169.57000732421875,98.92669677734375,52.79936981201172,149.882080078125,385.6885070800781,449.33587646484375,122.0077133178711,56.43693161010742
2022-01-05,102.05889892578125,29.287425994873047,169.05999755859375,98.5096664428711,53.23725128173828,150.392578125,373.8397216796875,440.707763671875,121.345458984375,57.138858795166016
2022-01-06,102.92735290527344,28.252634048461914,166.99000549316406,98.26644134521484,52.957008361816406,150.4272003173828,373.5770263671875,440.2937316894531,121.65959930419922,58.4827995300293
2022-01-07,104.40536499023438,28.489971160888672,167.75,97.94499206542969,52.83440017700195,150.6175079345703,369.53009033203125,438.5529479980469,120.78508758544922,58.96216583251953
2022-01-10,104.47217559814453,28.96464729309082,168.25999450683594,97.9189224243164,52.921974182128906,150.6953887939453,369.7733459472656,438.0072326660156,121.08222961425781,58.61121368408203
2022-01-11,106.86038970947266,29.56273651123047,170.2899932861328,98.15347290039062,52.93949508666992,150.62615966796875,375.328125,441.9967346191406,121.88883972167969,61.07653045654297
2022-01-12,106.32596588134766,30.103864669799805,170.74000549316406,98.17086791992188,53.01831817626953,150.46176147460938,376.8164978027344,443.1916809082031,121.42184448242188,60.896751403808594
2022-01-13,105.88341522216797,29.657672882080078,170.16000366210938,98.483642578125,53.33359146118164,150.70401000976562,367.3899230957031,437.0851135253906,122.50017547607422,60.46018981933594
2022-01-14,107.68710327148438,29.40134620666504,169.6699981689453,97.80599212646484,53.7627067565918,151.96725463867188,369.67608642578125,437.26385498046875,120.64920806884766,61.52165603637695
2022-01-18,108.03780364990234,29.05008888244629,169.38999938964844,97.06754302978516,53.33359146118164,150.51368713378906,360.4732360839844,429.5201110839844,118.95118713378906,62.557430267333984
2022-01-19,107.64533996582031,31.12916374206543,172.0800018310547,97.30210876464844,53.42115783691406,151.59519958496094,356.51397705078125,425.0601806640625,119.77471923828125,62.583091735839844
2022-01-20,107.26121520996094,30.692462921142578,171.64999389648438,97.51060485839844,53.20222473144531,150.49635314941406,351.8835754394531,420.35565185546875,120.513427734375,62.72005844116211
2022-01-21,105.9752426147461,30.046905517578125,171.08999633789062,98.07530975341797,52.93949508666992,150.7386474609375,342.126220703125,412.1037292480469,121.94827270507812,61.77845001220703
2022-01-24,106.2007064819336,29.85703468322754,172.02999877929688,97.98841857910156,52.510372161865234,149.96856689453125,343.6924133300781,413.8538818359375,120.94635009765625,62.30917739868164
2022-01-25,110.71829986572266,30.056398391723633,172.5800018310547,97.85809326171875,52.38776397705078,148.24684143066406,335.7251281738281,408.8011474609375,120.7510986328125,64.14105224609375
2022-01-26,110.80179595947266,29.07856559753418,169.7899932861328,97.16309356689453,52.195098876953125,146.68080139160156,335.1998291015625,407.7755432128906,119.29080963134766,63.490474700927734
2022-01-27,113.0396957397461,28.176685333251953,167.60000610351562,97.57142639160156,52.2388916015625,146.5423126220703,331.82421875,405.7619323730469,121.48133087158203,64.3036880493164
2022-01-28,109.06492614746094,27.815933227539062,167.10000610351562,97.79729461669922,53.28104019165039,149.3975372314453,342.2331237792969,415.8392028808594,121.52375030517578,64.44065856933594
2022-01-31,109.66613006591797,28.698827743530273,168.08999633789062,97.79729461669922,53.42992401123047,150.13299560546875,353.17724609375,423.3288879394531,120.89543914794922,65.02274322509766
2022-02-01,112.55536651611328,28.983633041381836,168.22999572753906,97.66510009765625,53.03582763671875,149.11203002929688,355.5800476074219,426.1893005371094,120.49420928955078,69.19154357910156
2022-02-02,113.0731201171875,29.07856559753418,168.83999633789062,97.86510467529297,53.57879638671875,151.82017517089844,358.4693908691406,430.329345703125,120.9022445678711,69.01174926757812
2022-02-03,112.06269836425781,28.717815399169922,168.60000610351562,97.44771575927734,53.95537185668945,151.733642578125,343.93560791015625,420.2144775390625,119.9585189819336,68.20710754394531
2022-02-04,113.46558380126953,28.860218048095703,168.86000061035156,96.69986724853516,53.38612747192383,149.24183654785156,348.2743225097656,422.1904296875,118.19003295898438,69.68801879882812
2022-02-07,115.69513702392578,29.714632034301758,170.11000061035156,96.7259292602539,53.946617126464844,148.6534423828125,345.4726867675781,420.83551025390625,118.2666015625,70.52690124511719
2022-02-08,113.9332046508789,30.046905517578125,170.6300048828125,96.41290283203125,54.29691696166992,148.83514404296875,349.3541259765625,424.2980651855469,117.47581481933594,68.70359802246094
2022-02-09,115.06050872802734,29.989944458007812,171.2100067138672,96.54334259033203,53.45619201660156,148.76596069335938,356.75726318359375,430.5081481933594,117.69689178466797,68.37471008300781
2022-02-10,113.59916687011719,29.135530471801758,170.55999755859375,95.6563491821289,53.753944396972656,145.67715454101562,348.68292236328125,422.7738037109375,115.82638549804688,67.7169189453125
2022-02-11,115.91224670410156,30.787399291992188,173.80999755859375,96.6476821899414,52.79936981201172,145.8588104248047,337.6220703125,414.4371643066406,117.5438461303711,69.42195892333984
2022-02-14,114.1252670288086,31.413969039916992,174.74000549316406,95.97808837890625,53.140926361083984,144.23216247558594,338.0404052734375,413.082275390625,116.08146667480469,68.35738372802734
2022-02-15,113.28987884521484,30.844358444213867,173.0800018310547,95.69110107421875,53.342342376708984,143.59193420410156,346.4454345703125,419.7440490722656,114.76361083984375,67.50054931640625
2022-02-16,113.32364654541016,31.831680297851562,174.86000061035156,95.89112091064453,53.33359146118164,143.88609313964844,346.35797119140625,420.2144775390625,115.44379425048828,67.8121109008789
2022-02-17,112.74142456054688,33.018367767333984,177.25,96.40419006347656,54.402008056640625,144.27545166015625,336.0559387207031,411.2380676269531,116.30250549316406,67.7082748413086
2022-02-18,112.58108520507812,32.75254821777344,177.1199951171875,96.7172622680664,54.769832611083984,145.10606384277344,332.2230224609375,408.5753479003906,117.52682495117188,66.95527648925781
2022-02-22,111.72039794921875,32.38230514526367,177.49000549316406,96.70854949951172,54.54213333129883,145.65980529785156,328.8863220214844,404.19061279296875,117.83289337158203,66.17633819580078
2022-02-23,114.37840270996094,32.98039627075195,178.2899932861328,96.20417785644531,53.93784713745117,144.22352600097656,320.4618225097656,397.02081298828125,116.208984375,66.44463348388672
2022-02-24,113.78775024414062,32.344329833984375,177.13999938964844,96.43028259277344,52.992034912109375,141.7144012451172,331.2308044433594,402.9956359863281,116.2854995727539,65.60508728027344
2022-02-25,118.45402526855469,32.64812088012695,176.5500030517578,96.40419006347656,55.04130554199219,145.68577575683594,336.3671875,411.88726806640625,116.37057495117188,67.37071990966797
2022-02-28,121.50860595703125,32.63862609863281,178.3800048828125,97.49990844726562,54.50709915161133,141.671142578125,337.369140625,410.83349609375,118.92121887207031,67.87272644042969
2022-03-01,126.33518981933594,34.043663024902344,181.6199951171875,98.44950103759766,54.27063751220703,140.39927673339844,332.2036437988281,404.5763244628906,120.2961196899414,68.52184295654297
2022-03-02,130.06483459472656,33.920249938964844,179.72999572753906,96.9698486328125,54.67349624633789,142.34600830078125,337.7777404785156,412.0191345214844,116.18409729003906,69.69892883300781
2022-03-03,131.8199462890625,34.195560455322266,180.8000030517578,97.38763427734375,54.70852279663086,142.19358825683594,332.9526672363281,409.96783447265625,117.36751556396484,70.14033508300781
2022-03-04,133.87039184570312,35.50566482543945,183.67999267578125,98.35372924804688,54.79610061645508,144.35345458984375,328.1275329589844,406.6369934082031,119.39375305175781,72.78011322021484
2022-03-07,136.7309112548828,36.41703796386719,186.41000366210938,97.9359359741211,53.4912223815918,141.4794158935547,316.0257873535156,394.6496887207031,118.48275756835938,75.40258026123047
2022-03-08,143.8948974609375,36.61640167236328,191.50999450683594,97.30056762695312,51.371891021728516,137.49070739746094,314.5568542480469,391.6575622558594,117.2908706665039,75.97380828857422
2022-03-09,140.30023193359375,36.19868850708008,185.82000732421875,96.70001220703125,51.634613037109375,137.08135986328125,325.88031005859375,402.1582336425781,116.14152526855469,71.65497589111328
2022-03-10,144.13955688476562,36.939178466796875,186.39999389648438,96.25611877441406,50.688804626464844,134.56439208984375,322.2615051269531,400.3422546386719,114.47293853759766,73.87930297851562
2022-03-11,144.2070770263672,36.3505859375,185.08999633789062,96.22997283935547,50.72382354736328,133.8850860595703,315.5783386230469,395.25189208984375,114.85602569580078,73.49848175048828
2022-03-14,140.67994689941406,34.869598388671875,182.3000030517578,95.01144409179688,51.659236907958984,135.7662811279297,309.5177001953125,392.3632507324219,112.17424011230469,70.86734008789062
2022-03-15,133.55819702148438,35.03099060058594,178.88999938964844,94.96791076660156,52.6122932434082,138.47482299804688,319.2263488769531,400.9914855957031,111.97844696044922,66.8341064453125
2022-03-16,133.07723999023438,35.135414123535156,180.00999450683594,94.83737182617188,52.47109603881836,139.08447265625,331.0653991699219,409.8831787109375,113.07669067382812,66.58311462402344
2022-03-17,135.3808135986328,35.790470123291016,180.88999938964844,94.65461730957031,53.02704620361328,140.16441345214844,335.0733642578125,415.0111083984375,112.23384857177734,68.35738372802734
2022-03-18,136.46932983398438,35.334781646728516,179.3000030517578,94.93312072753906,53.03586959838867,141.7755584716797,341.931640625,419.5567321777344,113.60452270507812,68.08906555175781
2022-03-21,138.9248046875,36.217674255371094,180.6699981689453,93.69717407226562,53.4594612121582,141.5752410888672,340.9810485839844,419.4339599609375,110.97388458251953,71.1443099975586
2022-03-22,138.4607391357422,35.84742736816406,179.36000061035156,93.18363952636719,53.65359878540039,143.12547302246094,347.68218994140625,424.34197998046875,109.55207824707031,70.83273315429688
2022-03-23,139.9542999267578,36.7588005065918,181.80999755859375,93.81034088134766,53.300621032714844,142.3765106201172,342.685546875,418.87713623046875,111.95291137695312,71.94922637939453
2022-03-24,140.32554626464844,36.606910705566406,183.1300048828125,93.28809356689453,53.812442779541016,143.2386932373047,350.3023376464844,425.1914367675781,111.07601165771484,72.16560363769531
2022-03-25,142.8654022216797,36.7588005065918,182.3800048828125,92.33068084716797,54.297794342041016,143.90933227539062,350.0101623535156,427.26788330078125,109.53507995605469,73.74080657958984
2022-03-28,140.36778259277344,35.790470123291016,179.05999755859375,92.53955841064453,54.64195251464844,144.3360137939453,355.4255676269531,430.3071594238281,110.47157287597656,71.67227935791016
2022-03-29,138.65480041503906,36.28413009643555,179.13999938964844,93.0008544921875,54.8537483215332,146.47845458984375,361.54229736328125,435.63037109375,111.30591583251953,71.29145812988281
2022-03-30,139.63360595703125,36.692352294921875,180.5800018310547,93.36641693115234,54.89787292480469,146.2781524658203,357.5489196777344,432.94036865234375,112.17424011230469,72.51181030273438
2022-03-31,137.39755249023438,36.40754318237305,180.64999389648438,93.5405044555664,54.71255111694336,145.77304077148438,353.1171569824219,426.2768249511719,112.44668579101562,71.48185729980469
2022-04-01,138.57044982910156,37.489803314208984,179.5,92.93142700195312,55.480289459228516,147.84584045410156,352.445068359375,427.4850158691406,112.87469482421875,71.94058990478516
2022-04-04,138.6969757080078,37.15753173828125,180.3699951171875,92.87043762207031,55.18907928466797,147.46261596679688,359.7014465332031,431.1470947265625,112.09028625488281,71.9751968383789
2022-04-05,137.84475708007812,36.34109115600586,179.24000549316406,91.76375579833984,55.127315521240234,147.61936950683594,351.714599609375,425.7011413574219,109.55789947509766,71.60301971435547
2022-04-06,139.06826782226562,36.24615478515625,179.66000366210938,91.44134521484375,55.68324661254883,150.1363067626953,344.0783386230469,421.44439697265625,108.67111206054688,72.39929962158203
2022-04-07,141.0005645751953,36.7682991027832,180.33999633789062,91.21481323242188,55.98329544067383,150.27565002441406,344.8965759277344,423.5680236816406,107.85256958007812,73.61099243164062
2022-04-08,143.38856506347656,37.66068649291992,181.47000122070312,90.75301361083984,56.32745361328125,150.78077697753906,340.0751647949219,422.4355163574219,106.6844253540039,75.16024780273438
2022-04-11,139.70111083984375,37.45182800292969,182.3699951171875,90.31733703613281,56.30980682373047,150.31924438476562,332.0299072265625,415.2150573730469,104.9961929321289,72.5723876953125
2022-04-12,142.61228942871094,37.78409957885742,183.77000427246094,90.75301361083984,56.97165298461914,150.92881774902344,330.6273498535156,413.67657470703125,104.8511962890625,74.08702850341797
2022-04-13,144.85679626464844,38.62902069091797,184.64999389648438,90.95340728759766,57.121673583984375,150.66754150390625,337.3479919433594,418.4146728515625,105.06439208984375,75.13427734375
2022-04-14,144.78929138183594,38.79041290283203,184.0399932861328,90.13431549072266,57.37758255004883,149.70956420898438,329.6337585449219,413.2047119140625,102.95832824707031,76.01709747314453
2022-04-18,146.73008728027344,38.799903869628906,184.61000061035156,89.8729019165039,56.865753173828125,148.42059326171875,329.88702392578125,413.3746032714844,102.4467544555664,76.6402587890625
2022-04-19,144.99183654785156,37.68916702270508,181.82000732421875,89.28034973144531,57.42170333862305,150.5804443359375,337.26031494140625,420.0475769042969,101.6793441772461,75.95651245117188
2022-04-20,145.58251953125,38.097389221191406,182.7100067138672,89.97748565673828,58.20708084106445,152.8187255859375,332.341552734375,419.736083984375,103.72570037841797,76.1296157836914
2022-04-21,138.8741912841797,36.16071319580078,182.05999755859375,89.48079681396484,58.427703857421875,152.27001953125,325.4650573730469,413.45947265625,102.95832824707031,75.32469177246094
2022-04-22,135.8111572265625,35.06896209716797,180.2899932861328,89.52436828613281,57.58055114746094,149.92726135253906,316.9424743652344,402.114501953125,102.31028747558594,73.68025207519531
2022-04-25,132.8916015625,33.86328887939453,177.0500030517578,90.09945678710938,58.189449310302734,151.3120574951172,321.0138854980469,404.44586181640625,103.3334732055664,71.19625091552734
2022-04-26,132.08152770996094,33.13228988647461,177.32000732421875,90.70069885253906,57.40406036376953,150.92881774902344,308.8972473144531,392.7326965332031,104.37373352050781,71.22220611572266
2022-04-27,131.8367919921875,32.94242477416992,175.97999572753906,90.19532012939453,57.854103088378906,152.27874755859375,308.527099609375,393.8370056152344,103.0350570678711,73.2561264038086
2022-04-28,136.51995849609375,33.616455078125,176.92999267578125,90.06462860107422,58.41006088256836,154.586669921875,319.48468017578125,403.7851257324219,103.18853759765625,75.4718246459961
2022-04-29,132.19967651367188,33.217735290527344,176.91000366210938,89.58533477783203,57.015769958496094,149.54412841796875,305.1083068847656,388.8630065917969,101.84986114501953,73.78410339355469
2022-05-02,134.79859924316406,32.800018310546875,173.6300048828125,88.91795349121094,55.98329544067383,146.10397338867188,310.2023010253906,391.2037353515625,100.08442687988281,74.78807830810547
2022-05-03,137.11065673828125,33.3316535949707,174.08999633789062,89.02262878417969,55.66560745239258,146.30430603027344,310.5334777832031,392.9969177246094,100.7591781616211,76.32866668701172
2022-05-04,141.4141082763672,33.967716217041016,175.8000030517578,89.59846496582031,57.38640213012695,151.41656494140625,321.03338623046875,404.96490478515625,101.3143539428711,79.3665771484375
2022-05-05,140.29180908203125,32.87596893310547,175.1300048828125,88.6998519897461,56.927528381347656,148.39451599121094,304.86480712890625,390.5712585449219,98.53846740722656,78.1635513305664
2022-05-06,144.0298614501953,32.50571823120117,175.4199981689453,88.19384765625,57.1304931640625,148.4119110107422,301.21221923828125,388.2400207519531,97.08649444580078,79.3579330444336
2022-05-09,134.37667846679688,30.59752655029297,172.8800048828125,88.84815979003906,57.015769958496094,149.53536987304688,289.4267272949219,375.8097229003906,97.94062042236328,73.10033416748047
2022-05-10,135.66770935058594,30.084880828857422,171.4199981689453,89.14478302001953,56.48630142211914,149.35250854492188,292.94293212890625,376.6779479980469,98.82887268066406,73.58501434326172
2022-05-11,137.6759796142578,30.046905517578125,172.82000732421875,89.69439697265625,56.75103759765625,148.62962341308594,284.25469970703125,370.6940002441406,100.73355102539062,75.1169662475586
2022-05-12,138.98388671875,28.6513614654541,170.1699981689453,89.9910659790039,56.927528381347656,148.40318298339844,283.5826721191406,370.3070373535156,100.5456314086914,75.45799255371094
2022-05-13,141.65037536621094,29.31590461730957,168.7899932861328,89.51994323730469,57.99530029296875,151.29461669921875,294.09228515625,379.1603088378906,99.05951690673828,77.69636535644531
2022-05-16,145.98753356933594,29.600711822509766,170.39999389648438,89.89505004882812,58.20708084106445,152.8187255859375,290.6832275390625,377.6218566894531,98.95698547363281,79.5237808227539
2022-05-17,146.84817504882812,29.657672882080078,169.3300018310547,89.2145767211914,58.04825210571289,151.93911743164062,298.2123107910156,385.3896484375,97.7612533569336,80.53805541992188
2022-05-18,142.977294921875,28.907686233520508,169.4199981689453,89.85144805908203,54.00658416748047,142.5245361328125,283.572998046875,369.8539733886719,99.84526824951172,79.261474609375
2022-05-19,141.9563446044922,30.521581649780273,171.91000366210938,90.17426300048828,52.947635650634766,140.3908233642578,282.053466796875,367.5887451171875,100.08442687988281,79.6899185180664
2022-05-20,142.77310180664062,30.436138153076172,172.02999877929688,90.59300994873047,53.812442779541016,141.27044677734375,281.1768798828125,367.74920654296875,101.22039794921875,80.31945037841797
2022-05-23,146.09104919433594,30.616514205932617,172.8300018310547,90.04338073730469,55.47146987915039,144.22283935546875,285.8521423339844,374.6297912597656,99.55487060546875,82.09442138671875
2022-05-24,146.8737335205078,31.081697463989258,174.1300048828125,90.81980895996094,56.4951171875,146.15623474121094,279.7742919921875,371.76995849609375,101.51933288574219,82.54036712646484
2022-05-25,149.23031616210938,30.93929100036621,173.0800018310547,91.00305938720703,56.53923797607422,147.15782165527344,283.68988037109375,375.05450439453125,101.92076873779297,84.20166015625
2022-05-26,150.23419189453125,30.74942398071289,172.75999450683594,90.95942687988281,56.742218017578125,148.15061950683594,291.55010986328125,382.5486755371094,101.45956420898438,84.49893951416016
2022-05-27,151.67198181152344,30.863344192504883,172.85000610351562,91.09029388427734,57.077545166015625,149.5963592529297,301.0661315917969,391.9399108886719,101.70722961425781,85.32958221435547
2022-05-31,148.59226989746094,30.122852325439453,171.13999938964844,90.13935852050781,55.93034744262695,146.09527587890625,300.2674560546875,389.7406921386719,99.55487060546875,83.93934631347656
2022-06-01,150.0045166015625,30.360191345214844,172.22999572753906,89.6318359375,55.65678787231445,144.99794006347656,298.04669189453125,386.58831787109375,99.44109344482422,85.5481948852539
2022-06-02,149.7322235107422,31.660799026489258,174.35000610351562,89.76285552978516,56.23921585083008,146.1730499267578,306.20892333984375,393.9503173828125,99.4924087524414,85.3995361328125
2022-06-03,151.09347534179688,30.910812377929688,172.5800018310547,89.588134765625,55.568538665771484,144.56820678710938,298.2414855957031,387.4849853515625,99.27849578857422,86.64114379882812
2022-06-06,150.43836975097656,30.58803367614746,171.82000732421875,88.91552734375,55.480289459228516,145.1732940673828,299.2350158691406,388.6647644042969,97.44747924804688,86.42254638671875
2022-06-07,153.30538940429688,30.882328033447266,172.94000244140625,89.273681640625,55.81562423706055,146.0678253173828,301.816162109375,392.3928527832031,98.49990844726562,90.38343811035156
2022-06-08,154.09661865234375,30.673477172851562,172.77999877929688,88.94175720214844,55.4979362487793,145.33995056152344,299.64410400390625,388.1268310546875,97.62715911865234,91.45014953613281
2022-06-09,151.02540588378906,29.515268325805664,172.22999572753906,88.8631362915039,54.53605651855469,142.7528839111328,291.61822509765625,378.8960266113281,97.9522705078125,89.4740982055664
2022-06-10,149.22178649902344,30.920307159423828,174.5399932861328,87.98963165283203,54.19189453125,142.52490234375,281.33270263671875,367.90966796875,97.34479522705078,87.8390121459961
2022-06-13,142.3562469482422,28.926671981811523,169.92999267578125,86.42601776123047,54.130130767822266,140.08692932128906,268.2518310546875,353.9407653808594,94.29021453857422,83.8082046508789
2022-06-14,142.54339599609375,28.195674896240234,168.57000732421875,85.7359390258789,52.64576721191406,136.9123077392578,268.73870849609375,352.8742370605469,93.10089874267578,84.02677154541016
2022-06-15,139.74441528320312,28.66085433959961,170.77000427246094,86.9326400756836,53.03684997558594,138.37681579589844,275.4496154785156,357.90496826171875,94.83780670166016,82.96878814697266
2022-06-16,132.2748260498047,29.201984405517578,172.69000244140625,87.50042724609375,52.50355911254883,137.7103271484375,264.3362731933594,346.05975341796875,95.59074401855469,79.90850067138672
2022-06-17,126.23453521728516,28.850725173950195,171.27000427246094,87.52664184570312,52.82353973388672,137.7366485595703,267.5505065917969,346.8057556152344,95.89878845214844,75.30059814453125
2022-06-21,131.5176544189453,28.955154418945312,170.6300048828125,87.07242584228516,53.952362060546875,140.93759155273438,274.3006591796875,355.5361328125,94.27308654785156,79.9872055053711
2022-06-22,125.80059814453125,28.556425094604492,171.30999755859375,88.1730728149414,54.35233688354492,142.09515380859375,273.90057373046875,354.89154052734375,96.86563873291016,76.82199096679688
2022-06-23,121.17251586914062,27.44568634033203,170.25999450683594,88.67097473144531,55.001190185546875,143.91049194335938,277.9797058105469,358.37042236328125,97.66139221191406,74.50491333007812
2022-06-24,123.16326141357422,28.157699584960938,170.08999633789062,88.35649108886719,56.03224182128906,145.69076538085938,287.5042724609375,369.764404296875,96.30948638916016,75.98258972167969
2022-06-27,125.54539489746094,27.977325439453125,169.89999389648438,87.85859680175781,55.916690826416016,145.8836669921875,285.396484375,368.3519592285156,95.48807525634766,77.84500885009766
2022-06-28,127.56166076660156,27.407712936401367,169.6199951171875,87.97212219238281,55.356727600097656,143.83155822753906,276.7013244628906,360.825439453125,95.9330062866211,80.00469970703125
2022-06-29,125.04345703125,26.999494552612305,169.49000549316406,88.67972564697266,55.756690979003906,146.21690368652344,276.955078125,360.5315856933594,97.43037414550781,77.04932403564453
2022-06-30,123.17178344726562,25.993183135986328,168.4600067138672,89.3610610961914,55.916690826416016,146.15557861328125,273.51995849609375,357.6025390625,98.28598022460938,74.88089752197266
2022-07-01,124.64356994628906,26.733675003051758,168.32000732421875,90.31898498535156,57.22327423095703,148.54965209960938,275.32537841796875,361.3847961425781,99.29505920410156,76.55094146728516
2022-07-05,121.36824035644531,25.594457626342773,164.75,90.65145111083984,56.24556350708008,148.2164306640625,280.03887939453125,362.0672607421875,100.0752182006836,74.1551742553711
2022-07-06,119.7687759399414,25.433069229125977,162.13999938964844,89.88157653808594,56.36109924316406,149.69850158691406,281.8344421386719,363.2900695800781,98.39484405517578,72.8173828125
2022-07-07,122.09984588623047,25.784324645996094,162.22999572753906,89.3304214477539,55.916690826416016,149.40032958984375,287.8654479980469,368.7311096191406,97.52897644042969,75.14319610595703
2022-07-08,121.46178436279297,25.689390182495117,162.3000030517578,88.78800964355469,56.12112045288086,150.7333221435547,288.2265319824219,368.42779541015625,96.44873809814453,75.26560974121094
2022-07-11,120.3897933959961,25.30015754699707,161.42999267578125,89.4878921508789,55.94335174560547,149.49681091308594,282.0687255859375,364.21905517578125,98.11195373535156,74.88089752197266
2022-07-12,118.18638610839844,24.929912567138672,160.8300018310547,89.6978530883789,55.7033576965332,148.64613342285156,279.3362121582031,360.9960632324219,98.69493865966797,73.88411712646484
2022-07-13,117.39518737792969,25.471040725708008,161.60000610351562,90.0827865600586,55.44559860229492,149.1723175048828,278.76043701171875,359.10028076171875,99.82660675048828,74.18138885498047
2022-07-14,115.65113067626953,24.40777015686035,159.3300018310547,89.58415222167969,55.26783752441406,149.94406127929688,279.7558898925781,358.2281494140625,99.01213073730469,72.69496154785156
2022-07-15,117.1059341430664,24.29384994506836,159.00999450683594,89.89031982421875,55.55226516723633,150.0667724609375,284.8304138183594,365.0721740722656,99.56941986083984,73.91908264160156
2022-07-18,118.74789428710938,24.40777015686035,159.16000366210938,89.62786865234375,54.796756744384766,147.55870056152344,282.41998291015625,362.05780029296875,98.53202056884766,75.2831039428711
2022-07-19,123.02716827392578,24.702068328857422,159.5399932861328,89.2166976928711,55.57892990112305,149.13723754882812,291.1053771972656,371.8403015136719,98.00048065185547,77.18047332763672
2022-07-20,124.65210723876953,23.98056411743164,158.0399932861328,89.12920379638672,54.663421630859375,147.55870056152344,295.72125244140625,374.2100524902344,98.25770568847656,78.02861022949219
2022-07-21,123.6992416381836,24.436250686645508,160.27000427246094,90.14403533935547,54.53899383544922,147.7779083251953,299.96636962890625,378.0207824707031,99.95518493652344,76.72579956054688
2022-07-22,122.66983795166016,24.122966766357422,160.6699981689453,91.17633819580078,54.74342727661133,148.7425994873047,294.706298828125,374.5134582519531,101.63552856445312,76.1399917602539
2022-07-25,126.31956481933594,23.344499588012695,160.22999572753906,90.8526382446289,55.27672576904297,148.9530487060547,293.02783203125,374.9684143066406,100.64103698730469,78.67565155029297
2022-07-26,125.33271789550781,23.82866668701172,160.0399932861328,90.88764953613281,56.1833381652832,150.68948364257812,287.27008056640625,370.5322265625,100.71820831298828,78.36961364746094
2022-07-27,126.98314666748047,24.236888885498047,161.6699981689453,91.07133483886719,56.00557327270508,150.4789581298828,299.41009521484375,380.15350341796875,100.15238952636719,80.06588745117188
2022-07-28,127.94449615478516,24.683080673217773,163.63999938964844,91.97245025634766,56.9388542175293,153.3291473388672,302.3377990722656,384.92156982421875,100.94967651367188,81.00148010253906
2022-07-29,139.33607482910156,24.93940544128418,164.10000610351562,92.00746154785156,57.03662109375,153.4343719482422,307.8514404296875,390.53326416015625,100.67537689208984,84.75251770019531
2022-08-01,136.55406188964844,24.882444381713867,165.02999877929688,92.54553985595703,57.34770965576172,155.17953491210938,307.66607666015625,389.37677001953125,103.09994506835938,82.61030578613281
2022-08-02,135.38858032226562,24.56915855407715,164.0500030517578,91.26603698730469,56.56553649902344,153.899169921875,306.7486572265625,386.8079833984375,100.91838836669922,82.25181579589844
2022-08-03,132.17276000976562,24.246379852294922,164.4499969482422,91.64287567138672,56.81440734863281,155.0743408203125,315.1022033691406,392.8651428222656,102.50731658935547,79.5849838256836
2022-08-04,128.58258056640625,25.091299057006836,167.1699981689453,92.10736846923828,56.592201232910156,154.23243713378906,316.57586669921875,392.5997619628906,102.47297668457031,76.23617553710938
2022-08-05,130.70944213867188,24.948898315429688,165.2899932861328,90.77526092529297,56.33443832397461,153.07481384277344,313.9896545410156,391.9362487792969,100.03373718261719,77.33786010742188
2022-08-08,130.51376342773438,25.632431030273438,166.69000244140625,91.30986022949219,55.97001647949219,152.46095275878906,312.97479248046875,391.4811706542969,101.6484603881836,77.77503967285156
2022-08-09,132.21524047851562,25.575468063354492,167.1999969482422,91.0381851196289,56.04111862182617,153.0309600830078,309.432373046875,389.9266052246094,101.25334930419922,79.20901489257812
2022-08-10,132.56407165527344,25.755844116210938,166.77999877929688,91.09077453613281,56.57442092895508,154.29379272460938,318.0689697265625,398.11663818359375,100.5920181274414,79.96096801757812
2022-08-11,135.7969207763672,25.271678924560547,166.33999633789062,90.48609161376953,56.19222640991211,153.50454711914062,316.26361083984375,398.11663818359375,98.2472915649414,82.27407836914062
2022-08-12,135.99258422851562,25.84128761291504,167.8699951171875,90.84537506103516,56.61886978149414,155.51278686523438,322.4214172363281,404.8563537597656,99.24357604980469,82.98920440673828
2022-08-15,133.4063262939453,25.281169891357422,165.7100067138672,91.13459014892578,57.3299446105957,157.22286987304688,325.0269775390625,406.5246887207031,99.15769958496094,81.50598907470703
2022-08-16,133.06602478027344,25.37610626220703,165.4199981689453,91.02944946289062,57.8010139465332,158.1349334716797,324.2657775878906,407.3209533691406,99.56996154785156,80.74671936035156
2022-08-17,134.16351318359375,24.474225997924805,164.35000610351562,90.41595458984375,57.66769027709961,158.0472412109375,320.56719970703125,404.42974853515625,98.53073120117188,81.40003967285156
2022-08-18,136.5157470703125,24.502704620361328,163.9199981689453,90.59121704101562,57.96989440917969,158.205078125,321.3381652832031,405.6051940917969,98.6767349243164,83.3246841430664
2022-08-19,135.37396240234375,23.9710693359375,162.72000122070312,89.81124114990234,57.92545700073242,158.0033721923828,315.072998046875,400.1546325683594,97.08778381347656,83.05982208251953
2022-08-22,134.69573974609375,23.990055084228516,161.63999938964844,89.4168701171875,57.06329345703125,156.4949951171875,306.7779541015625,391.8223876953125,96.76140594482422,82.99801635742188
2022-08-23,139.06539916992188,24.398279190063477,162.77000427246094,89.19776153564453,57.1254997253418,156.42483520507812,306.52435302734375,390.87451171875,96.22889709472656,86.52064514160156
2022-08-24,140.09561157226562,24.597639083862305,163.25,88.89981842041016,57.20549774169922,157.205322265625,307.4123229980469,392.12579345703125,95.5246353149414,87.03271484375
2022-08-25,141.32325744628906,24.806495666503906,163.75,89.46942138671875,57.48103713989258,157.214111328125,312.84796142578125,397.6616516113281,96.85591125488281,87.48297119140625
2022-08-26,140.2844696044922,23.638797760009766,161.75999450683594,89.36426544189453,56.094451904296875,153.50454711914062,300.0249328613281,384.2011413574219,97.58594512939453,86.40586853027344
2022-08-29,141.3318328857422,23.36348533630371,161.86000061035156,88.85599517822266,55.756690979003906,153.02220153808594,297.06805419921875,381.6607360839844,96.77863311767578,88.3923110961914
2022-08-30,137.88929748535156,22.86033058166504,160.50999450683594,88.82970428466797,55.24117660522461,151.70675659179688,293.75970458984375,377.4709167480469,97.01910400390625,85.02861785888672
2022-08-31,135.6916046142578,22.594511032104492,159.27000427246094,88.46162414550781,54.85008239746094,151.0753173828125,292.052001953125,374.5987243652344,96.09150695800781,84.3929443359375
2022-09-01,133.52822875976562,21.89199447631836,157.8699951171875,87.75838470458984,55.107845306396484,152.60267639160156,292.1788330078125,375.7742004394531,94.3322525024414,82.87442779541016
2022-09-02,135.5113067626953,22.585020065307617,159.25999450683594,88.25005340576172,54.35233688354492,150.66921997070312,288.0508728027344,371.8118591308594,94.86589813232422,84.3929443359375
2022-09-06,134.88461303710938,22.25274658203125,158.3300018310547,87.26676940917969,54.378997802734375,149.65391540527344,285.9819641113281,370.40899658203125,92.51615905761719,83.82791137695312
2022-09-07,133.1590576171875,23.088172912597656,159.94000244140625,87.83740997314453,55.383384704589844,152.955810546875,291.7591247558594,377.0633544921875,93.97933959960938,83.11277770996094
2022-09-08,133.88018798828125,23.126148223876953,158.97999572753906,87.51258850097656,55.21450424194336,152.4437713623047,293.2717590332031,379.5279541015625,93.01536560058594,83.79259490966797
2022-09-09,137.33128356933594,23.82866668701172,159.82000732421875,87.5213623046875,55.39228057861328,152.92933654785156,299.683349609375,385.4239501953125,93.22193908691406,85.19635772705078
2022-09-12,139.5032196044922,24.160940170288086,160.6300048828125,87.31065368652344,55.55226516723633,153.52969360351562,303.2453308105469,389.56646728515625,92.45590209960938,86.17633819580078
2022-09-13,136.85057067871094,23.183109283447266,158.5399932861328,86.81898498535156,53.747928619384766,147.79991149902344,286.6162414550781,372.6271057128906,92.67109680175781,84.16341400146484
2022-09-14,140.16429138183594,23.230575561523438,157.92999267578125,86.8628921508789,54.0323600769043,148.921142578125,288.8901672363281,374.0489501953125,92.98955535888672,86.22930145263672
2022-09-15,137.88929748535156,22.537551879882812,154.97999572753906,86.56440734863281,53.29819107055664,146.44915771484375,284.07904052734375,369.8023376464844,92.9292984008789,83.72196960449219
2022-09-16,134.30943298339844,22.78438377380371,155.83999633789062,86.63465118408203,53.30714797973633,147.41146850585938,282.3420104980469,366.98114013671875,92.15469360351562,82.29171752929688
2022-09-19,134.69573974609375,23.183109283447266,155.9600067138672,86.38884735107422,53.71004104614258,148.9652862548828,284.54058837890625,369.8269958496094,92.36984252929688,82.28289794921875
2022-09-20,134.1634979248047,22.54704475402832,155.07000732421875,85.85327911376953,53.62947082519531,149.13304138183594,282.2725830078125,365.5819396972656,91.44889068603516,81.61193084716797
2022-09-21,133.07322692871094,22.62299346923828,155.7899932861328,86.19568634033203,53.18180465698242,148.70924377441406,277.2181701660156,359.20477294921875,92.98094177246094,80.29645538330078
2022-09-22,132.97021484375,22.537551879882812,155.6999969482422,84.89630889892578,53.056453704833984,148.8505096435547,273.8062438964844,356.1875,90.60543823242188,79.9609603881836
2022-09-23,124.2823486328125,21.30339813232422,153.00999450683594,85.00172424316406,52.46554183959961,148.77987670898438,269.34814453125,350.21966552734375,90.97554016113281,75.70557403564453
2022-09-26,121.01155853271484,20.752777099609375,151.22999572753906,83.58822631835938,51.81196594238281,148.71807861328125,268.2336730957031,346.7550048828125,89.23695373535156,74.14289093017578
2022-09-27,121.06305694580078,20.885683059692383,151.5399932861328,83.01757049560547,50.47795104980469,146.5638885498047,268.3412170410156,345.86993408203125,86.88721466064453,75.69673919677734
2022-09-28,125.14945220947266,22.38565444946289,154.69000244140625,84.88755798339844,51.015132904052734,148.91229248046875,273.6791687011719,352.6753845214844,89.7963638305664,78.45128631591797
2022-09-29,124.2823486328125,22.490083694458008,154.66000366210938,84.49249267578125,50.6480598449707,147.0936279296875,265.78961181640625,345.308349609375,89.33160400390625,78.2923583984375
2022-09-30,123.33805084228516,22.898305892944336,154.6699981689453,84.27299499511719,50.15563201904297,144.1360321044922,261.28265380859375,339.9686584472656,88.17823028564453,77.08283233642578
2022-10-03,130.25738525390625,23.77170753479004,158.42999267578125,85.27315521240234,50.71968460083008,145.8929443359375,267.4125061035156,348.9442138671875,89.57937622070312,81.15283966064453
2022-10-04,135.32247924804688,24.44574546813965,160.6999969482422,85.4490737915039,50.83607864379883,147.53506469726562,275.8201904296875,359.75689697265625,89.32917785644531,84.11043548583984
2022-10-05,136.09506225585938,24.084993362426758,159.80999755859375,84.63982391357422,50.35260772705078,146.5550994873047,275.6734924316406,358.919189453125,88.47506713867188,87.50946044921875
2022-10-06,138.57611083984375,24.35080909729004,159.6300048828125,84.17361450195312,49.26926803588867,143.7299041748047,273.50311279296875,355.2166748046875,87.9832763671875,90.10508728027344
2022-10-07,137.38279724121094,23.15462875366211,157.8800048828125,83.76016235351562,48.80370330810547,142.67930603027344,263.08160400390625,345.308349609375,87.129150390625,89.19573974609375
2022-10-10,134.90179443359375,22.803369522094727,155.47999572753906,83.2675552368164,48.69627380371094,142.8647003173828,260.4516906738281,342.67181396484375,85.77462768554688,87.26224517822266
2022-10-11,134.9275665283203,22.604005813598633,155.16000366210938,83.47866821289062,48.77684783935547,143.5445098876953,256.8735656738281,340.5016174316406,86.15425109863281,86.52064514160156
2022-10-12,135.33102416992188,22.803369522094727,155.99000549316406,83.7513656616211,49.36775207519531,149.54798889160156,256.78564453125,339.37847900390625,86.5770034790039,86.90028381347656
2022-10-13,141.88983154296875,22.537551879882812,154.91000366210938,83.39949798583984,50.02133560180664,154.15650939941406,262.80780029296875,348.3350524902344,85.7487564086914,89.93733978271484
2022-10-14,137.47723388671875,21.5692138671875,152.97999572753906,82.93328857421875,49.22450256347656,150.2542724609375,254.9084930419922,340.3969421386719,85.04132080078125,87.57125854492188
2022-10-17,138.48167419433594,22.26224136352539,153.4199981689453,83.02125549316406,49.86017608642578,152.49671936035156,263.3260192871094,349.1441345214844,84.6271743774414,88.83374786376953
2022-10-18,139.6920928955078,22.41413688659668,153.75,83.23238372802734,50.53166198730469,154.55380249023438,265.4083557128906,353.2464294433594,84.82561492919922,88.99267578125
2022-10-19,144.22486877441406,21.73060417175293,151.69000244140625,82.36152648925781,50.10192108154297,153.0529327392578,264.4405212402344,350.7431335449219,83.28129577636719,91.6324234008789
2022-10-20,145.04905700683594,22.00591468811035,151.4499969482422,81.74578094482422,49.31404113769531,151.37551879882812,263.0912780761719,347.80206298828125,81.8577651977539,91.75601959228516
2022-10-21,148.680419921875,23.107162475585938,154.14999389648438,81.93047332763672,50.10192108154297,152.78807067871094,269.2602233886719,356.2541809082031,80.38243103027344,93.45995330810547
2022-10-24,148.62893676757812,22.71792984008789,153.64999389648438,81.82494354248047,51.54336166381836,156.8668670654297,272.22247314453125,360.6134033203125,79.71810913085938,94.11325073242188
2022-10-25,150.17417907714844,23.173616409301758,154.0,82.84534454345703,52.77891159057617,157.38780212402344,277.8536376953125,366.3719787597656,82.03894805908203,93.47762298583984
2022-10-26,152.02850341796875,23.857147216796875,154.97999572753906,83.2675552368164,53.17284393310547,158.09408569335938,271.71405029296875,363.6116943359375,83.22089385986328,94.59002685546875
2022-10-27,152.72384643554688,23.562849044799805,154.74000549316406,83.85693359375,53.29819107055664,157.9263458251953,266.7672119140625,361.6699523925781,84.09228515625,94.9520034790039
2022-10-28,154.50949096679688,23.467912673950195,153.16000366210938,83.4259033203125,54.399436950683594,160.88394165039062,274.9304504394531,370.2742919921875,83.51423645019531,97.7330093383789
2022-10-31,155.29931640625,22.936279296875,151.91000366210938,83.04765319824219,53.58469772338867,160.31007385253906,271.7336730957031,367.5997314453125,82.91891479492188,97.83013916015625
2022-11-01,156.43251037597656,23.448928833007812,153.4600067138672,83.03266906738281,53.39667892456055,159.58609008789062,268.9571533203125,365.9912109375,83.69386291503906,98.80128479003906
2022-11-02,153.2389678955078,22.072370529174805,152.38999938964844,82.8916244506836,52.653564453125,157.361328125,259.738037109375,356.80621337890625,83.33061981201172,96.77070617675781
2022-11-03,155.49676513671875,21.53124237060547,151.80999755859375,82.53018188476562,52.626712799072266,156.95518493652344,254.66407775878906,353.13214111328125,82.8808822631836,98.08617401123047
2022-11-04,157.4626922607422,23.686264038085938,156.47000122070312,82.3538589477539,53.056453704833984,157.83804321289062,258.7603759765625,358.21490478515625,81.4884262084961,99.15442657470703
2022-11-07,159.3427276611328,23.87613296508789,155.85000610351562,82.06295013427734,53.26239013671875,159.1005401611328,261.6053161621094,361.641357421875,80.67546844482422,100.3286361694336
2022-11-08,159.11099243164062,25.309650421142578,159.4499969482422,82.6095199584961,53.36086654663086,159.54197692871094,263.5116882324219,363.5926208496094,81.55760955810547,100.6464614868164
2022-11-09,152.7496337890625,24.91092300415039,158.64999389648438,82.8916244506836,52.61775207519531,157.63502502441406,257.4307861328125,356.1018371582031,81.82574462890625,96.14386749267578
2022-11-10,155.6427001953125,26.781143188476562,163.47999572753906,84.75167083740234,54.50687789916992,160.41600036621094,276.4263000488281,375.67108154296875,84.973876953125,97.55644989013672
2022-11-11,160.07249450683594,26.8665828704834,164.55999755859375,84.57537841796875,54.900814056396484,157.19357299804688,281.5197448730469,379.3070373535156,84.66250610351562,100.6023178100586
2022-11-14,160.14976501464844,26.695703506469727,164.9199981689453,84.37261199951172,54.37257766723633,156.02818298339844,279.05609130859375,376.0804443359375,84.45496368408203,100.8960189819336
2022-11-15,161.43743896484375,26.43937873840332,165.5,84.99854278564453,54.283042907714844,156.43431091308594,282.91778564453125,379.2879943847656,85.82144927978516,101.57240295410156
2022-11-16,158.81048583984375,26.135587692260742,165.1199951171875,85.62437438964844,54.1845588684082,157.44078063964844,279.05609130859375,376.39459228515625,87.69819641113281,100.48662567138672
2022-11-17,159.26036071777344,25.746353149414062,163.9199981689453,85.04257202148438,54.35466384887695,158.94158935546875,278.4401550292969,375.24285888671875,86.77281951904297,100.62012481689453
2022-11-18,158.30873107910156,25.983692169189453,162.7899932861328,84.74285888671875,54.73965835571289,160.08934020996094,278.4500427246094,376.946533203125,86.17604064941406,99.74795532226562
2022-11-21,156.7947540283203,25.803316116333008,161.8800048828125,84.68995666503906,55.58124923706055,163.17056274414062,275.5855407714844,375.5759582519531,86.53929901123047,98.76010131835938
2022-11-22,160.8175811767578,26.828611373901367,162.07000732421875,85.17478942871094,55.82298278808594,163.18817138671875,279.5548095703125,380.630126953125,87.76740264892578,101.61689758300781
2022-11-23,159.39013671875,27.255815505981445,163.0800018310547,85.6332015991211,56.073673248291016,163.4000701904297,282.36053466796875,383.0286865234375,89.29823303222656,101.10960388183594
2022-11-25,158.9229736328125,26.999494552612305,163.22000122070312,85.60675811767578,56.12739562988281,162.54371643066406,280.5029602050781,382.9429626464844,88.99552917480469,100.75363159179688
2022-11-28,154.30320739746094,25.917236328125,161.92999267578125,85.64202117919922,56.1363410949707,162.34947204589844,276.3871765136719,376.8323669433594,89.24638366699219,97.72771453857422
2022-11-29,156.61306762695312,26.724184036254883,162.72999572753906,85.28058624267578,55.93938064575195,161.20175170898438,274.2950134277344,376.18511962890625,88.1998519897461,98.37741088867188
2022-11-30,158.5855712890625,27.578594207763672,164.80999755859375,86.04755401611328,57.35499572753906,163.77969360351562,286.79888916015625,388.0351257324219,88.84850311279297,99.08937072753906
2022-12-01,157.87619018554688,28.51845359802246,167.83999633789062,86.9874038696289,57.51729965209961,165.14776611328125,287.15093994140625,387.7497253417969,91.68684387207031,98.6087875366211
2022-12-02,156.61306762695312,28.404531478881836,167.25999450683594,87.16402435302734,58.02223205566406,164.9612579345703,286.0069885253906,387.3022766113281,92.8398666381836,97.772216796875
2022-12-05,152.74598693847656,27.379234313964844,164.38999938964844,86.2807388305664,57.228763580322266,162.6781005859375,281.20697021484375,380.3350524902344,91.53944396972656,95.0934066772461
2022-12-06,148.8096923828125,27.388729095458984,164.83999633789062,86.81073760986328,57.20170974731445,161.35447692871094,275.3802490234375,374.85260009765625,92.7184829711914,92.45018005371094
2022-12-07,149.2509002685547,27.92036247253418,166.3300018310547,87.57035064697266,57.2918815612793,161.8430633544922,274.25592041015625,374.2148742675781,94.9031982421875,92.24551391601562
2022-12-08,150.13333129882812,27.92036247253418,166.47000122070312,87.07569122314453,57.53532409667969,163.26443481445312,277.5017395019531,377.146484375,94.64308166503906,92.93077087402344
2022-12-09,145.3405303955078,27.597583770751953,167.05999755859375,86.430908203125,56.931209564208984,162.6603546142578,275.732177734375,374.3290710449219,92.18099212646484,92.14759826660156
2022-12-12,146.8544921875,27.474166870117188,165.67999267578125,86.3072280883789,57.67959213256836,163.43324279785156,279.1929016113281,379.7258605957031,92.47578430175781,94.41702270507812
2022-12-13,150.12466430664062,28.271623611450195,168.50999450683594,87.08454895019531,57.6976318359375,163.34439086914062,282.1943054199219,382.600341796875,93.36873626708984,95.44940185546875
2022-12-14,149.0865020751953,28.12921905517578,168.10000610351562,87.32302856445312,57.6976318359375,162.891357421875,280.1022644042969,380.1541442871094,93.76749420166016,94.74632263183594
2022-12-15,147.97055053710938,26.88557243347168,165.35000610351562,87.49295043945312,56.90415573120117,160.1284942626953,270.6972961425781,370.8549499511719,94.13336181640625,93.83853912353516
2022-12-16,145.96347045898438,27.15138816833496,166.7899932861328,87.27169799804688,56.579566955566406,160.20846557617188,268.1163635253906,366.4765930175781,93.08184814453125,93.1799545288086
2022-12-19,146.9669647216797,26.70343589782715,166.32000732421875,86.56369018554688,56.660709381103516,161.09683227539062,264.348388671875,363.3690490722656,91.51758575439453,93.59825897216797
2022-12-20,149.3806610107422,27.74608612060547,169.0800018310547,85.93531036376953,56.61562728881836,160.99908447265625,264.142578125,363.86627197265625,89.8924789428711,94.95101165771484
2022-12-21,151.1368408203125,28.07432746887207,168.8000030517578,86.0415267944336,57.52630615234375,162.12734985351562,267.97430419921875,369.306884765625,90.1184310913086,96.17025756835938
2022-12-22,148.87025451660156,27.76539421081543,166.75999450683594,86.01497650146484,57.11154556274414,160.87474060058594,261.4183044433594,364.038330078125,90.10103607177734,94.23011779785156
2022-12-23,153.4727020263672,27.871591567993164,167.25999450683594,85.62557220458984,57.544349670410156,161.9141082763672,262.0062561035156,366.13238525390625,88.7801284790039,96.72203826904297
2022-12-27,155.4019317626953,28.576345443725586,168.6699981689453,84.90870666503906,57.89599609375,162.6337127685547,258.30194091796875,364.6885681152344,87.02470397949219,98.06592559814453
2022-12-28,153.10935974121094,27.688161849975586,167.91000366210938,84.70516204833984,57.31892395019531,161.46104431152344,254.89161682128906,360.15618896484375,86.51197814941406,96.45507049560547
2022-12-29,154.26861572265625,27.823318481445312,168.85000610351562,85.12110900878906,57.661556243896484,161.66537475585938,261.1046447753906,366.6391296386719,87.49394989013672,97.18482208251953
2022-12-30,155.2808074951172,27.668851852416992,169.63999938964844,84.76709747314453,57.35499572753906,160.4927520751953,260.9478759765625,365.6734313964844,86.5206527709961,98.16380310058594
2023-01-03,150.5226287841797,28.63426971435547,171.05999755859375,85.43087768554688,56.759891510009766,159.3822784423828,259.1839294433594,364.1339416503906,88.17178344726562,94.79083251953125
2023-01-04,148.92214965820312,29.85069465637207,172.6699981689453,86.08578491210938,56.73283767700195,158.9914093017578,260.41864013671875,366.94512939453125,89.37976837158203,95.06671142578125
2023-01-05,151.60400390625,29.59003257751465,170.52000427246094,85.96186065673828,56.08363342285156,157.3301544189453,256.3419494628906,362.7571105957031,89.75348663330078,97.19374084472656
2023-01-06,152.74598693847656,30.468563079833984,173.7100067138672,87.06814575195312,57.165645599365234,160.88363647460938,263.41741943359375,371.0758361816406,91.40459442138672,98.3685073852539
2023-01-09,151.55210876464844,30.178937911987305,174.10000610351562,87.28938293457031,56.453330993652344,159.31118774414062,265.1225891113281,370.865478515625,91.89128875732422,96.53517150878906
2023-01-10,152.29612731933594,30.73887825012207,174.74000549316406,86.74068450927734,56.02052307128906,157.99642944335938,267.3666687011719,373.4663391113281,90.37043762207031,97.9769058227539
2023-01-11,151.56942749023438,30.47821617126465,174.6199951171875,87.2982406616211,55.91232681274414,158.17410278320312,271.9921569824219,378.1898193359375,91.83906555175781,99.11608123779297
2023-01-12,153.19583129882812,31.067121505737305,176.63999938964844,88.07705688476562,55.19099426269531,156.15750122070312,273.46209716796875,379.5667419433594,93.64669799804688,100.76251220703125
2023-01-13,153.61111450195312,31.5208683013916,178.75999450683594,87.60800170898438,55.38936233520508,155.67779541015625,275.34368896484375,381.03924560546875,92.76897430419922,100.70021057128906
2023-01-17,156.14593505859375,30.42994499206543,177.58999633789062,87.33363342285156,55.614776611328125,156.40623474121094,275.9023132324219,380.34130859375,92.1693344116211,100.50443267822266
2023-01-18,153.32562255859375,30.130666732788086,177.0800018310547,88.51957702636719,53.92866516113281,152.46189880371094,272.3156433105469,374.33642578125,94.40274810791016,98.43970489501953
2023-01-19,154.8568878173828,30.91265296936035,179.88999938964844,88.35140228271484,53.84751510620117,150.6940155029297,269.6402282714844,371.61138916015625,93.81181335449219,99.07156372070312
2023-01-20,156.5006103515625,31.298818588256836,179.2899932861328,87.7673110961914,54.172119140625,150.9161376953125,277.0194091796875,378.5340881347656,92.29100799560547,100.87820434570312
2023-01-23,156.29298400878906,31.27951431274414,179.6300048828125,87.48409271240234,54.3073616027832,150.24093627929688,283.1736755371094,383.07598876953125,91.85649108886719,100.35313415527344
2023-01-24,156.44003295898438,31.598098754882812,180.27999877929688,87.98857879638672,54.59589385986328,151.63571166992188,282.59552001953125,382.6647644042969,93.17742156982422,101.28759765625
2023-01-25,154.92611694335938,32.119422912597656,181.11000061035156,88.08592987060547,54.93852615356445,152.7372589111328,281.96832275390625,382.8082275390625,93.40335845947266,100.75363159179688
2023-01-26,162.4613037109375,31.62706184387207,179.47000122070312,87.7673110961914,54.830326080322266,151.21817016601562,287.4659729003906,387.0154113769531,92.96884155273438,104.80298614501953
2023-01-27,155.24618530273438,31.192625045776367,179.22000122070312,87.63456726074219,54.54179382324219,150.68515014648438,290.3275451660156,387.9046630859375,92.73419952392578,102.88953399658203
2023-01-30,150.7042999267578,30.729225158691406,178.75999450683594,87.36019897460938,54.67704391479492,150.56076049804688,284.4575500488281,383.0376892089844,92.39530181884766,101.0650863647461
2023-01-31,150.54859924316406,30.91265296936035,179.41000366210938,87.80274200439453,55.29018020629883,151.92886352539062,288.7203369140625,388.6696472167969,93.13395690917969,103.24553680419922
2023-02-01,148.24734497070312,31.607755661010742,181.6699981689453,88.4341812133789,55.2991943359375,152.40859985351562,294.89422607421875,392.8003234863281,94.25354766845703,102.11526489257812
2023-02-02,146.21429443359375,30.623027801513672,177.89999389648438,88.398681640625,54.35244369506836,150.99607849121094,305.4779052734375,398.5183410644531,94.37553405761719,98.92027282714844
2023-02-03,146.594970703125,29.271446228027344,173.4600067138672,87.44972229003906,53.946693420410156,150.24093627929688,300.0488586425781,394.28240966796875,92.96406555175781,99.60556030273438
2023-02-06,146.75933837890625,29.16524887084961,173.82000732421875,86.6958236694336,54.25326156616211,152.63954162597656,297.51068115234375,391.872802734375,92.2757797241211,99.43647003173828
2023-02-07,150.60916137695312,29.570724487304688,173.97999572753906,86.48300170898438,54.16309356689453,152.40859985351562,303.67474365234375,396.9980163574219,91.53517150878906,102.27545928955078
2023-02-08,147.07078552246094,29.31971549987793,174.41000366210938,86.80225372314453,53.84751510620117,152.05325317382812,298.275146484375,392.6568908691406,91.97083282470703,101.385498046875
2023-02-09,145.72120666503906,28.730812072753906,173.02999877929688,86.4120101928711,53.757347106933594,153.49237060546875,295.63897705078125,389.2528381347656,91.0995864868164,101.7681884765625
2023-02-10,148.77508544921875,28.595651626586914,173.36000061035156,85.99517822265625,53.757347106933594,156.53062438964844,293.69866943359375,390.1612854003906,90.08016204833984,106.05784606933594
2023-02-13,147.94456481933594,28.557037353515625,172.47999572753906,86.19918060302734,54.64098358154297,157.9253692626953,298.40252685546875,394.7414245605469,90.83816528320312,105.64531707763672
2023-02-14,149.07789611816406,28.614961624145508,172.61000061035156,85.80892944335938,53.73029708862305,156.1486358642578,300.60748291015625,394.5597229003906,90.62907409667969,104.4076919555664
2023-02-15,147.5068817138672,27.79435920715332,170.88999938964844,85.55169677734375,53.73029708862305,156.36180114746094,302.910400390625,395.84100341796875,89.78396606445312,104.09381103515625
2023-02-16,145.37733459472656,27.67850685119629,170.75,85.26791381835938,53.39667892456055,155.91763305664062,297.2265319824219,390.3907165527344,88.51192474365234,103.78888702392578
2023-02-17,142.13063049316406,27.427499771118164,171.25999450683594,85.50739288330078,54.20817947387695,156.6016845703125,295.1294250488281,389.4154968261719,89.20020294189453,99.79805755615234
2023-02-21,140.5159912109375,27.13787269592285,170.6199951171875,84.57611846923828,53.91964340209961,156.5128173828125,288.1422119140625,381.6034240722656,87.46636199951172,99.69938659667969
2023-02-22,139.94871520996094,26.500699996948242,169.66000366210938,84.72689056396484,54.08194351196289,156.45956420898438,288.35772705078125,381.0775451660156,88.26793670654297,98.4079818725586
2023-02-23,141.3276824951172,26.36553955078125,169.57000732421875,85.0550308227539,54.181121826171875,156.6283416748047,290.8763122558594,383.10467529296875,89.13050079345703,99.31377410888672
2023-02-24,141.74661254882812,26.056604385375977,168.35000610351562,84.5406494140625,53.955711364746094,156.31741333007812,286.00579833984375,379.01214599609375,87.97172546386719,99.3227310180664
2023-02-27,142.1044464111328,26.25934600830078,169.00999450683594,84.7978515625,53.93767547607422,156.27297973632812,288.05389404296875,380.30303955078125,88.21566772460938,99.14336395263672
2023-02-28,140.31524658203125,26.558622360229492,169.77999877929688,84.93087005615234,53.65815734863281,154.15866088867188,287.6816101074219,378.8974609375,88.61646270751953,98.56939697265625
2023-03-01,141.43238830566406,27.13787269592285,170.75999450683594,84.25190734863281,53.072086334228516,152.20425415039062,285.36883544921875,377.4440612792969,87.66447448730469,99.44828796386719
2023-03-02,141.8775177001953,27.195798873901367,170.66000366210938,83.90528106689453,53.84751510620117,155.0125732421875,287.7305603027344,380.3795471191406,86.88709259033203,99.90567779541016
2023-03-03,143.97216796875,27.639890670776367,172.49000549316406,84.58070373535156,53.59503936767578,154.86053466796875,293.6790466308594,386.4799499511719,88.9920425415039,101.17018127441406
2023-03-06,145.02822875976562,27.108911514282227,171.6199951171875,84.42964935302734,54.42457962036133,155.17356872558594,294.01214599609375,386.74774169921875,88.30203247070312,102.06698608398438
2023-03-07,143.16050720214844,25.960063934326172,168.6199951171875,84.43852233886719,54.10900115966797,154.40443420410156,290.4059143066406,380.81939697265625,88.84353637695312,100.09398651123047
2023-03-08,142.2528076171875,25.882831573486328,168.5399932861328,84.41185760498047,54.136051177978516,154.8247528076172,291.856201171875,381.4408874511719,88.9308853149414,98.63218688964844
2023-03-09,140.08831787109375,25.757328033447266,170.1999969482422,84.93622589111328,53.613075256347656,153.6531524658203,286.799560546875,374.4033508300781,89.14923858642578,97.869873046875
2023-03-10,139.355224609375,26.25934600830078,173.8699951171875,86.50039672851562,53.38766098022461,153.85885620117188,282.77191162109375,369.00091552734375,92.22364807128906,96.6591796875
2023-03-13,138.517333984375,28.09363555908203,177.86000061035156,87.549072265625,53.92866516113281,155.36141967773438,284.8690490722656,368.4749450683594,92.43327331542969,95.547119140625
2023-03-14,140.3065643310547,28.315683364868164,176.8300018310547,86.72257232666016,54.12702178955078,155.20042419433594,291.415283203125,374.5660095214844,90.9135513305664,95.90587615966797
2023-03-15,134.23204040527344,28.315683364868164,178.2100067138672,87.97565460205078,54.48769760131836,157.97296142578125,292.944091796875,372.22332763671875,92.66909790039062,91.13478088378906
2023-03-16,134.65969848632812,28.151561737060547,178.57000732421875,87.18470001220703,54.78752899169922,157.86563110351562,300.6662902832031,378.75396728515625,91.94414520263672,90.60564422607422
2023-03-17,132.9578094482422,29.52245330810547,183.77000427246094,88.21562957763672,54.53312683105469,156.63140869140625,299.2452392578125,374.3253479003906,93.32416534423828,89.53842163085938
2023-03-20,134.91278076171875,30.03412628173828,183.83999633789062,87.86015319824219,55.06010055541992,158.83154296875,300.3072509765625,377.9246826171875,92.5031509399414,91.87913513183594
2023-03-21,139.041015625,28.96251106262207,180.3699951171875,87.0958480834961,54.80569839477539,159.2071990966797,304.5964050292969,382.8870849609375,91.70833587646484,95.99552917480469
2023-03-22,136.2132568359375,29.503145217895508,183.44000244140625,88.24229431152344,54.56038284301758,157.86563110351562,300.4544982910156,376.3602294921875,92.93112182617188,93.79832458496094
2023-03-23,134.8604278564453,30.22720718383789,185.74000549316406,88.74888610839844,54.442264556884766,157.0964813232422,304.017333984375,377.37762451171875,92.93112182617188,92.74008178710938
2023-03-24,136.20449829101562,30.458908081054688,183.64999389648438,88.77554321289062,55.332679748535156,160.17311096191406,305.1362609863281,379.85400390625,93.32416534423828,92.84770202636719
2023-03-27,137.59222412109375,30.42994499206543,181.9499969482422,87.68238067626953,55.74153518676758,160.53086853027344,303.0456237792969,380.5641784667969,91.13187408447266,94.88348388671875
2023-03-28,139.1981201171875,31.192625045776367,183.44000244140625,87.62907409667969,55.80512619018555,160.4771728515625,301.43597412109375,379.71002197265625,91.29782104492188,96.06727600097656
2023-03-29,140.39378356933594,30.931962966918945,182.52999877929688,87.47798919677734,56.204917907714844,161.5862274169922,306.932373046875,385.2290344238281,91.11441040039062,97.71743774414062
2023-03-30,141.72915649414062,31.39536476135254,184.17999267578125,87.61127471923828,56.19582748413086,161.72930908203125,309.83758544921875,387.4846496582031,91.53367614746094,98.19274139404297
2023-03-31,142.40121459960938,31.23124122619629,183.22000122070312,88.0912094116211,56.35936737060547,163.0440216064453,314.9903869628906,392.9460754394531,92.90489196777344,98.34518432617188
2023-04-03,148.3272705078125,31.93599510192871,184.5399932861328,88.50617980957031,56.69554901123047,163.22293090820312,314.2248840332031,394.4434509277344,93.34185028076172,104.1476058959961
2023-04-04,147.5330810546875,33.007606506347656,187.97999572753906,89.07611846923828,56.522918701171875,162.64157104492188,313.1648864746094,392.2550354003906,93.805908203125,103.15213775634766
2023-04-05,148.2661895751953,33.15242385864258,187.8300018310547,89.45011138916016,57.058982849121094,164.24249267578125,310.0731506347656,391.2279968261719,94.78662872314453,104.91888427734375
2023-04-06,146.3199005126953,33.23931121826172,186.49000549316406,89.47681427001953,57.0953254699707,164.88644409179688,312.1636962890625,392.754150390625,95.03180694580078,103.17904663085938
2023-04-10,146.8784637451172,32.81452560424805,185.11000061035156,88.5952377319336,56.959041595458984,163.84898376464844,311.98699951171875,393.15728759765625,93.49945068359375,102.72168731689453
2023-04-11,147.69015502929688,33.38412094116211,186.27999877929688,88.55960845947266,56.85909652709961,163.59857177734375,309.98480224609375,393.26287841796875,93.69208526611328,103.4480972290039
2023-04-12,148.21383666992188,33.71236038208008,187.19000244140625,88.8178482055664,56.959041595458984,163.2765655517578,307.2464294433594,391.659912109375,93.59578704833984,103.34049224853516
2023-04-13,150.19500732421875,34.629512786865234,189.72000122070312,88.52400970458984,57.37698745727539,164.9043426513672,313.2629699707031,396.8622741699219,92.86028289794922,103.82476806640625
2023-04-14,150.50048828125,33.87648391723633,186.36000061035156,88.087646484375,57.286128997802734,164.12623596191406,312.6741027832031,395.89276123046875,92.01090240478516,104.07587432861328
2023-04-17,149.17388916015625,33.11380386352539,185.52999877929688,87.52664947509766,57.65864562988281,164.9669647216797,312.93902587890625,397.3133850097656,90.91637420654297,102.86515808105469
2023-04-18,148.82476806640625,33.355159759521484,186.25,87.66910552978516,57.74950408935547,165.30677795410156,312.9587097167969,397.572509765625,91.24034118652344,104.87403106689453
2023-04-19,148.96441650390625,32.90141296386719,185.36000061035156,87.48212432861328,57.85853576660156,165.2084503173828,312.81146240234375,397.5054016113281,91.15277099609375,104.54222869873047
2023-04-20,148.24002075195312,32.882102966308594,186.08999633789062,87.98969268798828,58.112937927246094,165.75399780273438,310.4264221191406,395.3360900878906,91.93208312988281,103.70817565917969
2023-04-21,147.60289001464844,32.44766616821289,184.25,87.77597045898438,58.19471740722656,165.8255615234375,310.7503356933594,395.6432800292969,91.41546630859375,104.04000091552734
2023-04-24,149.6626434326172,32.54420852661133,184.80999755859375,88.20343780517578,58.10385513305664,165.90603637695312,310.1026306152344,396.0560302734375,92.29985809326172,106.00404357910156
2023-04-25,147.48941040039062,32.60213088989258,185.75,89.07611846923828,58.01299285888672,169.67135620117188,304.25286865234375,389.7690124511719,93.65707397460938,104.49736785888672
2023-04-26,144.86239624023438,32.17735290527344,184.74000549316406,88.72882843017578,57.74042510986328,168.6249237060547,306.09808349609375,388.1181335449219,92.65885925292969,103.53778076171875
2023-04-27,145.70899963378906,32.67936706542969,184.75,88.1500015258789,57.85853576660156,169.65347290039062,314.4211730957031,395.8448181152344,91.73944091796875,104.77539825439453
2023-04-28,147.131591796875,32.418704986572266,184.8000030517578,88.8089599609375,58.28557205200195,170.7266845703125,316.5902404785156,399.223388671875,93.2192611694336,106.12958526611328
2023-05-01,145.9621124267578,32.254581451416016,183.97000122070312,87.76368713378906,58.42185592651367,171.43324279785156,316.22711181640625,398.8203430175781,90.53131866455078,102.83826446533203
2023-05-02,139.67813110351562,33.53858947753906,187.52000427246094,88.90625,58.15837860107422,171.94305419921875,313.4690856933594,394.3378601074219,92.78736877441406,98.73979949951172
2023-05-03,136.87657165527344,33.654441833496094,189.11000061035156,89.4864730834961,57.83127212524414,171.88043212890625,311.4177551269531,391.6311340332031,93.30528259277344,96.793701171875
2023-05-04,136.34414672851562,34.45573425292969,190.44000244140625,89.46862030029297,57.8948860168457,172.95372009277344,310.3185119628906,388.8572998046875,92.38357543945312,95.09871673583984
2023-05-05,139.82652282714844,34.17576599121094,187.4600067138672,88.9865951538086,58.16744613647461,173.7496795654297,316.9141540527344,396.0560302734375,92.07633972167969,97.46630859375
2023-05-08,139.2766571044922,34.137149810791016,187.69000244140625,88.44209289550781,58.07658767700195,172.92686462402344,317.6993408203125,396.1615295410156,90.785888671875,97.85194396972656
2023-05-09,138.8751983642578,34.030948638916016,189.02000427246094,88.3349609375,57.59504699707031,173.63339233398438,315.6872253417969,394.4241943359375,90.46109771728516,97.87884521484375
2023-05-10,137.10348510742188,33.78959655761719,188.75,88.99549102783203,57.69499206542969,173.7496795654297,319.12255859375,396.26715087890625,91.33893585205078,96.62330627441406
2023-05-11,136.34414672851562,32.36077880859375,187.1300048828125,89.32577514648438,58.02207946777344,174.7066650390625,320.1629333496094,395.5760498046875,92.30457305908203,94.87450408935547
2023-05-12,136.69325256347656,32.43801498413086,186.80999755859375,88.79022216796875,58.24922180175781,175.4042510986328,319.0145263671875,395.0577087402344,91.53205108642578,94.86553192138672
2023-05-15,137.19947814941406,32.73729705810547,187.2100067138672,88.59382629394531,58.09476852416992,173.7496795654297,320.7419738769531,396.4207458496094,90.58402252197266,95.04646301269531
2023-05-16,133.9789276123047,31.8684139251709,184.8699951171875,88.30817413330078,57.440589904785156,172.99839782714844,321.1051025390625,393.77154541015625,90.3118896484375,92.73973083496094
2023-05-17,135.89906311035156,31.598098754882812,184.22999572753906,88.02253723144531,57.37698745727539,171.7731170654297,324.9917907714844,398.5516052246094,90.04853820800781,94.82030487060547
2023-05-18,135.7315673828125,30.777494430541992,181.83999633789062,87.47804260253906,57.058982849121094,171.32595825195312,331.0279846191406,402.390869140625,89.38136291503906,95.6796875
2023-05-19,136.80679321289062,31.047813415527344,183.63999938964844,87.14775085449219,57.086238861083984,171.5763702392578,330.28204345703125,401.805419921875,88.74932098388672,96.12294006347656
2023-05-22,134.34791564941406,30.767841339111328,183.2100067138672,86.98709869384766,55.88691329956055,166.92562866210938,331.3911437988281,401.96856689453125,88.43328094482422,94.95598602294922
2023-05-23,138.2345428466797,30.555448532104492,183.42999267578125,87.12992095947266,55.78696823120117,166.41583251953125,327.1903381347656,397.4573059082031,88.68789672851562,96.24958038330078
2023-05-24,138.60467529296875,29.85069465637207,181.9499969482422,86.90674591064453,55.314510345458984,165.3604736328125,325.5119323730469,394.57781982421875,88.24894714355469,97.3260498046875
2023-05-25,136.21632385253906,29.213520050048828,180.1999969482422,86.36221313476562,54.88747024536133,164.38560485839844,333.4326477050781,397.9948425292969,88.02949523925781,95.5801773071289
2023-05-26,135.7932586669922,29.358333587646484,180.9199981689453,86.52294921875,54.751182556152344,164.1888427734375,341.9519958496094,403.1491394042969,88.74053192138672,94.95598602294922
2023-05-30,134.9471893310547,29.155595779418945,182.0399932861328,87.20133972167969,54.3150634765625,162.42691040039062,343.50274658203125,403.30267333984375,89.62715911865234,94.11471557617188
2023-05-31,132.74391174316406,29.841039657592773,182.32000732421875,87.53157806396484,54.206031799316406,163.0887908935547,341.5495910644531,401.06634521484375,90.408447265625,92.43215942382812
2023-06-01,134.10116577148438,30.902997970581055,183.75999450683594,87.77499389648438,54.51494598388672,164.08396911621094,345.49517822265625,404.8768310546875,90.76313018798828,93.49960327148438
2023-06-02,137.71456909179688,30.323747634887695,181.0500030517578,87.07706451416016,55.568904876708984,165.7681121826172,348.08636474609375,410.7318115234375,89.76856231689453,95.6706314086914
2023-06-05,137.05355834960938,30.468563079833984,182.13999938964844,87.05020904541016,55.196388244628906,165.8851776123047,348.3316955566406,409.9447937011719,89.601318359375,95.24547576904297
2023-06-06,137.30032348632812,30.53614044189453,182.33999633789062,87.10389709472656,54.79661560058594,163.51657104492188,348.2728576660156,410.83740234375,90.1294174194336,96.02342987060547
2023-06-07,140.86087036132812,29.976198196411133,180.14999389648438,86.46864318847656,54.714839935302734,162.21067810058594,342.3642578125,409.41680908203125,88.79154968261719,98.17638397216797
2023-06-08,140.3408966064453,30.449254989624023,182.52999877929688,87.05020904541016,54.85112380981445,164.00291442871094,346.6141052246094,411.89324951171875,89.83015441894531,97.86880493164062
2023-06-09,140.0059814453125,30.00516128540039,182.0399932861328,86.73706817626953,54.94198226928711,164.2280731201172,347.9391174316406,412.6322326660156,89.70692443847656,97.14512634277344
2023-06-12,138.65756225585938,30.15962791442871,181.8800048828125,86.8802261352539,54.70575714111328,163.82276916503906,353.81829833984375,416.3756103515625,89.97100830078125,96.26766967773438
2023-06-13,139.697509765625,29.821731567382812,180.5399932861328,86.26284790039062,54.92381286621094,163.49855041503906,356.5370178222656,419.12078857421875,89.08201599121094,96.28575134277344
2023-06-14,138.44606018066406,29.802425384521484,180.63999938964844,86.3791275024414,55.29634094238281,164.96656799316406,359.128173828125,419.6199035644531,89.79495239257812,95.12788391113281
2023-06-15,139.4948272705078,29.927928924560547,181.91000366210938,87.05020904541016,56.05620193481445,167.254150390625,363.40740966796875,424.82220458984375,90.65750885009766,95.7882308959961
2023-06-16,138.59588623046875,30.304441452026367,181.6300048828125,86.6744155883789,56.459014892578125,167.5513458251953,361.1205749511719,423.3751525878906,90.30546569824219,95.1007308959961
2023-06-20,135.44073486328125,29.09766960144043,179.75,86.93390655517578,56.08366012573242,166.89389038085938,360.60357666015625,421.1786193847656,90.93035888671875,92.920654296875
2023-06-21,136.49835205078125,29.020435333251953,179.49000549316406,87.0144271850586,56.23929977416992,167.001953125,355.6893310546875,419.0205383300781,91.15039825439453,93.96092987060547
2023-06-22,134.52420043945312,28.817699432373047,177.7100067138672,86.52230834960938,56.62381362915039,168.7311553955078,359.8861083984375,420.5331726074219,90.05018615722656,93.44532775878906
2023-06-23,133.38729858398438,28.759775161743164,178.1999969482422,86.8802261352539,56.02873229980469,167.57835388183594,356.3183898925781,417.3539123535156,90.94798278808594,92.63117980957031
2023-06-26,135.7315673828125,29.03009033203125,178.50999450683594,87.09496307373047,56.04705047607422,166.515625,351.5417785644531,415.6487121582031,91.0448226928711,94.34086608886719
2023-06-27,135.30856323242188,28.624614715576172,177.69000244140625,86.79072570800781,55.92803192138672,167.71343994140625,357.58624267578125,420.20556640625,90.80712890625,94.57606506347656
2023-06-28,136.53358459472656,28.20948600769043,177.27999877929688,87.13970947265625,55.40619659423828,165.4438934326172,358.2840881347656,420.4175109863281,91.19442749023438,95.344970703125
2023-06-29,137.69691467285156,28.595651626586914,177.08999633789062,86.24494934082031,54.948448181152344,165.60598754882812,357.566650390625,422.0745544433594,89.54851531982422,96.52095794677734
2023-06-30,138.6752166748047,29.068708419799805,178.27000427246094,86.43282318115234,55.13153839111328,166.81283569335938,363.08038330078125,427.05535888671875,90.60469818115234,97.01848602294922
2023-07-03,138.55178833007812,29.62864875793457,178.47000122070312,86.05791473388672,55.461124420166016,167.1550750732422,363.9353942871094,427.54669189453125,90.09107971191406,97.20845031738281
2023-07-05,137.75860595703125,28.798391342163086,177.83999633789062,85.6453628540039,55.87309265136719,168.0376739501953,363.925537109375,426.91082763671875,89.2349853515625,96.71092224121094
2023-07-06,134.73570251464844,28.064674377441406,177.30999755859375,84.9457778930664,55.44281768798828,168.05572509765625,361.1539611816406,423.56781005859375,87.97294616699219,93.1015625
2023-07-07,135.91665649414062,28.43153190612793,178.63999938964844,84.83812713623047,54.71041488647461,164.885498046875,359.9549255371094,422.4984130859375,87.44339752197266,93.31866455078125
2023-07-10,136.82444763183594,29.001129150390625,178.77999877929688,85.27762603759766,54.29843521118164,165.98426818847656,360.0728454589844,423.56781005859375,87.5581283569336,94.70272827148438
2023-07-11,139.3538055419922,29.194210052490234,179.4499969482422,85.4570083618164,54.490692138671875,165.69606018066406,361.8517761230469,426.265380859375,88.00824737548828,95.86060333251953
2023-07-12,140.69338989257812,30.71957015991211,181.8800048828125,86.2911376953125,54.78364944458008,164.96656799316406,366.4219665527344,429.69500732421875,88.98785400390625,96.33098602294922
2023-07-13,138.81619262695312,31.07677459716797,182.00999450683594,87.00867462158203,55.250553131103516,168.8932647705078,372.6434020996094,433.10552978515625,89.92338562011719,94.5670166015625
2023-07-14,135.3526153564453,30.854726791381836,181.42999267578125,86.5781478881836,55.75408935546875,169.5056915283203,372.5647277832031,432.8357238769531,89.39385223388672,91.31045532226562
2023-07-17,135.22921752929688,30.864383697509766,181.55999755859375,86.72162628173828,55.671688079833984,167.1820831298828,376.0440368652344,434.33856201171875,89.4379653930664,91.70848846435547
2023-07-18,135.50245666503906,31.50156021118164,183.63999938964844,86.8203125,55.451969146728516,166.11936950683594,379.1202697753906,437.5660095214844,89.84395599365234,91.2923583984375
2023-07-19,136.3308868408203,31.24089813232422,183.6699981689453,87.11627197265625,56.431549072265625,167.74948120117188,379.03173828125,438.5390930175781,90.85887908935547,91.92559814453125
2023-07-20,137.8379364013672,30.304441452026367,182.74000549316406,86.42566680908203,57.118186950683594,170.4873504638672,370.29443359375,435.6295471191406,89.75569915771484,93.54483032226562
2023-07-21,139.8561553955078,30.400981903076172,182.17999267578125,86.49742126464844,57.163963317871094,171.2619171142578,369.18377685546875,435.6295471191406,89.78216552734375,93.9790267944336
2023-07-24,142.6147003173828,30.207901000976562,181.39999389648438,86.2911376953125,57.1822624206543,171.9463653564453,369.77349853515625,437.57562255859375,89.45562744140625,95.45353698730469
2023-07-25,143.266845703125,30.680953979492188,182.41000366210938,86.12969207763672,56.99000930786133,172.3426513671875,372.2797546386719,438.77020263671875,89.28794860839844,95.5982666015625
2023-07-26,142.19161987304688,30.555448532104492,183.3000030517578,86.42566680908203,57.722412109375,172.55877685546875,371.0413513183594,438.83770751953125,89.37617492675781,95.06454467773438
2023-07-27,140.71102905273438,29.30040740966797,180.4199981689453,85.4839096069336,57.163963317871094,169.79385375976562,370.15679931640625,435.92822265625,87.63756561279297,95.36308288574219
2023-07-28,140.01478576660156,29.657609939575195,181.86000061035156,85.76194763183594,57.20058059692383,171.39697265625,376.8990783691406,440.1960754394531,88.08766174316406,94.22327423095703
2023-07-31,144.23626708984375,30.323747634887695,182.35000610351562,85.86959075927734,56.69705581665039,168.83021545410156,377.0955810546875,441.03424072265625,88.29948425292969,97.00943756103516
2023-08-01,143.0377197265625,29.18455696105957,180.4600067138672,85.36784362792969,56.55057144165039,168.2538299560547,376.2209167480469,439.772216796875,86.8525161743164,96.44859313964844
2023-08-02,140.77272033691406,28.267412185668945,179.60000610351562,85.19697570800781,56.72451400756836,169.59576416015625,367.9650573730469,433.6546325683594,85.92328643798828,95.24547576904297
2023-08-03,140.7198486328125,28.267412185668945,179.5399932861328,84.56756591796875,56.431549072265625,168.52403259277344,367.3753356933594,432.41180419921875,83.94091796875,96.90089416503906
2023-08-04,140.40257263183594,28.53772735595703,180.19000244140625,85.46675109863281,55.58013916015625,166.2544403076172,365.6553649902344,430.45611572265625,85.42769622802734,97.17227935791016
2023-08-07,140.9137420654297,28.315683364868164,179.77999877929688,85.25994110107422,56.01957321166992,168.31687927246094,368.7513427734375,434.21337890625,84.58699798583984,96.97325897216797
2023-08-08,140.7022247314453,28.07432746887207,178.63999938964844,85.69153594970703,55.772396087646484,166.1103515625,365.6160888671875,432.32513427734375,85.56930541992188,97.45269775390625
2023-08-09,140.8872833251953,28.122596740722656,177.7899932861328,85.7455062866211,55.90056610107422,165.69606018066406,361.59625244140625,429.4349365234375,86.01178741455078,99.10811614990234
2023-08-10,141.7421875,28.161216735839844,177.60000610351562,85.08910369873047,55.772396087646484,165.4888916015625,362.2645568847656,429.589111328125,84.5958023071289,99.61470031738281
2023-08-11,144.66812133789062,28.441184997558594,177.60000610351562,84.63949584960938,56.00127410888672,165.7500762939453,359.9549255371094,429.33856201171875,84.401123046875,101.16156768798828
2023-08-14,144.5623779296875,27.948823928833008,177.05999755859375,84.5046157836914,55.73577117919922,165.371826171875,363.9944763183594,431.70855712890625,84.21529388427734,101.24297332763672
2023-08-15,140.3408966064453,27.234413146972656,176.58999633789062,84.34275817871094,55.36042022705078,163.32742309570312,360.13177490234375,426.6795349121094,83.70197296142578,98.64373779296875
2023-08-16,139.80328369140625,26.867557525634766,175.57000732421875,84.01908111572266,55.36957931518555,163.20135498046875,356.3183898925781,423.548583984375,83.04708862304688,96.98384857177734
2023-08-17,142.14340209960938,26.655166625976562,175.3000030517578,83.91117095947266,55.488590240478516,160.7156524658203,352.4263610839844,420.3211669921875,82.6930923461914,98.86262512207031
2023-08-18,143.16665649414062,26.500699996948242,175.3300018310547,84.1629409790039,55.79985046386719,160.47247314453125,351.9841003417969,420.52349853515625,82.9851303100586,100.35831451416016
2023-08-21,142.68618774414062,26.751705169677734,175.80999755859375,83.64143371582031,55.32379913330078,159.45477294921875,357.6550598144531,423.2594909667969,81.87891387939453,99.14533233642578
2023-08-22,141.5116729736328,26.98340606689453,176.10000610351562,83.67739868164062,54.98506546020508,158.23890686035156,357.1440124511719,422.1130676269531,82.50725555419922,98.58900451660156
2023-08-23,141.698486328125,27.74608612060547,177.88999938964844,84.58555603027344,55.17731475830078,160.41839599609375,362.775634765625,426.8144836425781,84.55155944824219,97.72257232666016
2023-08-24,140.53289794921875,27.688161849975586,177.85000610351562,84.2708511352539,55.03083801269531,159.5718536376953,355.02105712890625,420.8992614746094,83.99402618408203,96.99298095703125
2023-08-25,141.5828399658203,27.417842864990234,177.6199951171875,84.24385833740234,55.28718185424805,161.5892333984375,357.7729797363281,423.866455078125,84.26837158203125,98.7258071899414
2023-08-28,142.55271911621094,27.997093200683594,178.1300048828125,84.47766876220703,55.44281768798828,162.3367462158203,360.4659423828125,426.554443359375,84.35688018798828,99.55574035644531
2023-08-29,142.3302764892578,28.508766174316406,179.8699951171875,85.08008575439453,55.38788604736328,162.9491424560547,368.3385314941406,432.7200622558594,85.23297882080078,100.14855194091797
2023-08-30,142.5260009765625,28.499113082885742,180.32000732421875,85.07112884521484,55.36042022705078,163.0843048095703,370.39263916015625,434.5023498535156,85.14450073242188,101.12440490722656
2023-08-31,143.34461975097656,28.248104095458984,180.02000427246094,85.2419662475586,54.77450180053711,161.36558532714844,371.5032653808594,433.8666076660156,85.52503967285156,101.4071273803711
2023-09-01,146.19192504882812,28.083982467651367,180.11000061035156,84.72089385986328,54.29843521118164,159.00747680664062,371.1101379394531,434.6758117675781,84.19268035888672,103.53211975097656
2023-09-05,148.11390686035156,27.504732131958008,178.63999938964844,84.2070541381836,53.84983825683594,157.95541381835938,371.5818786621094,432.7971496582031,83.01213073730469,103.54125213623047
2023-09-06,148.26515197753906,27.485422134399414,177.8300018310547,83.99070739746094,53.8132209777832,158.47239685058594,368.3089904785156,429.8876953125,83.21629333496094,104.4350357055664
2023-09-07,148.2740478515625,27.30199432373047,178.02000427246094,84.27918243408203,53.4012451171875,159.9870147705078,365.675048828125,428.5679016113281,83.4470443725586,103.92430114746094
2023-09-08,148.78121948242188,27.35991859436035,178.0800018310547,84.29720306396484,53.4012451171875,159.86911010742188,366.1860656738281,429.2133483886719,83.76663970947266,105.43824005126953
2023-09-11,145.71145629882812,27.775047302246094,178.41000366210938,84.1529769897461,53.9047737121582,162.28160095214844,370.5007019042969,432.0361022949219,83.16303253173828,104.1158447265625
2023-09-12,148.42529296875,27.79435920715332,177.49000549316406,84.2701416015625,53.373779296875,161.68299865722656,366.39251708984375,429.6661682128906,83.64236450195312,107.15284729003906
2023-09-13,147.8825225830078,27.726778030395508,177.0800018310547,84.36932373046875,53.501949310302734,162.96180725097656,367.7880859375,430.1671142578125,83.6246109008789,106.19522857666016
2023-09-14,148.7989959716797,28.103290557861328,177.1699981689453,84.18001556396484,53.94487762451172,164.3675994873047,370.7956237792969,433.87615966796875,83.02102661132812,108.09221649169922
2023-09-15,148.1494903564453,28.69219398498535,178.33999633789062,83.91858673095703,53.465030670166016,163.10691833496094,364.44647216796875,428.6487121582031,82.5150375366211,106.4323501586914
2023-09-18,148.79010009765625,28.72115707397461,179.38999938964844,83.99974060058594,53.79723358154297,162.68971252441406,364.826416015625,428.90008544921875,82.98551940917969,107.2896499633789
2023-09-19,148.77230834960938,28.38326072692871,179.22000122070312,83.6932144165039,53.686500549316406,161.72837829589844,364.0488586425781,428.0106201171875,82.373046875,107.00692749023438
2023-09-20,148.31854248046875,28.682538986206055,179.35000610351562,83.63011932373047,53.92641830444336,161.78277587890625,358.802734375,424.07574462890625,82.63046264648438,106.15874481201172
2023-09-21,146.9838409423828,27.910205841064453,178.0500030517578,83.0080795288086,53.0959358215332,159.06190490722656,352.2278747558594,417.06646728515625,80.50897979736328,104.66304016113281
2023-09-22,147.95372009277344,27.871591567993164,178.6199951171875,83.33260345458984,53.15129470825195,158.96214294433594,352.277099609375,416.1286926269531,81.15695190429688,104.82720184326172
2023-09-25,150.1158905029297,27.52404022216797,177.6999969482422,82.7196273803711,52.5976448059082,158.10960388183594,353.95025634765625,417.8786315917969,79.15977478027344,106.00370788574219
2023-09-26,149.3061981201172,26.780670166015625,176.27999877929688,82.69258117675781,52.1639404296875,156.46803283691406,348.63531494140625,411.73944091796875,78.88461303710938,106.16785430908203
2023-09-27,152.18910217285156,25.979372024536133,174.10000610351562,82.3229751586914,51.62873458862305,153.79249572753906,349.4522399902344,411.9037780761719,78.47628784179688,109.62440490722656
2023-09-28,151.7886962890625,26.11452865600586,173.22999572753906,82.54833221435547,51.499549865722656,153.72901916503906,352.3755187988281,414.29180908203125,78.71595001220703,108.95864868164062
2023-09-29,150.03579711914062,25.979372024536133,171.4499969482422,82.5663833618164,51.65641784667969,153.67457580566406,352.6313781738281,413.28631591796875,78.72482299804688,107.23492431640625
2023-10-02,148.18505859375,25.091188430786133,169.64999389648438,81.89663696289062,51.19503402709961,153.42971801757812,355.5743408203125,413.1219177246094,77.40696716308594,105.45650482177734
2023-10-03,148.5320587158203,25.168420791625977,169.16000366210938,81.2187271118164,50.64137649536133,152.09649658203125,349.3341369628906,407.5918884277344,75.7417984008789,105.6388931274414
2023-10-04,145.07078552246094,25.01395606994629,169.13999938964844,81.73393249511719,50.78902053833008,153.1939239501953,354.0880432128906,410.5599060058594,76.81035614013672,101.68985748291016
2023-10-05,145.8360137939453,25.409778594970703,168.8300018310547,81.8875961303711,48.33446502685547,145.20362854003906,353.0447998046875,410.4052734375,76.42748260498047,99.40070343017578
2023-10-06,144.3500518798828,25.960063934326172,169.6999969482422,81.40856170654297,49.03575897216797,145.37594604492188,358.960205078125,415.2779541015625,75.50140380859375,97.74082946777344
2023-10-09,148.34524536132812,26.58758544921875,172.82000732421875,82.4479751586914,48.79584503173828,146.34637451171875,360.7909851074219,417.93658447265625,77.27342224121094,101.16089630126953
2023-10-10,148.18505859375,26.848247528076172,172.52999877929688,82.28527069091797,49.85702896118164,149.103515625,362.7889709472656,420.1119079589844,77.16654968261719,100.73224639892578
2023-10-11,143.34461975097656,27.34061050415039,173.7899932861328,82.73719787597656,49.56173324584961,147.48915100097656,365.37762451171875,421.8327941894531,78.77825927734375,97.12065887451172
2023-10-12,143.46029663085938,26.780670166015625,173.25999450683594,81.94181060791016,48.73125076293945,143.37155151367188,364.1078796386719,419.2611389160156,76.64118194580078,97.1024169921875
2023-10-13,145.97836303710938,27.948823928833008,178.8300018310547,82.46603393554688,48.805076599121094,145.11293029785156,359.53106689453125,417.17279052734375,78.0124740600586,100.20328521728516
2023-10-16,147.17068481445312,27.997093200683594,177.9600067138672,81.97795867919922,49.303367614746094,146.09243774414062,363.5960693359375,421.5621032714844,76.75691986083984,100.2762451171875
2023-10-17,149.11932373046875,28.508766174316406,178.2899932861328,81.1735610961914,49.89393997192383,145.448486328125,362.4051513671875,421.542724609375,75.9110107421875,101.58955383300781
2023-10-18,150.30274963378906,28.43153190612793,180.8699951171875,80.7939224243164,49.8754768371582,146.95404052734375,357.6510925292969,415.9256286621094,75.24317932128906,103.01228332519531
2023-10-19,150.4629364013672,28.489456176757812,183.08999633789062,80.39625549316406,50.152305603027344,145.62081909179688,354.3046569824219,412.27117919921875,73.70269012451172,103.07611083984375
2023-10-20,148.44309997558594,28.460494995117188,183.58999633789062,80.86626434326172,50.355323791503906,145.11293029785156,349.0191955566406,407.2051086425781,74.12120819091797,101.30681610107422
2023-10-23,142.9709014892578,28.22879409790039,182.97000122070312,81.245849609375,49.90316390991211,145.1855010986328,350.07232666015625,406.49945068359375,75.01164245605469,99.82023620605469
2023-10-24,139.3850555419922,28.248104095458984,182.9499969482422,81.39045715332031,51.34267807006836,147.09918212890625,353.4779052734375,409.564208984375,76.00003814697266,98.85347747802734
2023-10-25,138.69100952148438,27.784704208374023,183.72000122070312,80.67646026611328,51.78559875488281,147.24429321289062,344.8261413574219,403.68603515625,74.30818939208984,99.03590393066406
2023-10-26,137.69447326660156,27.533695220947266,184.00999450683594,81.29107666015625,51.47186279296875,146.3917694091797,338.2513732910156,398.85198974609375,75.44798278808594,98.13300323486328
2023-10-27,128.44070434570312,28.19017791748047,186.14999389648438,81.41759490966797,50.97357177734375,144.76828002929688,339.8753662109375,397.04412841796875,75.12743377685547,96.26336669921875
2023-10-30,129.9889373779297,27.775047302246094,185.10000610351562,81.14644622802734,51.81329345703125,147.18077087402344,343.7041320800781,401.7911071777344,74.7890396118164,96.56431579589844
2023-10-31,129.6685791015625,27.041332244873047,184.08999633789062,80.97469329833984,52.12703323364258,148.08775329589844,345.3479309082031,404.314453125,74.42395782470703,96.53697204589844
2023-11-01,128.11146545410156,27.13787269592285,183.50999450683594,81.90736389160156,52.080894470214844,149.52980041503906,351.3420104980469,408.62640380859375,76.0376205444336,96.34545135498047
2023-11-02,132.36463928222656,27.282686233520508,184.1199951171875,82.4149169921875,52.68068313598633,151.3074188232422,357.72003173828125,416.4573974609375,77.77102661132812,99.51014709472656
2023-11-03,131.34136962890625,28.45083999633789,184.7899932861328,83.04936981201172,52.35772705078125,151.27114868164062,361.92291259765625,420.2569274902344,78.29823303222656,98.29716491699219
2023-11-06,130.79861450195312,28.141908645629883,183.35000610351562,82.5689926147461,52.56996154785156,151.1895294189453,363.3992614746094,421.22369384765625,77.53874206542969,96.55521392822266
2023-11-07,128.4940643310547,27.601272583007812,182.58999633789062,83.04029846191406,52.76374053955078,151.62486267089844,366.8342590332031,422.4224853515625,78.68240356445312,95.041259765625
2023-11-08,126.70559692382812,26.732398986816406,180.77000427246094,83.37565612792969,52.68068313598633,151.8153076171875,367.0705261230469,422.73193359375,80.02268981933594,93.8738784790039
2023-11-09,126.29631042480469,26.635854721069336,181.49000549316406,82.55084228515625,52.28390121459961,150.69976806640625,364.2456970214844,419.4351501464844,78.18206024169922,93.9012451171875
2023-11-10,127.19498443603516,26.307615280151367,179.50999450683594,82.6415023803711,52.339263916015625,151.38905334472656,372.4347839355469,425.9803161621094,78.61986541748047,94.62173461914062
2023-11-13,128.12925720214844,26.104877471923828,180.50999450683594,82.59617614746094,52.53304672241211,152.16000366210938,371.2733154296875,425.5743103027344,78.44117736816406,95.6158218383789
2023-11-14,129.06353759765625,27.350263595581055,182.1199951171875,83.83787536621094,52.689910888671875,152.46835327148438,379.2655334472656,433.8307189941406,80.21923065185547,95.98397064208984
2023-11-15,129.517333984375,27.21510887145996,181.63999938964844,83.185302734375,52.791419982910156,151.68833923339844,379.55096435546875,434.7491760253906,79.09342956542969,95.40415954589844
2023-11-16,127.46736907958984,27.620582580566406,183.69000244140625,83.81072235107422,52.736053466796875,152.10557556152344,379.8757629394531,435.2809143066406,80.07628631591797,94.29971313476562
2023-11-17,129.88597106933594,27.446807861328125,183.6699981689453,83.86508178710938,52.837554931640625,151.2439727783203,379.9643859863281,435.82232666015625,80.4515609741211,96.60062408447266
2023-11-20,129.81405639648438,27.52404022216797,183.3699951171875,83.9828872680664,52.96674728393555,151.0262908935547,384.5903625488281,439.1770935058594,80.94298553466797,96.1772689819336
2023-11-21,129.5083465576172,28.199831008911133,185.35000610351562,84.09165954589844,53.548091888427734,152.1871795654297,382.3561096191406,438.219970703125,80.9072494506836,96.14043426513672
2023-11-22,129.7690887451172,28.238449096679688,184.55999755859375,84.06446075439453,53.90796661376953,153.4750518798828,383.92108154296875,439.911865234375,81.19318389892578,95.72627258300781
2023-11-24,130.28158569335938,28.306026458740234,185.52000427246094,83.62943267822266,54.046382904052734,153.61109924316406,383.3797912597656,440.1826171875,80.23714447021484,96.2416763305664
2023-11-27,129.7960662841797,28.759775161743164,186.77000427246094,84.26387786865234,53.94487762451172,152.65879821777344,383.04510498046875,439.3898620605469,81.577392578125,95.68025970458984
2023-11-28,130.83004760742188,30.140317916870117,189.25999450683594,84.63549041748047,54.05561065673828,153.14857482910156,384.0491027832031,439.82489013671875,81.73822021484375,95.62503051757812
2023-11-29,129.39144897460938,30.121013641357422,189.5399932861328,85.07958221435547,53.73263931274414,151.6067352294922,383.6749572753906,439.5155029296875,82.76573944091797,94.18927764892578
2023-11-30,129.11273193359375,30.236860275268555,188.75,84.66266632080078,54.35581588745117,153.7954559326172,382.71044921875,441.2460021972656,81.80970001220703,94.55741882324219
2023-12-01,130.20065307617188,30.709917068481445,192.00999450683594,85.46150207519531,54.54183578491211,154.16102600097656,383.802978515625,443.8564758300781,83.35049438476562,94.78751373291016
2023-12-04,130.25457763671875,29.947237014770508,187.86000061035156,85.10707092285156,54.47673034667969,154.57223510742188,380.2399597167969,441.52642822265625,83.01887512207031,94.2721176147461
2023-12-05,128.4473876953125,29.42591094970703,187.14999389648438,85.70682525634766,54.56044387817383,153.47560119628906,381.1947021484375,441.4394226074219,84.80257415771484,92.44060516357422
2023-12-06,128.1506805419922,29.367984771728516,187.83999633789062,86.06127166748047,54.504638671875,153.0826416015625,378.9898986816406,439.6605224609375,85.93193817138672,91.216552734375
2023-12-07,128.05178833007812,29.271446228027344,188.14999389648438,85.9340591430664,54.634857177734375,153.0369415283203,384.2852478027344,443.0153503417969,85.43897247314453,90.58148193359375
2023-12-08,129.7510986328125,28.65357780456543,185.63999938964844,85.37968444824219,54.51393508911133,151.4102325439453,385.9978942871094,444.919921875,84.73983001708984,91.62149047851562
2023-12-11,129.78704833984375,28.528072357177734,183.58999633789062,85.38878631591797,54.913883209228516,153.36595153808594,389.295166015625,446.6504821777344,84.56056213378906,91.68592071533203
2023-12-12,128.1237030029297,27.861936569213867,183.49000549316406,85.57054138183594,55.26732635498047,153.95993041992188,392.39556884765625,448.69049072265625,84.81155395507812,90.24095153808594
2023-12-13,130.0208282470703,29.638303756713867,187.6300048828125,86.84281921386719,55.7416877746582,157.19505310058594,397.3857727050781,454.8779296875,86.80139923095703,91.0416488647461
2023-12-14,134.8041229248047,30.22720718383789,188.72999572753906,87.564697265625,54.913883209228516,153.7589111328125,397.0412902832031,456.33782958984375,89.05936431884766,93.48980712890625
2023-12-15,134.28265380859375,29.879657745361328,187.0,87.49181365966797,54.504638671875,152.61654663085938,398.9605712890625,455.58642578125,89.15828704833984,92.86396026611328
2023-12-18,134.57931518554688,30.15441131591797,187.85000610351562,87.30037689208984,54.895286560058594,154.36207580566406,401.4734802246094,458.14910888671875,88.44790649414062,93.55423736572266
2023-12-19,136.34161376953125,30.95905303955078,189.1300048828125,87.46446228027344,54.718563079833984,153.48471069335938,403.5248718261719,460.93505859375,88.92448425292969,94.78751373291016
2023-12-20,135.0918426513672,30.203475952148438,188.10000610351562,87.89286041259766,53.58381652832031,151.4193878173828,397.52862548828125,454.5478210449219,89.5269775390625,93.20448303222656
2023-12-21,135.50543212890625,30.762798309326172,189.42999267578125,87.75609588623047,53.93726348876953,152.58914184570312,402.1539611816406,458.8577575683594,88.96044921875,93.62786102294922
2023-12-22,135.8111114501953,30.9688663482666,190.27000427246094,87.67408752441406,54.244197845458984,153.23800659179688,402.7555847167969,459.7799377441406,88.5558090209961,93.79353332519531
2023-12-26,137.033935546875,31.076807022094727,191.72000122070312,87.72877502441406,54.46743392944336,154.3163604736328,405.2212219238281,461.7213439941406,88.80758666992188,94.00521087646484
2023-12-27,136.58438110351562,31.380998611450195,192.58999633789062,88.41239166259766,54.60694885253906,154.80982971191406,406.0461120605469,462.5562438964844,90.3812484741211,93.56344604492188
2023-12-28,134.6602783203125,30.586170196533203,191.47000122070312,88.07513427734375,54.64414978027344,154.8007049560547,405.8487548828125,462.73089599609375,89.72479248046875,92.21051788330078
2023-12-29,134.11181640625,30.429168701171875,191.1699981689453,87.85639190673828,54.81156539916992,155.2119598388672,404.09234619140625,461.3913269042969,88.91548156738281,92.01724243164062
2024-01-02,134.39952087402344,29.98759651184082,190.72000122070312,87.52827453613281,55.639373779296875,158.01754760742188,397.2541809082031,458.8091735839844,88.40294647216797,94.20769500732422
2024-01-03,136.96200561523438,29.20258140563965,189.1300048828125,87.7378921508789,55.76958465576172,158.05409240722656,393.0506286621094,455.0622253417969,88.77161407470703,94.99917602539062
2024-01-04,135.46046447753906,29.21239471435547,189.32000732421875,87.20923614501953,55.58356857299805,156.70159912109375,391.02783203125,453.596435546875,87.42277526855469,94.17088317871094
2024-01-05,135.22671508789062,29.21239471435547,189.35000610351562,86.89024353027344,55.49985122680664,154.38946533203125,391.4916076660156,454.21771240234375,86.58649444580078,94.4561767578125
2024-01-08,134.41749572753906,29.143707275390625,187.8699951171875,87.181884765625,55.90910720825195,154.54481506347656,399.5829772949219,460.7021179199219,87.44075775146484,92.88237762451172
2024-01-09,131.00088500976562,28.623632431030273,187.92999267578125,87.14543914794922,55.806793212890625,152.77194213867188,400.372314453125,460.0032043457031,86.88323974609375,91.73191833496094
2024-01-10,129.92193603515625,28.564756393432617,187.5,87.00872802734375,55.99281311035156,152.54345703125,403.0858459472656,462.6047058105469,86.47857666015625,90.83000183105469
2024-01-11,130.6232452392578,28.348875045776367,187.8699951171875,87.47356414794922,55.630069732666016,151.82150268554688,403.92462158203125,462.4009094238281,86.96417236328125,90.81157684326172
2024-01-12,132.41249084472656,29.143707275390625,189.7100067138672,87.7105484008789,56.16954040527344,152.86331176757812,404.1318054199219,462.7211608886719,86.79331970214844,91.9896240234375
2024-01-16,129.19366455078125,27.858240127563477,187.91000366210938,86.99958038330078,55.79750061035156,151.85804748535156,404.09234619140625,461.0224609375,85.2646255493164,89.90962219238281
2024-01-17,128.68115234375,26.99472427368164,185.83999633789062,86.71703338623047,55.79750061035156,152.1047821044922,401.81292724609375,458.45977783203125,85.1297378540039,89.25617980957031
2024-01-18,127.51231384277344,27.073225021362305,187.3699951171875,86.52565002441406,55.95560836791992,152.77194213867188,407.516357421875,462.5367736816406,84.33843231201172,89.09050750732422
2024-01-19,127.88996124267578,27.171354293823242,187.92999267578125,86.53475189208984,55.648677825927734,151.50164794921875,415.5977783203125,468.30279541015625,84.60820007324219,89.22856140136719
2024-01-22,128.11473083496094,27.083038330078125,187.22000122070312,86.79907989501953,55.40684509277344,150.88934326171875,416.1405334472656,469.2929382324219,85.11177062988281,89.10891723632812
2024-01-23,127.75505828857422,27.70123863220215,187.9499969482422,86.58033752441406,55.667274475097656,153.20143127441406,417.8673400878906,470.6616516113281,84.43732452392578,90.11210632324219
2024-01-24,130.299560546875,27.18116569519043,186.39999389648438,86.33422088623047,54.79296875,151.33714294433594,420.1861877441406,471.1761474609375,83.94276428222656,91.66751098632812
2024-01-25,133.5813446044922,27.720863342285156,187.13999938964844,86.70793151855469,55.02549743652344,152.2144775390625,420.6992492675781,473.73883056640625,84.49130249023438,93.99600219726562
2024-01-26,134.0938262939453,27.544235229492188,187.00999450683594,86.552978515625,55.2208251953125,153.40248107910156,418.19293212890625,473.1369934082031,84.32943725585938,94.79670715332031
2024-01-29,134.03988647460938,27.82880401611328,188.3300018310547,87.07252502441406,55.555667877197266,153.66749572753906,422.475341796875,476.88397216796875,85.30061340332031,94.9163589477539
2024-01-30,134.97494506835938,27.62273597717285,188.58999633789062,87.19100952148438,55.71377944946289,155.01089477539062,419.6632080078125,476.5151062011719,86.07394409179688,96.49938201904297
2024-01-31,132.5563507080078,27.416671752929688,188.4499969482422,87.92018127441406,55.33243179321289,154.01478576660156,411.4435729980469,468.73968505859375,86.9192123413086,94.62184143066406
2024-02-01,132.969970703125,28.486255645751953,190.41000366210938,88.46473693847656,56.71829605102539,156.91175842285156,416.28851318359375,474.8745422363281,88.62421417236328,94.23529052734375
2024-02-02,136.881103515625,27.49517250061035,188.61000061035156,87.31348419189453,56.30905532836914,156.24462890625,423.3240051269531,479.873779296875,86.66661834716797,93.8487548828125
2024-02-05,136.96200561523438,26.8475341796875,187.57000732421875,86.46375274658203,55.843990325927734,156.1989288330078,422.7714538574219,478.12646484375,84.91651153564453,93.46220397949219
2024-02-06,136.97998046875,27.200790405273438,188.5500030517578,86.92973327636719,55.7509880065918,156.65586853027344,421.9228210449219,479.5146179199219,85.74645233154297,94.10646057128906
2024-02-07,136.78219604492188,26.945659637451172,188.5,86.77439880371094,55.79750061035156,156.70159912109375,426.2645263671875,483.513916015625,85.33146667480469,94.07884216308594
2024-02-08,138.5174560546875,26.78865623474121,188.3300018310547,86.49115753173828,55.648677825927734,158.87660217285156,427.0539245605469,483.7275390625,84.83531188964844,95.68946838378906
2024-02-09,135.8021240234375,26.4648380279541,187.60000610351562,86.3358154296875,55.39754104614258,153.2288360595703,431.2574768066406,486.523193359375,84.6639404296875,93.66468811035156
2024-02-12,136.73719787597656,26.778844833374023,187.11000061035156,86.41805267333984,55.52775573730469,155.91563415527344,429.570068359375,486.3096008300781,84.76313781738281,94.95317077636719
2024-02-13,135.40652465820312,25.405067443847656,184.52999877929688,85.4677963256836,55.20221710205078,154.3346405029297,422.8700866699219,479.6116638183594,83.31074523925781,94.13572692871094
2024-02-14,135.775146484375,25.52281951904297,184.4199981689453,85.7875747680664,55.14641571044922,153.0917510986328,427.478271484375,483.9701843261719,83.7347412109375,93.6712875366211
2024-02-15,140.39248657226562,26.268585205078125,185.66000366210938,86.0251693725586,55.24872589111328,153.40248107910156,428.7511901855469,487.3094177246094,84.16773986816406,96.3558349609375
2024-02-16,140.5469970703125,26.35689926147461,186.33999633789062,85.65055084228516,55.23942184448242,151.9951171875,424.86334228515625,484.8826904296875,83.68061065673828,96.3558349609375
2024-02-20,139.9744110107422,26.48446273803711,187.47000122070312,85.79672241210938,56.4578742980957,154.12445068359375,421.65643310546875,482.2132263183594,83.75277709960938,95.44549560546875
2024-02-21,141.2832489013672,26.317649841308594,187.47999572753906,85.52262878417969,56.96013259887695,154.28897094726562,419.9691162109375,482.6500244140625,83.15735626220703,97.3962173461914
2024-02-22,141.274169921875,25.670011520385742,187.55999755859375,85.53174591064453,56.87642288208008,153.7589111328125,432.263916015625,492.6387023925781,83.56331634521484,97.31261444091797
2024-02-23,140.5742950439453,26.16064453125,188.6199951171875,85.92466735839844,56.92293167114258,154.9926300048828,430.9910583496094,492.9783935546875,84.68195343017578,96.45802307128906
2024-02-26,140.3834228515625,25.758323669433594,188.1999969482422,85.79672241210938,56.46717071533203,153.76805114746094,430.7640380859375,491.1729431152344,84.42937469482422,96.83885955810547
2024-02-27,138.302001953125,25.54244613647461,188.0,85.60486602783203,56.12303161621094,153.67665100097656,431.8002014160156,492.0853271484375,83.83397674560547,96.63449096679688
2024-02-28,138.46559143066406,25.297128677368164,188.33999633789062,85.91552734375,56.1788444519043,152.64398193359375,429.50103759765625,491.43499755859375,84.36620330810547,96.90389251708984
2024-02-29,138.16563415527344,25.86626434326172,189.30999755859375,86.08910369873047,55.825401306152344,152.25259399414062,433.1816101074219,493.20166015625,84.96162414550781,97.08966827392578
2024-03-01,138.8927764892578,26.818096160888672,192.88999938964844,86.4821548461914,55.3696403503418,151.56198120117188,439.7039794921875,497.83197021484375,85.4909896850586,98.3158187866211
2024-03-04,135.32070922851562,27.975994110107422,196.00999450683594,86.28974151611328,55.630069732666016,152.2802276611328,438.1350402832031,497.29815673828125,85.14712524414062,96.94103240966797
2024-03-05,135.96603393554688,28.123184204101562,197.19000244140625,86.82109069824219,55.36033630371094,149.2138214111328,430.2707214355469,492.3280944824219,86.35977935791016,98.13004302978516
2024-03-06,134.82080078125,28.613819122314453,198.80999755859375,87.03181457519531,55.38823699951172,150.09783935546875,432.9743957519531,494.82281494140625,86.86653900146484,99.17971801757812
2024-03-07,135.7660675048828,29.055391311645508,199.94000244140625,87.17839813232422,55.285926818847656,150.1991424560547,439.54608154296875,499.7345886230469,86.78509521484375,99.73706817626953
2024-03-08,136.22962951660156,29.084829330444336,201.6300048828125,87.2425308227539,55.36033630371094,150.14389038085938,433.2013244628906,496.73516845703125,86.6312484741211,100.67526245117188
2024-03-11,138.1565399169922,29.565650939941406,202.0,87.13258361816406,56.0300178527832,151.69088745117188,431.59295654296875,496.3079833984375,86.58601379394531,101.26976776123047
2024-03-12,138.05654907226562,29.02595329284668,199.7899932861328,86.7752914428711,56.271846771240234,151.5159454345703,437.7798156738281,501.6469421386719,85.8620376586914,100.6195297241211
2024-03-13,139.8744354248047,29.722654342651367,201.19000244140625,86.5829086303711,56.84851837158203,152.2157745361328,434.4150390625,500.860595703125,85.44575500488281,101.7435073852539
2024-03-14,141.5195770263672,29.33014678955078,200.35000610351562,85.94161224365234,56.721954345703125,151.73692321777344,433.31976318359375,499.8705139160156,84.1335678100586,103.54560089111328
2024-03-15,141.3832244873047,29.33014678955078,199.7100067138672,85.79505157470703,56.14067077636719,151.62643432617188,428.1689758300781,496.43817138671875,84.10640716552734,103.35980224609375
2024-03-18,141.25596618652344,29.182954788208008,200.02999877929688,85.69426727294922,56.375057220458984,157.70401000976562,432.2525939941406,499.3884582519531,83.85304260253906,104.31658935546875
2024-03-19,142.35577392578125,28.51569175720215,199.8000030517578,85.94161224365234,56.468807220458984,158.2012939453125,433.3295593261719,502.1637268066406,84.08832550048828,105.05042266845703
2024-03-20,140.4743194580078,29.69321632385254,202.17999267578125,86.1431884765625,56.95634078979492,158.25653076171875,438.4674377441406,506.8083801269531,84.0611801147461,104.95753479003906
2024-03-21,140.75607299804688,29.398834228515625,201.97000122070312,86.15234375,56.69382858276367,158.79983520507812,440.5423583984375,508.4832763671875,84.2421646118164,105.42200469970703
2024-03-22,140.5742950439453,29.045578002929688,200.35000610351562,86.57374572753906,56.71257400512695,158.4038848876953,441.04620361328125,507.5191955566406,85.0475845336914,105.42200469970703
2024-03-25,142.21942138671875,29.271270751953125,200.99000549316406,86.34473419189453,56.628196716308594,158.9379425048828,439.4455871582031,506.1170349121094,84.62226867675781,106.49952697753906
2024-03-26,141.12872314453125,29.290895462036133,201.63999938964844,86.47298431396484,56.759456634521484,159.0576629638672,438.0227966308594,505.1822814941406,84.8575439453125,105.70068359375
2024-03-27,142.11036682128906,30.380104064941406,203.10000610351562,86.80278778076172,57.21884536743164,159.83119201660156,439.5147705078125,509.4276428222656,85.69914245605469,106.79678344726562
2024-03-28,143.373779296875,31.02774429321289,205.72000122070312,86.72032928466797,57.35948944091797,161.15716552734375,438.7045593261719,509.3304138183594,85.62675476074219,107.97648620605469
2024-04-01,144.59173583984375,31.43006134033203,207.82000732421875,85.9356689453125,56.890708923339844,159.28787231445312,439.63330078125,508.4442443847656,84.03058624267578,108.67317199707031
2024-04-02,145.22799682617188,31.832382202148438,210.88999938964844,85.75189208984375,56.393802642822266,157.86978149414062,435.8392028808594,505.21148681640625,83.56753540039062,110.80037689208984
2024-04-03,145.82785034179688,32.51927185058594,212.74000549316406,85.85296630859375,56.09379196166992,156.2490997314453,436.81732177734375,505.7664489746094,83.54936218261719,110.81896209716797
2024-04-04,146.0550994873047,32.166015625,211.52000427246094,86.14698028564453,55.596885681152344,156.22145080566406,430.1380920410156,499.59307861328125,84.14859008789062,111.2091064453125
2024-04-05,146.8822479248047,33.20615768432617,215.13999938964844,85.57730865478516,55.79377365112305,155.7518310546875,435.20684814453125,504.812255859375,82.97735595703125,112.7418212890625
2024-04-08,146.58230590820312,32.97065734863281,216.47999572753906,85.3843765258789,55.56875991821289,156.156982421875,435.3353271484375,505.0946044921875,82.96829223632812,111.98008728027344
2024-04-09,147.2457733154297,33.539791107177734,217.6699981689453,85.7243423461914,55.99066162109375,157.10546875,436.94586181640625,505.6788024902344,83.74005889892578,112.56529235839844
2024-04-10,147.8547821044922,33.049156188964844,215.61000061035156,84.58502197265625,55.24061584472656,155.57687377929688,433.1319274902344,500.6154479980469,81.9150619506836,113.51278686523438
2024-04-11,147.1458282470703,33.80473709106445,219.8000030517578,84.4655990600586,55.36249923706055,155.03358459472656,440.0482482910156,504.3935852050781,81.54279327392578,113.13194274902344
2024-04-12,144.48265075683594,33.12765884399414,216.88999938964844,84.81474304199219,54.64058303833008,154.79415893554688,433.03314208984375,497.4313049316406,81.97863006591797,111.81289672851562
2024-04-15,143.23744201660156,32.90196228027344,220.9499969482422,84.27264404296875,54.50933074951172,153.7351837158203,425.9092712402344,491.1994934082031,80.70748138427734,111.17194366455078
2024-04-16,142.0467529296875,32.41133117675781,221.22000122070312,83.94185638427734,54.434326171875,154.24163818359375,425.9488220214844,490.30364990234375,80.17179870605469,110.2523193359375
2024-04-17,142.15582275390625,32.921592712402344,219.58999633789062,84.47479248046875,54.856224060058594,156.06492614746094,420.7516784667969,487.40185546875,81.06159973144531,110.19658660888672
2024-04-18,143.21925354003906,33.11784362792969,220.33999633789062,84.18074798583984,55.231239318847656,158.63406372070312,418.3507080078125,486.3989562988281,80.65299987792969,110.09439086914062
2024-04-19,145.42794799804688,33.431854248046875,221.02999877929688,84.29100036621094,56.41255569458008,160.34686279296875,409.69537353515625,482.1534423828125,80.94355773925781,111.35772705078125
2024-04-22,147.17308044433594,31.92069435119629,215.57000732421875,84.30018615722656,56.76882553100586,162.49240112304688,413.8155212402344,486.59368896484375,80.807373046875,111.9893798828125
2024-04-23,148.01841735839844,32.43095779418945,215.0399932861328,84.41046905517578,56.85320281982422,157.6671905517578,419.9908447265625,492.3679504394531,80.83460235595703,112.42597198486328
2024-04-24,148.6728057861328,32.4996452331543,214.63999938964844,84.15319061279297,57.70638656616211,163.36721801757812,421.4136962890625,492.1342468261719,80.26256561279297,112.44454956054688
2024-04-25,150.22706604003906,33.68698501586914,215.9199981689453,83.83160400390625,57.88451385498047,162.69500732421875,419.3782653808594,490.2646789550781,79.69966888427734,112.70465850830078
2024-04-26,150.78150939941406,33.93230056762695,216.6199951171875,84.06132507324219,57.88451385498047,161.68206787109375,425.8499755859375,494.9093933105469,80.1173324584961,109.57422637939453
2024-04-29,151.1814422607422,34.118743896484375,216.17999267578125,84.40127563476562,58.16577911376953,162.19773864746094,427.5791015625,496.66204833984375,80.78923034667969,111.13479614257812
2024-04-30,146.58230590820312,32.50946044921875,211.8699951171875,84.00618743896484,57.91264724731445,161.9859619140625,419.5166015625,488.7943420410156,80.09917449951172,109.86217498779297
2024-05-01,145.09164428710938,32.695899963378906,213.7899932861328,84.33885192871094,58.062652587890625,161.28610229492188,416.4832763671875,487.20721435546875,80.68955993652344,107.78141784667969
2024-05-02,146.0914764404297,32.95103073120117,213.1300048828125,84.73512268066406,58.11891174316406,161.56236267089844,421.79901123046875,491.76422119140625,81.03579711914062,107.97648620605469
2024-05-03,145.65518188476562,32.81365203857422,212.9600067138672,85.20509338378906,58.28765869140625,162.20697021484375,430.2764892578125,497.8597717285156,81.85582733154297,107.75355529785156
2024-05-06,147.5184783935547,33.56922912597656,215.1999969482422,85.2788314819336,58.4564208984375,161.903076171875,434.9894714355469,503.0010986328125,82.17471313476562,108.45022583007812
2024-05-07,147.8547821044922,33.52997970581055,214.2100067138672,85.5,58.709564208984375,163.928955078125,435.0586242675781,503.55615234375,82.67582702636719,107.91146850585938
2024-05-08,147.73663330078125,33.520164489746094,213.5800018310547,85.26039123535156,58.92519760131836,163.36721801757812,434.8017272949219,503.6048278808594,82.17471313476562,107.89289093017578
2024-05-09,150.381591796875,34.69769287109375,216.9499969482422,85.5184326171875,58.95332717895508,163.96575927734375,435.750244140625,506.5064392089844,82.57560729980469,110.02009582519531
2024-05-10,150.7178955078125,34.58974838256836,218.7100067138672,85.24195861816406,59.309593200683594,165.558837890625,436.77783203125,507.15899658203125,82.1109390258789,109.57422637939453
2024-05-13,149.54537963867188,34.295372009277344,216.25999450683594,85.34333801269531,59.609619140625,166.58096313476562,437.7856750488281,507.22711181640625,82.32051086425781,109.52778625488281
2024-05-14,148.7091827392578,34.736942291259766,218.08999633789062,85.5921401977539,59.15959167480469,165.63250732421875,440.6015625,509.5542907714844,82.78519439697266,110.19265747070312
2024-05-15,148.20016479492188,35.237388610839844,220.88999938964844,86.23723602294922,59.187713623046875,165.2549591064453,447.4883117675781,515.8641357421875,83.91497039794922,111.04483032226562
2024-05-16,147.89720153808594,34.992069244384766,220.02999877929688,86.07133483886719,59.365848541259766,168.6160430908203,446.5793151855469,514.8026123046875,83.83296203613281,110.37995910644531
2024-05-17,149.3478240966797,36.17940902709961,223.66000366210938,85.80409240722656,59.093963623046875,167.7688751220703,446.3619384765625,515.542724609375,83.26806640625,112.03748321533203
2024-05-20,147.943115234375,36.542476654052734,224.55999755859375,85.67507934570312,58.66268539428711,166.03765869140625,449.4743347167969,516.1367797851562,83.0220947265625,111.12910461425781
2024-05-21,146.86891174316406,36.238285064697266,224.22999572753906,85.896240234375,58.98145294189453,166.74673461914062,450.35369873046875,517.4026489257812,83.45030975341797,110.36122131347656
2024-05-22,144.6654815673828,34.78600311279297,220.11000061035156,85.78565979003906,59.065834045410156,167.67677307128906,450.2647399902344,515.912841796875,83.55050659179688,108.14183044433594
2024-05-23,144.0870819091797,34.09911346435547,215.72000122070312,85.48155975341797,58.2126579284668,165.07998657226562,448.2392578125,512.1444702148438,83.01297760009766,106.29700469970703
2024-05-24,144.83074951171875,34.59955978393555,215.9199981689453,85.5921401977539,58.12828063964844,163.90130615234375,452.47796630859375,515.532958984375,83.25897216796875,106.21273040771484
2024-05-28,146.0150909423828,35.423828125,218.19000244140625,85.11296081542969,57.95951461791992,159.6562042236328,454.1872863769531,515.893310546875,82.06538391113281,107.56121826171875
2024-05-29,144.0503387451172,34.5308723449707,216.16000366210938,84.69824981689453,57.847015380859375,157.60272216796875,450.9860534667969,512.2807006835938,81.07227325439453,106.40937042236328
2024-05-30,145.29898071289062,34.893943786621094,216.57000732421875,85.12217712402344,58.10015869140625,156.9857635498047,446.15447998046875,508.8824157714844,81.85582733154297,106.74650573730469
2024-05-31,149.0081024169922,34.63881301879883,215.3000030517578,85.5184326171875,59.00020217895508,159.21420288085938,445.32452392578125,513.5173950195312,82.41160583496094,109.80870819091797
2024-06-03,144.56451416015625,34.844879150390625,217.22000122070312,86.07853698730469,59.00020217895508,157.67637634277344,447.715576171875,513.93603515625,83.74456024169922,107.1772689819336
2024-06-04,143.34339904785156,33.539791107177734,215.27000427246094,86.5499267578125,59.94712829589844,160.12582397460938,448.9407653808594,514.5106811523438,84.72280883789062,105.51038360595703
2024-06-05,142.28758239746094,34.138370513916016,217.82000732421875,86.86417388916016,59.928382873535156,159.7575225830078,457.99127197265625,520.6256713867188,85.34449005126953,105.9317855834961
2024-06-06,143.15977478027344,35.335514068603516,219.42999267578125,86.82720947265625,60.14402389526367,159.49046325683594,457.83319091796875,520.6159057617188,85.21649169921875,106.72777557373047
2024-06-07,143.29750061035156,32.911781311035156,211.60000610351562,85.91216278076172,59.919010162353516,158.7433319091797,457.4281311035156,519.9830932617188,83.65314483642578,105.58529663085938
2024-06-10,143.9034423828125,33.392601013183594,213.5399932861328,85.727294921875,59.61899185180664,153.97283935546875,459.2757568359375,521.5896606445312,83.0954818725586,105.89432525634766
2024-06-11,143.67393493652344,33.11784362792969,214.14999389648438,86.18022155761719,59.581485748291016,153.20254516601562,462.4276123046875,522.845703125,83.95484924316406,105.04215240478516
2024-06-12,141.58981323242188,33.363162994384766,214.72000122070312,86.66083526611328,58.95332717895508,152.0516815185547,468.484375,527.139892578125,84.58568572998047,103.88094329833984
2024-06-13,140.32284545898438,32.529083251953125,212.97000122070312,87.23387145996094,59.05646514892578,151.587646484375,471.0237121582031,528.2012939453125,85.82904052734375,103.0475082397461
2024-06-14,140.074951171875,32.78421401977539,215.72999572753906,87.43724060058594,59.098968505859375,152.0331268310547,473.46417236328125,528.522705078125,86.55130004882812,102.17659759521484
2024-06-17,140.64418029785156,32.578147888183594,214.61000061035156,87.03055572509766,59.165103912353516,154.19561767578125,479.2640686035156,532.7291259765625,85.69190979003906,101.47427368164062
2024-06-18,140.77273559570312,33.068782806396484,215.47000122070312,87.4095230102539,59.174560546875,154.51116943359375,479.41229248046875,534.0826416015625,86.4781723022461,102.429443359375
2024-06-20,143.81163024902344,33.902862548828125,218.16000366210938,87.18766021728516,58.749385833740234,154.69677734375,475.7169494628906,532.6318359375,85.90217590332031,104.63948059082031
2024-06-21,142.56300354003906,33.35335159301758,214.77999877929688,87.20619201660156,59.30683898925781,155.25363159179688,474.4423522949219,531.917724609375,85.90217590332031,103.72174835205078
2024-06-24,146.26296997070312,33.60847854614258,215.6300048828125,87.28010559082031,60.44063186645508,155.99615478515625,469.0409851074219,530.188720703125,86.24959564208984,106.80269622802734
2024-06-25,145.48260498046875,33.20615768432617,214.55999755859375,87.35405731201172,60.31779861450195,155.31861877441406,474.4047546386719,532.230224609375,86.39588928222656,107.10235595703125
2024-06-26,143.1781463623047,33.1865348815918,212.5800018310547,86.82720947265625,60.51621627807617,154.7524871826172,475.38446044921875,532.89453125,85.16165161132812,107.13982391357422
2024-06-27,143.51785278320312,33.5888557434082,214.99000549316406,87.02130889892578,60.38393783569336,154.30699157714844,476.6116027832031,533.734619140625,85.49992370605469,107.59867095947266
2024-06-28,143.60964965820312,33.29447555541992,215.00999450683594,86.55917358398438,60.138282775878906,153.07261657714844,474.1375427246094,531.6343994140625,83.90914154052734,107.80469512939453
2024-07-01,143.7014923095703,33.25522232055664,215.57000732421875,85.91480255126953,59.7886962890625,151.17926025390625,476.9184265136719,532.7283935546875,82.4609603881836,107.65486145019531
2024-07-02,143.91262817382812,33.382789611816406,215.55999755859375,86.23931884765625,59.66586685180664,151.8196563720703,481.9259338378906,536.3136596679688,83.10295104980469,106.92442321777344
2024-07-03,143.87591552734375,34.61918640136719,217.99000549316406,86.8140869140625,59.835941314697266,150.91012573242188,485.94378662109375,538.7069702148438,84.19438171386719,107.46758270263672
2024-07-05,141.6724395751953,35.59064865112305,220.92999267578125,87.29621124267578,60.24221420288086,152.57142639160156,491.0105895996094,541.8134155273438,84.89141082763672,106.16590881347656
2024-07-08,141.69081115722656,35.423828125,218.19000244140625,87.32402801513672,59.486351013183594,150.46463012695312,492.1783447265625,542.4386596679688,85.07484436035156,105.05152130126953
2024-07-09,140.4513702392578,35.43363952636719,218.55999755859375,87.2035140991211,59.23125076293945,150.26043701171875,492.6039123535156,542.9661254882812,84.69882202148438,103.89031219482422
2024-07-10,142.42530822753906,36.35603332519531,219.36000061035156,87.28695678710938,59.363525390625,151.82894897460938,497.7400207519531,548.3389892578125,84.96476745605469,104.80803680419922
2024-07-11,142.54466247558594,37.376556396484375,223.25,87.84320831298828,59.618629455566406,152.16305541992188,486.8244934082031,543.6109008789062,85.79020690917969,106.05353546142578
2024-07-12,142.8476104736328,37.455055236816406,223.11000061035156,88.02863311767578,60.18552780151367,154.41836547851562,489.6844787597656,547.0396728515625,86.15707397460938,106.07225799560547
2024-07-15,145.0969696044922,37.23917770385742,223.8300018310547,87.75048828125,59.91152572631836,152.07952880859375,491.0007019042969,548.5441284179688,85.16656494140625,107.88897705078125
2024-07-16,144.84910583496094,38.54426574707031,228.2899932861328,88.13988494873047,60.72407531738281,152.9148406982422,491.1887512207031,551.7969970703125,86.36799621582031,108.6662368774414
2024-07-17,148.02572631835938,37.71999740600586,227.22999572753906,88.21402740478516,61.61221694946289,157.67604064941406,476.7699279785156,544.0601806640625,86.38636016845703,110.16455841064453
2024-07-18,148.7051239013672,37.160675048828125,225.77999877929688,87.9637222290039,61.59332275390625,158.12149047851562,474.5136413574219,539.8792114257812,85.72602844238281,111.2508544921875
2024-07-19,146.11605834960938,36.689666748046875,221.72999572753906,87.68560028076172,61.68780517578125,157.1841278076172,470.3077087402344,536.2940673828125,85.2215805053711,108.69432830810547
2024-07-22,144.1329803466797,36.74854278564453,221.8000030517578,87.6021499633789,61.19648742675781,155.60635375976562,477.3141784667969,541.8232421875,84.9739761352539,107.94515991210938
2024-07-23,141.47047424316406,36.74854278564453,222.5800018310547,87.66705322265625,61.37601089477539,154.3255615234375,475.6318664550781,540.9732666015625,84.85472869873047,106.20336151123047
2024-07-24,142.3702392578125,36.53266525268555,221.8000030517578,87.47237396240234,62.17911148071289,156.07965087890625,458.57080078125,528.7135009765625,83.93757629394531,107.70169067382812
2024-07-25,144.637939453125,35.512142181396484,218.3300018310547,87.66705322265625,62.42477035522461,158.7247772216797,453.51385498046875,525.958740234375,84.62541198730469,109.96791076660156
2024-07-26,144.91334533691406,35.79671096801758,220.6300048828125,88.08423614501953,63.350704193115234,160.3303985595703,458.1650390625,531.849365234375,85.28577423095703,109.874267578125
2024-07-29,143.77490234375,35.953712463378906,220.32000732421875,88.23257446289062,63.14283752441406,160.75733947753906,459.08538818359375,532.1619262695312,85.74434661865234,108.72241973876953
2024-07-30,146.50167846679688,36.25790786743164,222.52000427246094,88.41802215576172,63.945945739746094,160.72947692871094,452.7815246582031,529.4656982421875,86.07451629638672,110.66088104248047
2024-07-31,147.32797241210938,37.21955108642578,226.5500030517578,89.06696319580078,63.057804107666016,160.2561492919922,466.1810302734375,538.072021484375,86.9549789428711,111.05420684814453
2024-08-01,140.1208953857422,36.57191467285156,225.77000427246094,89.44731140136719,64.21049499511719,162.38153076171875,454.8894348144531,530.4524536132812,87.7049560546875,109.51840209960938
2024-08-02,136.3842010498047,35.79671096801758,225.33999633789062,90.83285522460938,65.5049057006836,165.24008178710938,444.0926513671875,520.5762329101562,90.43798065185547,109.45285034179688
2024-08-05,132.81277465820312,34.67806625366211,222.47999572753906,90.92585754394531,64.34275817871094,161.5276641845703,430.85150146484375,505.4151306152344,90.91648864746094,107.4769287109375
2024-08-06,131.49986267089844,34.9626350402832,220.6999969482422,90.11685180664062,64.2955322265625,160.08909606933594,434.9683837890625,510.0748291015625,88.88282012939453,106.90571594238281
2024-08-07,130.7470245361328,34.05986404418945,220.5500030517578,89.79136657714844,64.68289947509766,159.43939208984375,430.25775146484375,506.6654357910156,88.25708770751953,108.32911682128906
2024-08-08,132.6566925048828,34.884132385253906,224.00999450683594,89.52169799804688,64.9380111694336,159.9777069091797,443.41973876953125,518.3782348632812,87.71417999267578,110.39867401123047
2024-08-09,133.11575317382812,35.168701171875,224.55999755859375,89.88436126708984,64.89075469970703,159.99627685546875,445.7354431152344,520.6640625,88.57915496826172,111.29766845703125
2024-08-12,133.14328002929688,36.20884704589844,228.41000366210938,90.13543701171875,64.40890502929688,159.09600830078125,446.69537353515625,520.9376831054688,88.90122985839844,111.4381332397461
2024-08-13,132.34451293945312,36.67985534667969,228.05999755859375,90.5353012084961,64.68289947509766,159.9777069091797,457.7790832519531,529.5048217773438,89.51776885986328,110.3705825805664
2024-08-14,132.8219451904297,36.414913177490234,226.1999969482422,90.65620422363281,64.7962875366211,161.22140502929688,457.9275817871094,531.1753540039062,90.0791015625,111.39131927490234
2024-08-15,134.77752685546875,36.5915412902832,226.91000366210938,90.08894348144531,64.8624267578125,160.11692810058594,469.49627685546875,540.2797241210938,89.35214233398438,112.08042907714844
2024-08-16,135.20899963378906,37.769065856933594,231.99000549316406,90.26564025878906,65.3631820678711,160.2097625732422,470.09991455078125,541.4910888671875,89.66499328613281,111.55180358886719
2024-08-19,136.31378173828125,38.485389709472656,231.61000061035156,90.38652038574219,65.17422485351562,161.323486328125,476.275146484375,546.66845703125,90.0791015625,111.89163970947266
2024-08-20,134.32705688476562,38.76014709472656,232.4600067138672,90.7491683959961,65.55213928222656,163.20753479003906,475.275634765625,545.7794799804688,90.79686737060547,108.16287231445312
2024-08-21,134.9119415283203,39.025089263916016,232.14999389648438,90.93516540527344,65.7316665649414,162.61354064941406,477.4924011230469,547.6550903320312,90.85208129882812,107.47373962402344
2024-08-22,135.29254150390625,38.05363082885742,229.3699951171875,90.51670837402344,65.5049057006836,163.10543823242188,469.9217834472656,543.3568725585938,89.95027160644531,108.3044662475586
2024-08-23,137.0471954345703,38.60314178466797,232.02000427246094,90.93516540527344,65.93952178955078,163.22608947753906,475.018310546875,549.1301879882812,90.53919219970703,109.80540466308594
2024-08-26,137.8641815185547,38.49520492553711,232.75999450683594,90.82355499267578,66.93159484863281,163.31890869140625,470.4067077636719,547.8211669921875,90.30916595458984,112.15596008300781
2024-08-27,136.42518615722656,38.485389709472656,233.38999938964844,90.78636932373047,67.55518341064453,162.6970977783203,471.81195068359375,548.5734252929688,90.1527099609375,111.08924102783203
2024-08-28,135.543212890625,37.64149856567383,231.75,90.73987579345703,67.79138946533203,161.41627502441406,466.4581298828125,545.3887939453125,90.04228210449219,109.99420166015625
2024-08-29,136.8615264892578,38.15176010131836,232.9499969482422,90.5818099975586,68.07484436035156,159.7178192138672,465.7752685546875,545.4376220703125,89.74781036376953,111.51403045654297
2024-08-30,137.35357666015625,37.89662551879883,231.2899932861328,90.26564025878906,68.4716567993164,160.4510498046875,471.3270263671875,550.644287109375,88.7907943725586,111.33468627929688
2024-09-03,134.2991943359375,36.57191467285156,230.2899932861328,90.86067199707031,68.98186492919922,164.77601623535156,457.01708984375,539.3125610351562,90.2430191040039,109.00302124023438
2024-09-04,131.89471435546875,36.218658447265625,230.42999267578125,91.39228820800781,68.55668640136719,165.68557739257812,455.8295593261719,538.2088012695312,91.40625762939453,107.6719741821289
2024-09-05,130.8363494873047,36.63079071044922,232.35000610351562,91.60682678222656,67.2433853149414,166.4095001220703,456.2550964355469,536.8997192382812,91.92323303222656,106.83182525634766
2024-09-06,128.63609313964844,35.63970947265625,230.6300048828125,91.73736572265625,67.21504974365234,165.8437042236328,444.03326416015625,527.8635864257812,91.91400146484375,106.33150482177734
2024-09-09,130.25148010253906,36.07146453857422,231.60000610351562,91.86795043945312,67.88587188720703,166.63861083984375,449.7433776855469,533.7737426757812,92.31098175048828,108.56877136230469
2024-09-10,128.32972717285156,36.52285385131836,232.6199951171875,92.2596664428711,67.60242462158203,166.28326416015625,453.8998107910156,536.0986938476562,92.95721435546875,104.61344146728516
2024-09-11,128.00479125976562,36.689666748046875,232.25,92.19438171386719,67.15836334228516,164.38485717773438,463.75640869140625,541.5985717773438,92.88336181640625,103.57504272460938
2024-09-12,129.23953247070312,38.47557830810547,236.3300018310547,92.04517364501953,67.30008697509766,165.75955200195312,468.3087158203125,546.16064453125,92.4494400024414,105.00048065185547
2024-09-13,130.53927612304688,39.33909606933594,238.67999267578125,92.22235107421875,67.93270111083984,165.86241149902344,470.4067077636719,549.012939453125,92.69873809814453,104.92495727539062
2024-09-16,131.91326904296875,39.14284133911133,238.66000366210938,92.4648666381836,68.58909606933594,165.72215270996094,468.3284606933594,549.8237915039062,93.54806518554688,106.3975830078125
2024-09-17,133.13873291015625,38.750335693359375,237.33999633789062,92.29700469970703,68.3037109375,165.40419006347656,468.5758972167969,550.0485229492188,93.095703125,107.78524780273438
2024-09-18,133.64935302734375,38.32838821411133,235.50999450683594,91.89592742919922,68.25614166259766,163.851806640625,466.54718017578125,548.4170532226562,91.94171905517578,108.16287231445312
2024-09-19,134.60557556152344,38.97602462768555,239.1699981689453,91.82131958007812,67.18116760253906,163.3374481201172,478.34344482421875,557.7754516601562,91.63705444335938,109.50332641601562
2024-09-20,135.24615478515625,39.751224517822266,242.2100067138672,91.7933349609375,68.15149688720703,160.0830535888672,477.4329833984375,556.8113403320312,91.28623962402344,108.814208984375
2024-09-23,136.97293090820312,39.57460403442383,242.67999267578125,91.73736572265625,68.23711395263672,160.9527587890625,478.6985168457031,558.2027587890625,91.09235382080078,110.78716278076172
2024-09-24,136.8893585205078,40.63437271118164,246.07000732421875,91.83998107910156,67.8565902709961,158.9047393798828,481.007568359375,559.7998657226562,91.07388305664062,110.49452209472656
2024-09-25,133.6586151123047,40.53624725341797,245.72999572753906,91.46691131591797,67.97073364257812,158.41842651367188,481.4535217285156,558.5652465820312,90.31685638427734,108.34221649169922
2024-09-26,131.8204345703125,40.86006164550781,246.97999572753906,91.40161895751953,67.92317962646484,158.6896209716797,485.07073974609375,560.7798461914062,90.5291976928711,106.4825439453125
2024-09-27,135.0697784423828,39.604042053222656,245.02000427246094,91.76535034179688,68.29419708251953,158.97952270507812,482.37518310546875,559.9664306640625,91.00003051757812,109.33341979980469
2024-09-30,136.72225952148438,39.07415008544922,243.05999755859375,91.51356506347656,68.36078643798828,159.02630615234375,483.6833801269531,562.21044921875,90.56612396240234,110.65501403808594
2024-10-01,138.97821044921875,39.692352294921875,245.61000061035156,91.84654998779297,68.21809387207031,160.2700653076172,476.9444274902344,557.1738891601562,91.22001647949219,113.21322631835938
2024-10-02,140.13870239257812,39.61384963989258,245.66000366210938,91.58463287353516,67.55216979980469,158.55870056152344,477.6183166503906,557.4089965820312,90.45127868652344,114.71417236328125
2024-10-03,140.41720581054688,38.81902313232422,245.49000549316406,91.11693572998047,67.08602905273438,157.60484313964844,477.26153564453125,556.3900756835938,89.59918975830078,115.71481323242188
2024-10-04,139.9437255859375,38.809207916259766,245.0,90.2376708984375,66.7530746459961,157.0811309814453,482.9400939941406,561.4461059570312,88.49703216552734,117.83879089355469
2024-10-07,140.2965087890625,38.298946380615234,244.1699981689453,89.9102783203125,65.64956665039062,156.37042236328125,477.7669982910156,556.370361328125,87.83016967773438,118.34854888916016
2024-10-08,138.0962677001953,38.259700775146484,242.3699951171875,89.98509216308594,65.81129455566406,159.37229919433594,484.9022521972656,561.6322631835938,87.97836303710938,115.20506286621094
2024-10-09,138.9318084716797,38.063446044921875,241.0500030517578,89.64835357666016,66.18229675292969,161.3548583984375,488.7176513671875,565.5224609375,87.47822570800781,115.25224304199219
2024-10-10,139.83233642578125,39.12321472167969,242.82000732421875,89.63899230957031,65.87788391113281,161.77569580078125,488.16265869140625,564.53271484375,87.13552856445312,116.24345397949219
2024-10-11,140.5750274658203,39.29984664916992,245.47000122070312,89.66706848144531,66.18229675292969,163.4777374267578,488.92572021484375,567.9132690429688,86.7835922241211,116.6871337890625
2024-10-14,140.90927124023438,39.40778350830078,245.07000732421875,89.508056640625,66.91480255126953,164.68411254882812,493.0285339355469,572.557861328125,86.84840393066406,117.13080596923828
2024-10-15,137.14930725097656,39.91804504394531,245.9199981689453,89.9664077758789,66.91480255126953,164.4970703125,486.4383239746094,568.1092529296875,87.9042739868164,113.60970306396484
2024-10-16,138.07769775390625,40.232051849365234,247.14999389648438,90.10669708251953,67.13359069824219,163.1691131591797,486.49774169921875,570.5784301757812,88.27474212646484,113.90234375
2024-10-17,140.37078857421875,40.71287155151367,248.6300048828125,89.63899230957031,66.49622344970703,163.3468017578125,486.8347473144531,570.62744140625,86.87621307373047,113.60970306396484
2024-10-18,139.95303344726562,42.34178161621094,251.27000427246094,89.74191284179688,67.00993347167969,163.71151733398438,490.0257873535156,572.8224487304688,86.94105529785156,113.28874206542969
2024-10-21,140.07373046875,42.41046905517578,251.22000122070312,89.04972076416016,66.0681381225586,163.6647491455078,490.96728515625,571.8817138671875,85.42208862304688,113.35482788085938
2024-10-22,140.11085510253906,43.2641716003418,253.92999267578125,88.96552276611328,66.0681381225586,163.06622314453125,491.50238037109375,571.5780029296875,85.50545501708984,113.94010162353516
2024-10-23,139.7023468017578,42.4497184753418,250.8699951171875,88.75972747802734,64.69827270507812,161.73829650878906,483.9706726074219,566.3553466796875,85.27391815185547,113.53418731689453
2024-10-24,139.67449951171875,41.340885162353516,252.8000030517578,88.95616912841797,64.0228500366211,160.99954223632812,487.8951416015625,567.5801391601562,85.8203353881836,112.89225769042969
2024-10-25,140.00872802734375,40.78156280517578,253.32000732421875,88.75972747802734,63.66134262084961,160.65345764160156,490.8681640625,567.3841552734375,85.33873748779297,112.7978744506836
2024-10-28,139.75804138183594,40.58530807495117,253.3300018310547,88.553955078125,63.42351531982422,158.8299102783203,490.9474182128906,569.1381225585938,85.10718536376953,112.24092102050781
2024-10-29,137.88275146484375,41.23294448852539,256.0899963378906,88.59133911132812,62.3675651550293,156.6416015625,495.6646423339844,570.0592651367188,85.23684692382812,110.7116470336914
2024-10-30,137.4464111328125,40.73249435424805,257.5,88.46041107177734,62.71003341674805,155.43524169921875,491.9186096191406,568.3346557617188,85.4869384765625,110.15467834472656
2024-10-31,138.1612548828125,39.58441162109375,253.50999450683594,88.41365051269531,62.12973403930664,155.31365966796875,479.50128173828125,557.1935424804688,85.6258544921875,110.2396469116211
2024-11-01,142.10687255859375,39.10358810424805,252.47000122070312,87.89006805419922,61.8443489074707,154.8554229736328,483.049072265625,559.545166015625,84.41868591308594,108.51214599609375
2024-11-04,142.94239807128906,39.15265655517578,252.8300018310547,88.3592300415039,61.939476013183594,155.55679321289062,481.6418151855469,558.3399047851562,85.72901153564453,111.96714782714844
2024-11-05,142.42251586914062,39.35872268676758,253.39999389648438,88.40614318847656,62.18681335449219,156.96893310546875,487.78607177734375,565.09130859375,86.18435668945312,112.29755401611328
2024-11-06,146.423828125,37.916255950927734,245.6999969482422,87.49600219726562,60.59813690185547,154.03250122070312,501.0359191894531,579.142578125,83.82390594482422,114.22330474853516
2024-11-07,145.54185485839844,38.828834533691406,249.64999389648438,88.19969940185547,60.56008529663086,153.3684844970703,508.9244079589844,583.6205444335938,84.8740463256836,114.36490631103516
2024-11-08,145.6903839111328,38.28913879394531,247.9600067138672,88.38737487792969,60.80742645263672,154.40655517578125,509.5190124511719,586.148681640625,85.95203399658203,114.32714080810547
2024-11-11,145.29119873046875,36.042030334472656,242.13999938964844,88.14340209960938,60.274688720703125,153.6116485595703,509.2217102050781,586.707275390625,85.53384399414062,113.72298431396484
2024-11-12,144.16786193847656,35.43363952636719,240.0500030517578,87.5898208618164,60.122474670410156,153.68646240234375,508.3000183105469,584.8846435546875,84.25138854980469,113.60970306396484
2024-11-13,147.3522186279297,34.893943786621094,237.6300048828125,87.53353881835938,59.93221664428711,154.06051635742188,507.6459655761719,585.1688232421875,83.45220184326172,114.66697692871094
2024-11-14,150.2115936279297,35.05094909667969,237.00999450683594,87.52413177490234,59.50413513183594,154.4439239501953,504.11798095703125,581.4060668945312,83.93544006347656,114.74311828613281
2024-11-15,149.85882568359375,34.844879150390625,236.58999633789062,87.56167602539062,58.733577728271484,148.3372802734375,492.10693359375,573.958984375,83.7123794555664,113.5534439086914
2024-11-18,150.76853942871094,36.326595306396484,241.08999633789062,87.75869750976562,58.84773635864258,148.0660858154297,495.52587890625,576.310791015625,83.86109161376953,114.50518035888672
2024-11-19,149.68063354492188,37.17049026489258,243.25,87.9463882446289,59.54218292236328,146.56044006347656,498.9349670410156,578.4175415039062,84.28857421875,112.90624237060547
2024-11-20,151.3031005859375,37.01348876953125,244.6199951171875,87.81501007080078,59.92271423339844,148.44949340820312,498.6475830078125,578.6134033203125,84.01908111572266,114.51470184326172
2024-11-21,151.58447265625,37.42561721801758,246.66000366210938,87.76810455322266,60.655208587646484,149.9457550048828,500.44134521484375,581.7195434570312,83.95402526855469,116.0470199584961
2024-11-22,152.2690887451172,37.56299591064453,249.83999633789062,87.82437896728516,60.80742645263672,151.49813842773438,501.24407958984375,583.5226440429688,84.00048065185547,115.91377258300781
2024-11-25,150.39340209960938,36.4443473815918,242.47999572753906,88.77204895019531,61.245018005371094,152.48008728027344,502.0368957519531,585.5020141601562,86.17507934570312,114.18159484863281
2024-11-26,152.42852783203125,36.5915412902832,242.9499969482422,88.58441162109375,61.40674591064453,151.6477813720703,504.73236083984375,588.5592041015625,85.84053039550781,112.27808380126953
2024-11-27,152.03463745117188,36.74854278564453,243.49000549316406,88.94094848632812,61.29258346557617,152.17147827148438,500.7584228515625,586.7757568359375,86.43529510498047,111.98304748535156
2024-11-29,151.86581420898438,36.954612731933594,245.58999633789062,89.31626892089844,61.4219856262207,152.85415649414062,505.1585388183594,590.4208984375,87.32743072509766,112.26856994628906
2024-12-02,152.12841796875,36.14015579223633,243.44000244140625,89.3087387084961,61.00982666015625,152.48008728027344,510.65869140625,591.4791259765625,87.53726196289062,112.16387939453125
2024-12-03,151.8564453125,36.99386215209961,243.92999267578125,89.05462646484375,60.88521957397461,151.21759033203125,512.2244262695312,591.7535400390625,86.78189849853516,111.9925537109375
2024-12-04,148.48019409179688,36.89573287963867,244.6699981689453,89.3934555053711,59.629547119140625,149.79611206054688,518.5570678710938,595.4279174804688,87.71443176269531,108.76612091064453
2024-12-05,149.4274139404297,36.82704544067383,242.86000061035156,89.38404846191406,60.31010437011719,150.08604431152344,517.1201171875,594.4481201171875,87.8916015625,109.24199676513672
2024-12-06,145.5915985107422,36.13034439086914,242.9499969482422,89.66638946533203,59.936283111572266,148.81753540039062,521.7481079101562,595.574951171875,88.02215576171875,108.09037780761719
2024-12-09,147.3172607421875,37.199928283691406,245.36000061035156,89.35580444335938,60.00337219238281,150.40199279785156,517.6849365234375,592.5079956054688,87.21085357666016,107.45271301269531
2024-12-10,147.2422332763672,37.26861572265625,248.58999633789062,89.19581604003906,60.30051803588867,150.7509307861328,515.9210205078125,590.6658325195312,86.80052947998047,107.23380279541016
2024-12-11,146.50132751464844,38.357826232910156,250.9600067138672,88.93228912353516,60.041717529296875,147.85549926757812,525.1571044921875,595.2321166992188,85.97991180419922,106.51998901367188
2024-12-12,145.0945587158203,36.954612731933594,247.27999877929688,88.59344482421875,61.19194030761719,149.86439514160156,521.767822265625,592.1651000976562,84.93546295166016,106.42481231689453
2024-12-13,144.30674743652344,35.963531494140625,244.2899932861328,88.1793441772461,60.501808166503906,148.98728942871094,525.76171875,592.0474853515625,84.06819915771484,105.49208068847656
2024-12-16,140.07705688476562,35.737831115722656,244.8800048828125,88.20758819580078,59.955448150634766,147.14816284179688,533.3330078125,594.5755615234375,84.31999206542969,103.2364501953125
2024-12-17,138.90475463867188,35.512142181396484,243.94000244140625,88.20758819580078,60.77019500732422,147.2613525390625,530.9842529296875,592.1257934570312,84.52513885498047,102.79864501953125
2024-12-18,135.12522888183594,33.883235931396484,239.25999450683594,87.52580261230469,60.243003845214844,145.64857482910156,511.8280029296875,574.4783935546875,83.46821594238281,101.28535461425781
2024-12-19,132.37730407714844,33.74585723876953,239.60000610351562,87.12918090820312,59.85960006713867,142.85690307617188,509.5486755371094,574.3020629882812,82.20438385009766,100.41926574707031
2024-12-20,133.97166442871094,34.079490661621094,242.10000610351562,87.45024871826172,59.955448150634766,144.10182189941406,513.998291015625,581.199951171875,82.67247772216797,100.76190185546875
2024-12-23,134.08421325683594,34.16189193725586,240.9600067138672,87.06307220458984,59.792503356933594,142.6871337890625,519.006103515625,584.6802978515625,81.91419219970703,101.171142578125
2024-12-24,134.900146484375,34.16189193725586,241.44000244140625,87.11029815673828,60.233421325683594,144.12069702148438,526.043701171875,591.1790771484375,82.26058197021484,101.26631927490234
2024-12-26,135.0314178466797,34.221458435058594,243.07000732421875,87.1763916015625,59.97462463378906,143.77174377441406,525.686279296875,591.2184448242188,82.21375274658203,101.35198211669922
2024-12-27,135.05018615722656,34.012969970703125,241.39999389648438,86.94979095458984,59.85960006713867,144.19613647460938,518.6983642578125,584.9950561523438,81.53971862792969,101.34247589111328
2024-12-30,134.17799377441406,33.52650451660156,240.6300048828125,87.4596939086914,59.45701599121094,143.09268188476562,511.7997131347656,578.3192138671875,82.1950454711914,100.6572036743164
2024-12-31,135.83798217773438,33.665496826171875,242.1300048828125,87.29914855957031,59.67747497558594,143.41336059570312,507.4521179199219,576.2152709960938,81.75505828857422,102.37987518310547
2025-01-02,137.59176635742188,35.08518600463867,245.4199981689453,87.34638214111328,59.27490234375,141.66854858398438,506.4595031738281,574.7994995117188,81.97972869873047,102.1324234008789
2025-01-03,138.66090393066406,34.74763870239258,243.49000549316406,87.20472717285156,59.18864059448242,141.14036560058594,514.747802734375,581.9864501953125,81.71760559082031,102.6558837890625
2025-01-06,138.10757446289062,34.330665588378906,243.19000244140625,87.1197509765625,58.28762435913086,137.9525909423828,520.663818359375,585.3390502929688,81.35248565673828,102.54167175292969
2025-01-07,140.2927703857422,34.79727554321289,244.55999755859375,86.72314453125,58.316383361816406,137.13204956054688,511.3729553222656,578.722412109375,80.43505096435547,103.50294494628906
2025-01-08,140.95864868164062,35.64114761352539,245.86000061035156,86.8742446899414,59.150299072265625,138.2072296142578,511.4622802734375,579.5679321289062,80.53804016113281,101.770751953125
2025-01-10,143.62213134765625,35.71064376831055,248.2100067138672,86.24158477783203,58.536842346191406,134.5290069580078,503.4420166015625,570.7192993164062,80.00440979003906,101.39956665039062
2025-01-13,145.6947784423828,35.12489700317383,245.74000549316406,86.09048461914062,59.0927848815918,136.28321838378906,501.82403564453125,571.6043090820312,79.97633361816406,104.01688385009766
2025-01-14,147.1484375,36.05812072753906,247.02999877929688,86.11880493164062,59.46660614013672,136.7076416015625,501.3475341796875,572.3906860351562,79.84526824951172,104.42613220214844
2025-01-15,148.4895477294922,36.45523452758789,248.8800048828125,87.02531433105469,59.207801818847656,136.54730224609375,512.8817749023438,582.8025512695312,81.22145080566406,106.12976837158203
2025-01-16,149.4743194580078,36.355953216552734,250.60000610351562,87.23307037353516,59.66789627075195,138.2072296142578,509.2884826660156,581.6817016601562,81.48355102539062,105.94893646240234
2025-01-17,151.43441772460938,36.48501968383789,249.27000427246094,87.29914855957031,60.10881042480469,139.82000732421875,517.8844604492188,587.521728515625,81.62397766113281,106.90069580078125
2025-01-21,148.40516662597656,37.33881759643555,253.1300048828125,87.59188079833984,59.830841064453125,140.10292053222656,520.9218139648438,592.8995971679688,82.35417175292969,106.09170532226562
2025-01-22,146.6888885498047,37.25939178466797,254.42999267578125,87.36524963378906,59.21738815307617,139.66908264160156,527.582275390625,596.2326049804688,81.9235610961914,104.24530029296875
2025-01-23,146.31375122070312,37.229610443115234,254.07000732421875,87.13863372802734,58.977760314941406,140.16896057128906,528.7039794921875,599.4868774414062,81.28695678710938,104.83539581298828
2025-01-24,145.9761199951172,37.676368713378906,255.64999389648438,87.31804656982422,59.35158157348633,140.64051818847656,525.7162475585938,597.73681640625,81.65208435058594,103.41728210449219
2025-01-27,147.45791625976562,37.080692291259766,252.99000549316406,87.88461303710938,61.220699310302734,145.81834411621094,510.4100646972656,589.2815551757812,82.6163101196289,104.85441589355469
2025-01-28,146.50132751464844,37.42816925048828,255.17999267578125,87.89407348632812,59.77333068847656,141.70626831054688,517.953857421875,594.344970703125,82.5601577758789,102.82720184326172
2025-01-29,146.0136260986328,37.62672805786133,254.1999969482422,87.79019165039062,60.22384262084961,141.81944274902344,516.981201171875,591.6804809570312,82.39163208007812,103.42679595947266
2025-01-30,146.60450744628906,39.135765075683594,258.04998779296875,87.97904205322266,61.39323425292969,143.26242065429688,519.184814453125,594.8561401367188,82.7005615234375,104.28337097167969
2025-01-31,139.91761779785156,38.67908477783203,258.55999755859375,87.83740234375,60.84687423706055,142.12127685546875,518.4303588867188,591.6903686523438,82.1575927734375,101.67558288574219
2025-02-03,140.0583038330078,39.274757385253906,259.94000244140625,87.89993286132812,60.72226333618164,141.7251434326172,514.28125,587.70849609375,82.82652282714844,101.92303466796875
2025-02-04,143.69715881347656,39.74136734008789,262.5,88.1177978515625,60.07046890258789,135.33065795898438,520.59423828125,591.651123046875,83.08019256591797,104.65455627441406
2025-02-05,143.48146057128906,40.74408721923828,264.1300048828125,88.62934875488281,60.501808166503906,137.3772735595703,522.9566650390625,594.0498657226562,84.45185852050781,104.57841491699219
2025-02-06,142.45919799804688,40.833438873291016,263.42999267578125,88.525146484375,60.73185348510742,137.0849151611328,525.686279296875,596.1146850585938,84.4142837524414,103.19837951660156
2025-02-07,143.13446044921875,40.56538391113281,263.8999938964844,88.23148345947266,61.19194030761719,136.35870361328125,519.0557250976562,590.6580810546875,83.86936950683594,103.63618469238281
2025-02-10,146.08868408203125,41.65745162963867,268.3699951171875,88.21256256103516,61.87248992919922,136.14178466796875,525.3389282226562,594.6693725585938,83.61570739746094,105.61583709716797
2025-02-11,147.6548614501953,41.14120101928711,267.3900146484375,87.98518371582031,64.79598236083984,137.35842895507812,524.0881958007812,595.12158203125,83.08019256591797,106.28204345703125
2025-02-12,145.27273559570312,41.826229095458984,267.6700134277344,87.37889099121094,65.85993957519531,135.80223083496094,524.39599609375,593.2044677734375,81.95278930664062,103.08436584472656
2025-02-13,146.19183349609375,42.20348358154297,270.30999755859375,88.03254699707031,66.61717224121094,136.35870361328125,531.9398193359375,599.4671020507812,83.31507110595703,103.8333740234375
2025-02-14,147.30130004882812,40.78379821777344,266.2900085449219,88.4020004272461,66.0133056640625,135.23634338378906,534.1732177734375,599.4376831054688,83.75662231445312,103.93901062011719
2025-02-18,148.078857421875,41.240482330322266,270.70001220703125,87.92835235595703,66.18584442138672,135.90597534179688,535.3841552734375,601.1975708007812,82.77017211914062,105.76350402832031
2025-02-19,149.09347534179688,41.240482330322266,270.8500061035156,88.07044982910156,67.16352081298828,137.5187530517578,535.5331420898438,602.6133422851562,82.8735122680664,105.91715240478516
2025-02-20,150.57272338867188,41.9354362487793,270.989990234375,88.25041961669922,67.134765625,140.6216583251953,533.2599487304688,600.1062622070312,83.18351745605469,107.54959869384766
2025-02-21,148.79953002929688,40.50581741333008,270.739990234375,88.77145385742188,68.39041900634766,144.77145385742188,522.1923828125,589.842041015625,84.18878936767578,106.29165649414062
2025-02-24,149.71932983398438,40.674591064453125,272.2099914550781,88.96089935302734,67.66194915771484,145.1015625,516.0282592773438,587.1578979492188,84.43307495117188,106.84860229492188
2025-02-25,148.3253936767578,40.088844299316406,268.6199951171875,89.66189575195312,68.52462768554688,147.52542114257812,509.52667236328125,584.2379150390625,85.88929748535156,105.36980438232422
2025-02-26,147.11163330078125,40.56538391113281,269.0299987792969,89.90819549560547,67.86324310302734,142.89462280273438,510.7575378417969,584.5328369140625,86.39663696289062,105.11053466796875
2025-02-27,148.5624542236328,39.17547607421875,264.92999267578125,89.80400848388672,67.93035125732422,143.37562561035156,496.5730895996094,575.2025756835938,85.78595733642578,105.77310943603516
2025-02-28,150.41152954101562,39.4336051940918,263.2699890136719,90.29659271240234,68.25624084472656,144.74319458007812,504.4147033691406,584.178955078125,86.83818817138672,106.90621948242188
2025-03-03,145.167724609375,39.423675537109375,266.739990234375,90.62435150146484,69.3201904296875,147.119873046875,493.37689208984375,573.9441528320312,87.24346160888672,103.47808074951172
2025-03-04,144.13412475585938,39.989566802978516,269.05999755859375,90.33935546875,67.27854919433594,145.4222412109375,491.88800048828125,567.1504516601562,86.1690444946289,103.2668228149414
2025-03-05,143.00572204589844,41.39932632446289,269.6199951171875,89.83583068847656,67.17311096191406,145.12985229492188,498.3002624511719,573.2461547851562,85.48107147216797,101.2502670288086
2025-03-06,145.03497314453125,41.0617790222168,268.25,89.788330078125,67.53734588623047,145.81834411621094,484.5923156738281,563.0703125,85.19831848144531,103.3436508178711
2025-03-07,148.24952697753906,41.339759826660156,268.3900146484375,89.67432403564453,68.46710205078125,146.9458465576172,488.1557312011719,566.2262573242188,84.92499542236328,104.68801879882812
2025-03-10,149.4158935546875,40.2179069519043,266.0400085449219,90.30135345458984,68.48627471923828,148.6680145263672,469.2366638183594,551.1445922851562,85.8109130859375,107.35755157470703
2025-03-11,146.10650634765625,41.5383186340332,269.1600036621094,89.97832489013672,68.09329223632812,144.93821716308594,468.114990234375,546.5628662109375,85.19831848144531,104.82245635986328
2025-03-12,144.76943969726562,41.59788513183594,270.3299865722656,89.71232604980469,67.0389175415039,140.98008728027344,473.39569091796875,549.4631958007812,84.68939208984375,104.79363250732422
2025-03-13,145.66082763671875,42.8984375,275.1300048828125,90.07332611083984,66.73218536376953,141.14181518554688,464.8790588378906,542.1386108398438,85.43394470214844,104.3519287109375
2025-03-14,148.89434814453125,43.325340270996094,275.239990234375,89.75982666015625,66.78047180175781,141.3797149658203,476.1153869628906,553.3369750976562,84.98155212402344,107.45358276367188
2025-03-17,150.5063934326172,44.248634338378906,276.7300109863281,89.83583068847656,67.70744323730469,143.9962921142578,479.202392578125,557.6039428710938,85.40567016601562,109.23966979980469
2025-03-18,152.4882049560547,44.526611328125,279.9599914550781,89.94032287597656,66.9928970336914,141.7602996826172,471.0332336425781,551.5770874023438,85.49048614501953,109.12442779541016
2025-03-19,155.56056213378906,44.903873443603516,281.1099853515625,90.21585083007812,66.8963394165039,140.9230194091797,477.33636474609375,557.584228515625,85.93342590332031,110.82411193847656
2025-03-20,156.2432861328125,44.834381103515625,280.75,90.34886169433594,67.3115463256836,140.00958251953125,475.7183532714844,555.9718017578125,85.98998260498047,111.29462432861328
2025-03-21,156.22433471679688,44.17913818359375,278.489990234375,90.27284240722656,66.30731964111328,138.39207458496094,477.2867126464844,556.1552734375,85.48107147216797,110.91053009033203
2025-03-24,156.48037719726562,43.93094253540039,277.25,89.75032043457031,66.57769012451172,139.3435516357422,487.76043701171875,566.1151733398438,84.60456085205078,111.1986083984375
2025-03-25,157.35275268554688,44.69538879394531,278.4700012207031,89.9023208618164,66.44251251220703,138.4777069091797,490.5438537597656,567.4760131835938,84.59514617919922,111.95720672607422
2025-03-26,159.27769470214844,44.3479118347168,278.239990234375,89.6933364868164,67.61088562011719,141.42727661132812,481.5175476074219,560.701416015625,84.0390853881836,113.57044982910156
2025-03-27,158.02598571777344,45.430049896240234,281.9700012207031,89.61730194091797,68.30609130859375,142.40728759765625,478.7738342285156,559.2123413085938,83.7940673828125,113.20555877685547
2025-03-28,157.49497985839844,45.241424560546875,284.05999755859375,90.33935546875,67.94884490966797,142.02671813964844,466.1687927246094,547.9507446289062,84.95327758789062,113.05191802978516
2025-03-31,158.63287353515625,45.63854217529297,288.1400146484375,90.6053695678711,69.15583038330078,142.66421508789062,466.1488952636719,551.6289672851562,85.79206085205078,114.20423889160156
2025-04-01,159.7897491455078,45.469764709472656,287.57000732421875,90.92369079589844,69.39723205566406,142.40728759765625,469.90655517578125,553.1870727539062,86.5354995727539,114.30986022949219
2025-04-02,157.8553009033203,45.430049896240234,288.1600036621094,90.83790588378906,68.87580871582031,141.8839874267578,473.336181640625,556.6878051757812,86.47875213623047,113.95455932617188
2025-04-03,148.04092407226562,45.390342712402344,286.4200134277344,91.77193450927734,70.66215515136719,144.0248260498047,447.9967956542969,529.2537231445312,86.87599182128906,107.96250915527344
2025-04-04,135.8653564453125,41.37947082519531,279.7200012207031,92.02926635742188,67.52396392822266,139.4958038330078,420.1722412109375,498.26971435546875,87.82185363769531,100.1939697265625
2025-04-07,132.89736938476562,41.15113067626953,273.7099914550781,90.93323516845703,66.01766204833984,136.2417449951172,421.1861877441406,497.3822021484375,85.1734848022461,98.849609375
2025-04-08,129.84397888183594,41.20077133178711,275.20001220703125,90.47573852539062,66.06592559814453,133.4919891357422,413.60125732421875,489.591796875,83.56556701660156,96.76582336425781
2025-04-09,138.4730682373047,44.66560745239258,285.3800048828125,90.18981170654297,67.54328918457031,138.5252685546875,463.24615478515625,541.0084228515625,84.0573959350586,101.59596252441406
2025-04-10,127.99490356445312,46.82988357543945,292.3500061035156,89.62749481201172,68.3254165649414,137.14564514160156,443.5432434082031,517.3019409179688,81.74005889892578,95.9592056274414
2025-04-11,128.61126708984375,49.341644287109375,297.92999267578125,89.12236785888672,68.97237396240234,137.4215545654297,451.7146911621094,526.531982421875,82.18460845947266,99.04165649414062
2025-04-14,128.3173065185547,49.65933609008789,296.2300109863281,89.8371810913086,69.957275390625,139.62899780273438,454.7765197753906,531.6401977539062,82.77104187011719,99.28172302246094
2025-04-15,127.5776596069336,50.16565704345703,297.7799987792969,90.10404205322266,69.3875732421875,135.90870666503906,455.2834777832031,530.151123046875,83.0642318725586,99.00324249267578
2025-04-16,128.35523986816406,51.535709381103516,307.4700012207031,90.49480438232422,69.2137680053711,133.2921600341797,441.5550842285156,518.366943359375,83.5277099609375,100.04994201660156
2025-04-17,130.73533630371094,50.5528450012207,306.1199951171875,90.23746490478516,70.48834991455078,135.90870666503906,441.4755859375,519.1065063476562,82.78995513916016,102.67144775390625
2025-04-21,126.80958557128906,51.287513732910156,315.5899963378906,89.75139617919922,70.26625061035156,134.8525848388672,430.5504455566406,506.7503662109375,81.34280395507812,101.16383361816406
2025-04-22,130.19483947753906,49.867820739746094,311.1099853515625,89.81810760498047,71.35738372802734,136.49864196777344,441.8533020019531,519.9348754882812,81.79682159423828,103.99662780761719
2025-04-23,129.60691833496094,48.378639221191406,303.6499938964844,89.91341400146484,70.77803039550781,135.35687255859375,451.8737487792969,527.991455078125,82.59133911132812,103.10358428955078
2025-04-24,131.8732452392578,49.40121078491211,308.07000732421875,90.39950561523438,70.02486419677734,128.74411010742188,464.58819580078125,539.1051635742188,83.46149444580078,104.31351470947266
2025-04-25,131.5508270263672,48.45806121826172,304.7300109863281,90.74259948730469,69.43585205078125,126.90777587890625,469.76739501953125,543.0003051757812,84.07630920410156,104.25589752197266
2025-04-28,132.84994506835938,49.07359313964844,309.07000732421875,91.10477447509766,69.31997680664062,127.26933288574219,469.6182556152344,543.2073974609375,84.60596466064453,104.31351470947266
2025-04-29,132.0913543701172,48.13043975830078,306.05999755859375,91.4192886352539,69.86070251464844,127.79264068603516,472.71978759765625,546.6293334960938,85.31535339355469,104.05424499511719
2025-04-30,129.0189971923828,48.6566162109375,303.7699890136719,91.56226348876953,70.0538330078125,129.0010223388672,472.66021728515625,546.8462524414062,84.62488555908203,101.4327163696289
2025-05-01,129.2086639404297,46.85967254638672,297.4599914550781,91.16352844238281,68.83718872070312,127.06951141357422,478.8334655761719,550.7216186523438,84.19579315185547,101.5767593383789
2025-05-02,131.33274841308594,46.740535736083984,297.9800109863281,90.55155944824219,69.18479919433594,127.25981140136719,485.94122314453125,558.8966674804688,83.2844467163086,101.98967742919922
2025-05-05,128.4879913330078,48.36871337890625,306.8800048828125,90.38900756835938,69.23307800292969,125.5852279663086,483.058349609375,555.6918334960938,82.81927490234375,99.16648864746094
2025-05-06,128.5828094482422,50.42378616333008,315.4800109863281,90.61849212646484,69.25238037109375,124.3958740234375,478.5650634765625,551.047119140625,83.0945816040039,100.54927825927734
2025-05-07,128.7629852294922,49.460777282714844,310.75,90.85752868652344,69.90899658203125,125.51861572265625,480.44390869140625,553.3645629882812,83.44583129882812,100.4532470703125
2025-05-08,129.9482879638672,48.527557373046875,304.6300048828125,90.14994812011719,68.72130584716797,125.05238342285156,485.4044494628906,557.2202758789062,82.5154800415039,101.85523223876953
2025-05-09,131.32327270507812,50.006813049316406,306.8399963378906,90.21688842773438,68.09367370605469,124.11043548583984,485.0863037109375,556.5103149414062,82.6388931274414,103.04595947265625
2025-05-12,134.29129028320312,46.283851623535156,298.19000244140625,89.64318084716797,67.13773345947266,125.2902603149414,504.8488464355469,574.9015502929688,81.86994934082031,104.82245635986328
2025-05-13,134.9835205078125,46.204429626464844,299.4599914550781,89.57624816894531,66.58734893798828,123.98673248291016,512.5431518554688,578.6981811523438,81.53767395019531,105.11053466796875
2025-05-14,134.3386993408203,45.22156524658203,293.1600036621094,89.2415771484375,66.78047180175781,122.21700286865234,515.6148071289062,579.437744140625,80.99658203125,104.16947174072266
2025-05-15,134.89816284179688,46.15479278564453,297.8399963378906,89.8248519897461,69.14617919921875,125.1189956665039,516.1814575195312,582.2678833007812,81.70854187011719,105.22579956054688
2025-05-16,134.74647521972656,45.99594497680664,294.239990234375,89.85353088378906,69.52275848388672,125.57569885253906,518.4281616210938,585.9559936523438,81.92691802978516,104.84784698486328
2025-05-19,132.92283630371094,46.998661041259766,298.0299987792969,89.80571746826172,69.45516204833984,125.39492797851562,518.9251708984375,586.596923828125,81.68959045410156,103.18098449707031
2025-05-20,131.7518768310547,48.45806121826172,303.5799865722656,89.69097900390625,69.22342681884766,125.40442657470703,517.1954956054688,584.6246948242188,81.10099792480469,101.70793151855469
2025-05-21,130.11061096191406,49.083518981933594,305.82000732421875,89.06945037841797,69.37791442871094,123.83450317382812,510.00811767578125,574.7733154296875,79.71497344970703,100.45779418945312
2025-05-22,129.85145568847656,48.82539367675781,303.1099853515625,89.40412139892578,68.69233703613281,123.80596160888672,510.96246337890625,575.0001220703125,80.13267517089844,99.78910827636719
2025-05-23,131.05120849609375,50.16565704345703,309.75,89.66228485107422,69.30066680908203,123.06380462646484,506.2305908203125,571.0753173828125,80.26557922363281,99.84725189208984
2025-05-27,132.28936767578125,49.41114044189453,304.5,90.03520965576172,69.31031799316406,124.99529266357422,518.139892578125,582.9483032226562,81.38580322265625,100.32210540771484
2025-05-28,130.5521240234375,49.98695755004883,303.80999755859375,89.78660583496094,68.70199584960938,124.32927703857422,515.8433837890625,579.5757446289062,81.03453063964844,98.95567321777344
2025-05-29,132.36614990234375,49.91746139526367,305.6099853515625,90.15951538085938,69.03030395507812,125.51861572265625,516.8574829101562,581.8635864257812,81.78450775146484,99.51775360107422
2025-05-30,131.2047576904297,50.28479766845703,303.6000061035156,90.42725372314453,69.61931610107422,125.07141876220703,516.042236328125,581.2127685546875,81.90790557861328,99.13980865478516
2025-06-02,132.2989501953125,53.38229751586914,311.6700134277344,90.12027740478516,69.52275848388672,124.55763244628906,520.1181640625,584.4866943359375,81.14564514160156,99.86663818359375
2025-06-03,133.9402313232422,52.70720291137695,308.9100036621094,90.03392791748047,68.71165466308594,125.4520263671875,524.183837890625,587.8197631835938,81.00270080566406,100.59346771240234
2025-06-04,131.8478546142578,52.82633590698242,310.8999938964844,90.69586944580078,68.9144287109375,125.34737396240234,525.6452026367188,587.6619262695312,82.3176498413086,99.13980865478516
2025-06-05,131.396728515625,52.76676940917969,309.3299865722656,90.42725372314453,68.47025299072266,124.7479248046875,521.6886596679688,584.8219604492188,82.37480926513672,98.68431854248047
2025-06-06,134.57369995117188,51.247798919677734,305.17999267578125,89.70775604248047,68.89511108398438,125.0778579711914,526.788330078125,590.8274536132812,81.32667541503906,101.04893493652344
2025-06-09,135.1015625,51.75412368774414,306.6199951171875,89.870849609375,69.30066680908203,125.01053619384766,527.5637817382812,591.3599243164062,81.41242980957031,101.7273178100586
2025-06-10,137.58746337890625,51.05916976928711,306.7099914550781,90.02432250976562,69.86070251464844,126.80928802490234,531.0530395507812,594.7128295898438,81.83169555664062,103.9078140258789
2025-06-11,138.95997619628906,51.56549072265625,308.3699951171875,90.39848327636719,69.59034729003906,124.95280456542969,529.263671875,593.0167236328125,82.0794448852539,105.9332504272461
2025-06-12,139.142333984375,53.14402770996094,312.20001220703125,90.79180145263672,69.75450134277344,127.26141357421875,530.5061645507812,595.37353515625,83.0608901977539,106.34027862548828
2025-06-13,140.04454040527344,54.06732177734375,316.2900085449219,90.45604705810547,69.06404876708984,125.86663055419922,523.845947265625,588.7171630859375,82.26048278808594,108.65644836425781
2025-06-16,140.1597137451172,53.163883209228516,311.7799987792969,90.1969985961914,68.57781219482422,126.4052963256836,531.132568359375,594.3182983398438,81.43148803710938,109.00532531738281
2025-06-17,142.86636352539062,53.12417221069336,311.94000244140625,90.63832092285156,67.7026138305664,124.36603546142578,525.9534301757812,589.2398681640625,82.4224624633789,110.4783706665039
2025-06-18,142.23289489746094,52.61785125732422,310.260009765625,90.69586944580078,67.30389404296875,124.1544189453125,525.8638916015625,589.1510620117188,82.56541442871094,109.69339752197266
2025-06-20,143.53822326660156,51.91297149658203,310.1300048828125,90.7534408569336,66.944091796875,124.1544189453125,523.7166748046875,587.7674560546875,82.41293334960938,111.15674591064453
2025-06-23,140.95635986328125,52.72705841064453,311.0799865722656,91.07000732421875,67.81930541992188,124.17366027832031,529.1017456054688,593.572998046875,82.67974090576172,108.28817749023438
2025-06-24,137.7794189453125,51.48606872558594,306.19000244140625,91.38658905029297,68.27635955810547,126.05902862548828,537.1928100585938,600.13037109375,83.28003692626953,104.99320983886719
2025-06-25,137.47227478027344,51.54563522338867,307.1199951171875,91.42496490478516,67.71233367919922,123.1444091796875,538.566162109375,600.4666748046875,83.38485717773438,105.02229309082031
2025-06-26,138.63363647460938,52.2405891418457,306.7799987792969,91.75112915039062,67.5567398071289,123.33679962158203,543.6018676757812,605.1646118164062,83.80410766601562,106.59224700927734
2025-06-27,138.009765625,50.36421585083008,301.2200012207031,91.51130676269531,68.39305877685547,126.04938507080078,545.4629516601562,608.1713256835938,83.27050018310547,106.00109100341797
2025-06-30,137.4338836669922,51.684627532958984,304.8299865722656,91.87584686279297,68.80148315429688,127.01129913330078,548.9959716796875,611.0790405273438,84.08995056152344,104.46989440917969
2025-07-01,139.71823120117188,51.664772033691406,307.54998779296875,91.70551300048828,69.69615173339844,130.10867309570312,544.3681640625,610.88134765625,84.29846954345703,105.86540222167969
2025-07-02,142.0313262939453,52.28030014038086,309.25,91.5130386352539,68.95709228515625,131.28219604492188,548.159912109375,613.650634765625,83.76288604736328,107.61949920654297
2025-07-03,142.40565490722656,52.528499603271484,307.1400146484375,91.19544982910156,69.38496398925781,130.22412109375,553.553955078125,618.487060546875,83.17945098876953,108.73397827148438
2025-07-07,141.4746551513672,52.78662109375,307.3699951171875,90.90674591064453,69.05432891845703,129.3295135498047,549.3840942382812,613.8780517578125,82.38563537597656,107.67765045166016
2025-07-08,147.0799102783203,50.42378616333008,304.1600036621094,90.77201080322266,68.30553436279297,129.89703369140625,549.6925659179688,613.5418090820312,82.28043365478516,110.6624984741211
2025-07-09,146.86874389648438,51.128665924072266,305.5199890136719,91.24356079101562,67.56646728515625,129.35838317871094,553.5838012695312,617.2210083007812,83.14120483398438,110.2845458984375
2025-07-10,147.97250366210938,51.52578353881836,306.20001220703125,91.19544982910156,67.84848022460938,130.8974609375,552.7876586914062,618.9617309570312,83.1985855102539,111.379638671875
2025-07-11,149.06666564941406,52.042030334472656,309.1400146484375,90.77201080322266,67.94572448730469,130.10867309570312,551.5436401367188,616.7858276367188,82.05088806152344,111.86418914794922
2025-07-14,145.5537872314453,52.071815490722656,308.010009765625,90.73350524902344,67.5567398071289,130.40687561035156,553.5440673828125,617.9627685546875,81.87874603271484,110.40084075927734
2025-07-15,144.6324005126953,51.247798919677734,306.7300109863281,90.37742614746094,67.44976806640625,128.71388244628906,554.0515747070312,615.3220825195312,81.30487823486328,109.42204284667969
2025-07-16,143.89334106445312,51.44635772705078,308.260009765625,90.62763977050781,67.36224365234375,130.1952667236328,554.6187744140625,617.3792724609375,81.4196548461914,108.76304626464844
2025-07-17,145.29466247558594,50.870540618896484,307.5899963378906,90.59876251220703,68.64588928222656,139.90098571777344,559.1072387695312,621.1574096679688,81.4005355834961,108.21066284179688
2025-07-18,144.00851440429688,50.76133346557617,308.3900146484375,90.84899139404297,67.92626953125,137.78477478027344,558.56982421875,620.7024536132812,81.52484893798828,104.4408187866211
2025-07-21,143.66297912597656,52.6377067565918,313.1300048828125,91.16656494140625,68.14022064208984,136.30340576171875,561.4658813476562,621.87939453125,82.25174713134766,104.7121810913086
2025-07-22,144.00851440429688,54.08717727661133,316.1000061035156,91.42642974853516,67.74151611328125,140.47811889648438,558.5598754882812,621.9684448242188,82.74906921386719,105.18704223632812
2025-07-23,146.96470642089844,53.4517936706543,312.17999267578125,91.0992202758789,67.25527954101562,140.1125946044922,561.1076049804688,627.2598266601562,82.29000091552734,106.53410339355469
2025-07-24,149.56578063964844,52.945472717285156,310.2699890136719,90.96446228027344,67.19692993164062,139.0063934326172,562.3018188476562,627.4674682617188,82.14652252197266,107.3675308227539
2025-07-25,148.6155548095703,53.570926666259766,307.3999938964844,91.17619323730469,67.26500701904297,137.9867706298828,563.6553344726562,630.1181030273438,82.66300201416016,106.98957824707031
2025-07-28,149.9976806640625,52.21080780029297,305.4100036621094,90.97410583496094,66.2147445678711,136.17837524414062,565.4168701171875,629.9598999023438,82.12741088867188,107.99745178222656
2025-07-29,150.717529296875,52.86604690551758,306.25,91.57077026367188,67.46920776367188,138.41001892089844,564.5410766601562,628.29833984375,83.51420593261719,109.39295959472656
2025-07-30,147.38702392578125,51.406646728515625,300.9599914550781,91.25318908691406,66.85657501220703,137.4192352294922,565.2974243164062,627.5070190429688,83.08383178710938,108.44324493408203
2025-07-31,145.54420471191406,51.26765441894531,302.9599914550781,91.3301773071289,66.02024841308594,132.6673583984375,562.3018188476562,625.1531372070312,83.13163757324219,108.19126892089844
2025-08-01,145.3138427734375,52.071815490722656,309.1099853515625,92.38163757324219,66.96353912353516,133.97557067871094,551.2252197265625,614.9066162109375,84.31348419189453,106.2530517578125
2025-08-04,144.9683074951172,54.543861389160156,310.9100036621094,92.50715637207031,67.060791015625,134.2449188232422,561.3961791992188,624.2530517578125,84.54390716552734,104.05318450927734
2025-08-05,146.88792419433594,56.05290222167969,311.1600036621094,92.4395751953125,67.1483154296875,134.1391143798828,557.5845336914062,621.0881958007812,84.8031234741211,103.92719268798828
2025-08-06,146.6383819580078,56.9761962890625,310.5,92.3719711303711,67.59564208984375,135.4376678466797,564.600830078125,625.845458984375,84.31348419189453,103.2197494506836
2025-08-07,147.00311279296875,57.5222282409668,313.1199951171875,92.30440521240234,68.49030303955078,138.43887329101562,566.5115356445312,625.3212890625,84.16947174072266,102.67704010009766
2025-08-08,148.77871704101562,57.6413688659668,313.04998779296875,92.09199523925781,68.40277099609375,139.6797332763672,571.7960815429688,630.1972045898438,83.80465698242188,103.50078582763672
2025-08-11,147.2814483642578,57.27403259277344,308.54998779296875,92.1209487915039,68.80148315429688,139.35269165039062,570.104248046875,628.9510498046875,83.90065002441406,102.56075286865234
2025-08-12,148.2316436767578,57.790283203125,308.2699890136719,92.10164642333984,68.76258850097656,141.27651977539062,577.2697143554688,635.6469116210938,83.47822570800781,102.85147857666016
2025-08-13,149.60414123535156,57.65129470825195,309.2099914550781,92.42992401123047,68.51947784423828,143.6620635986328,577.558349609375,637.82275390625,84.16947174072266,104.27607727050781
2025-08-14,148.92271423339844,57.28396224975586,307.25,92.13059997558594,67.6345443725586,142.95986938476562,577.110595703125,637.882080078125,83.54541778564453,104.06287384033203
2025-08-15,150.25682067871094,57.859779357910156,307.42999267578125,91.9471664428711,67.99433898925781,144.6720733642578,574.57275390625,636.3886108398438,82.9501953125,104.16068267822266
2025-08-18,149.07626342773438,57.68107604980469,306.95001220703125,91.8602523803711,67.22610473632812,143.8544464111328,574.3438110351562,636.2501831054688,82.71015930175781,104.38565063476562
2025-08-19,147.51377868652344,56.191890716552734,305.2699890136719,92.09199523925781,68.19856262207031,146.36505126953125,566.5513305664062,632.7984008789062,83.19020080566406,105.0703353881836
2025-08-20,148.69778442382812,57.89949035644531,308.3599853515625,92.22715759277344,68.75286102294922,144.989501953125,563.1876220703125,631.116943359375,83.37261199951172,106.15605926513672
2025-08-21,150.95901489257812,58.86249923706055,307.2900085449219,91.95680236816406,68.7139663696289,143.30615234375,560.5802001953125,628.5850830078125,82.95978546142578,106.84075164794922
2025-08-22,153.5113983154297,59.74607849121094,310.5799865722656,92.4685287475586,68.19856262207031,143.94100952148438,569.2284545898438,638.2381591796875,83.57423400878906,108.84590911865234
2025-08-25,153.53079223632812,59.82550048828125,309.8299865722656,92.28508758544922,67.0316162109375,142.55584716796875,567.5863647460938,635.4292602539062,83.334228515625,109.29584503173828
2025-08-26,152.71559143066406,61.15583801269531,312.0799865722656,92.5264663696289,66.83712768554688,141.4015655517578,569.8654174804688,638.0897827148438,83.28622436523438,109.05131530761719
2025-08-27,154.5401153564453,61.036705017089844,312.7099914550781,92.70027160644531,66.93437194824219,142.01719665527344,570.7412719726562,639.543701171875,83.19020080566406,110.28376007080078
2025-08-28,154.6177520751953,60.88779067993164,315.0299987792969,92.9126968383789,66.4773178100586,141.38230895996094,574.3140258789062,641.80859375,83.73744201660156,110.87062072753906
2025-08-29,155.85997009277344,62.71451950073242,318.07000732421875,92.83543395996094,67.08995819091797,142.98873901367188,567.666015625,637.9810180664062,83.1421890258789,111.79006958007812
2025-09-02,157.0536651611328,64.33277130126953,325.5899963378906,92.55839538574219,67.15802764892578,144.55665588378906,562.908935546875,633.2533569335938,82.52348327636719,112.18132019042969
2025-09-03,153.39492797851562,64.7298812866211,328.1400146484375,92.87806701660156,67.08995819091797,142.97909545898438,567.3375854492188,636.6853637695312,83.42938232421875,109.4621353149414
2025-09-04,153.03585815429688,64.10442352294922,326.69000244140625,93.29460906982422,66.3703384399414,141.29574584960938,572.472900390625,642.0064086914062,84.06546020507812,109.94141387939453
2025-09-05,149.12478637695312,65.86166381835938,331.04998779296875,93.7499008178711,66.08832550048828,142.19229125976562,573.2988891601562,640.1469116210938,85.3471908569336,106.84075164794922
2025-09-08,149.4547576904297,66.75517272949219,334.82000732421875,94.04048156738281,65.57292938232422,137.646484375,576.0953979492188,641.7196655273438,86.48438262939453,107.44718170166016
2025-09-09,150.27967834472656,66.36798858642578,334.05999755859375,93.81769561767578,65.99108123779297,138.99664306640625,577.7276000976562,643.2031860351562,85.9928970336914,108.22969055175781
2025-09-10,153.1328887939453,68.00608825683594,335.260009765625,94.0695571899414,65.95217895507812,138.56924438476562,577.9166259765625,645.0625,86.48438262939453,110.03922271728516
2025-09-11,153.57931518554688,69.25700378417969,334.760009765625,94.2148666381836,65.75769805908203,140.09422302246094,581.2803955078125,650.4231567382812,87.06261444091797,109.68709564208984
2025-09-12,152.4729766845703,69.24707794189453,335.4200134277344,93.94361877441406,65.16448974609375,139.41429138183594,583.8480834960938,650.2054443359375,86.686767578125,109.7066650390625
2025-09-15,152.6670684814453,69.97181701660156,338.9100036621094,94.09859466552734,64.88031768798828,136.60716247558594,588.8440551757812,653.6671752929688,86.88914489746094,109.89250183105469
2025-09-16,154.83123779296875,68.5223388671875,339.5899963378906,94.15674591064453,64.90971374511719,136.0146484375,588.3463745117188,652.7671508789062,87.07225799560547,112.17153930664062
2025-09-17,155.36502075195312,68.1649398803711,336.9700012207031,93.95330810546875,65.69364929199219,137.1802520751953,587.1720581054688,651.9561157226562,86.8506088256836,112.76819610595703
2025-09-18,154.15191650390625,68.29399871826172,335.6199951171875,93.64332580566406,65.12529754638672,136.69459533691406,592.466552734375,655.0023803710938,85.954345703125,111.43794250488281
2025-09-19,151.5995330810547,71.8382568359375,339.17999267578125,93.60457611083984,65.09589385986328,137.69505310058594,596.4772338867188,658.2465209960938,85.7905044555664,110.35222625732422
2025-09-22,151.4442596435547,73.79405212402344,345.04998779296875,93.4495849609375,64.88031768798828,136.98599243164062,600.0083618164062,661.3607177734375,85.48210906982422,109.5697250366211
2025-09-23,152.7738037109375,73.69477844238281,346.4599914550781,93.71112823486328,65.37026977539062,137.83102416992188,596.02294921875,657.7606201171875,86.07962799072266,111.4574966430664
2025-09-24,154.48187255859375,71.79854583740234,343.32000732421875,93.45928192138672,65.11549377441406,138.09329223632812,593.9305419921875,655.6678466796875,85.75196075439453,112.05415344238281
2025-09-25,155.97640991210938,72.60269927978516,344.75,93.25585174560547,64.65493774414062,135.90780639648438,591.3699340820312,652.6429443359375,85.75196075439453,113.0616226196289
2025-09-26,155.43295288085938,74.14153289794922,346.739990234375,93.2074203491211,64.35115814208984,136.41290283203125,593.801025390625,656.3820190429688,85.67486572265625,114.6559829711914
2025-09-29,151.49278259277344,75.17403411865234,352.4599914550781,93.47865295410156,64.71372985839844,136.15065002441406,596.5509643554688,658.2266845703125,86.37837982177734,111.72160339355469
2025-09-30,150.7066650390625,75.84912872314453,355.4700012207031,93.43989562988281,64.98810577392578,136.41290283203125,598.18505859375,660.7061157226562,86.12779235839844,110.28376007080078
2025-10-01,150.01763916015625,76.57386016845703,356.0299987792969,93.75471496582031,65.4388656616211,139.03549194335938,601.0545043945312,662.95751953125,86.35023498535156,109.54037475585938
2025-10-02,148.8433380126953,76.54407501220703,354.7900085449219,93.85187530517578,64.77252197265625,138.22927856445312,603.5254516601562,663.7210693359375,86.6016845703125,108.8556900024414
2025-10-03,149.01803588867188,76.52422332763672,357.6400146484375,93.66726684570312,65.31147766113281,137.9087371826172,600.9848022460938,663.7112426757812,86.43728637695312,110.78260040283203
2025-10-06,149.4741668701172,78.0431900024414,364.3800048828125,93.39520263671875,64.77252197265625,135.69412231445312,605.498291015625,666.0914916992188,85.75065612792969,111.70203399658203
2025-10-07,150.33790588378906,76.4150161743164,366.260009765625,93.6283950805664,65.44866180419922,136.7528533935547,602.3099365234375,663.6219482421875,86.24386596679688,111.76072692871094
2025-10-08,149.2024383544922,78.57929992675781,372.29998779296875,93.64783477783203,64.79212188720703,134.85877990722656,609.2147827148438,667.5791625976562,86.31155395507812,111.52597045898438
2025-10-09,147.16441345214844,75.06482696533203,365.42999267578125,93.5798110961914,65.03710174560547,140.5604705810547,608.4774169921875,665.6452026367188,86.24386596679688,110.44026184082031
2025-10-10,144.50526428222656,75.23359680175781,369.1199951171875,94.16281127929688,65.69364929199219,145.7764892578125,587.3546142578125,647.6542358398438,87.63646697998047,108.30794525146484
2025-10-13,147.45555114746094,78.79771423339844,378.0899963378906,94.21139526367188,65.4584732055664,144.62060546875,599.8190307617188,657.5919189453125,87.58809661865234,109.78490447998047
2025-10-14,147.89227294921875,77.88434600830078,380.7900085449219,94.45430755615234,66.15421295166016,147.19461059570312,595.8236083984375,656.78857421875,87.86856079101562,109.83381652832031
2025-10-15,147.6205291748047,80.882568359375,387.3900146484375,94.34742736816406,65.73284149169922,146.82550048828125,600.0281982421875,659.7044677734375,87.67513275146484,109.16868591308594
2025-10-16,147.2323455810547,83.83116149902344,396.45001220703125,94.78467559814453,66.23258972167969,148.29222106933594,597.8063354492188,655.211669921875,88.3327407836914,108.21990203857422
2025-10-17,148.56192016601562,78.1623306274414,388.989990234375,94.62921142578125,67.0655288696289,149.30238342285156,601.7320556640625,658.9308471679688,88.19734191894531,109.78490447998047
2025-10-20,149.92059326171875,79.78057861328125,403.1499938964844,94.7555160522461,67.0655288696289,149.23439025878906,609.3142700195312,665.7840576171875,88.53583526611328,110.23484802246094
2025-10-21,149.25096130371094,72.2651596069336,377.239990234375,94.93041229248047,69.7896957397461,148.78758239746094,609.1549682617188,665.7740478515625,88.97101593017578,110.24462890625
2025-10-22,150.97842407226562,72.42400360107422,377.2799987792969,94.9498519897461,69.38793182373047,148.6418914794922,603.286376953125,662.3128051757812,89.029052734375,112.20088195800781
2025-10-23,151.93919372558594,73.25794982910156,378.7900085449219,94.63893127441406,68.53541564941406,147.16546630859375,608.3578491210938,666.2402954101562,88.4197769165039,113.44309997558594
2025-10-24,150.96871948242188,72.27508544921875,377.5199890136719,94.72636413574219,68.31002807617188,147.20433044433594,614.8540649414062,671.6851806640625,88.4584732055664,112.86601257324219
2025-10-27,150.6969757080078,69.40592956542969,367.010009765625,94.72636413574219,68.65299987792969,148.2533721923828,625.8041381835938,679.6094970703125,88.75826263427734,113.40398406982422
2025-10-28,149.58091735839844,70.50791931152344,364.3800048828125,94.8138198852539,68.75099182128906,145.81532287597656,630.6165771484375,681.41455078125,88.9903564453125,112.51387786865234
2025-10-29,150.5222930908203,70.55755615234375,363.0,94.2016830444336,66.97733306884766,141.96888732910156,633.4562377929688,681.7418212890625,88.09097290039062,113.90281677246094
2025-10-30,148.9889373779297,72.3743667602539,370.1300048828125,94.0656509399414,67.59468841552734,143.31903076171875,623.7715454101562,674.2439575195312,87.57841491699219,112.18132019042969
2025-10-31,153.06497192382812,71.54042053222656,368.1199951171875,94.1045150756836,67.51628875732422,141.90089416503906,626.7805786132812,676.4556274414062,87.31731414794922,111.8585433959961
2025-11-03,149.49356079101562,70.78590393066406,368.7799987792969,94.05967712402344,66.60496520996094,139.48228454589844,629.7796020507812,677.7251586914062,87.09893798828125,111.27166748046875
2025-11-04,148.86276245117188,67.78767395019531,362.32000732421875,94.17664337158203,67.28111267089844,138.80235290527344,616.996337890625,669.6917114257812,87.2930679321289,111.64334106445312
2025-11-05,148.15431213378906,70.16043853759766,366.510009765625,93.72827911376953,67.13412475585938,138.7635040283203,621.01171875,672.012451171875,86.3418960571289,111.19341278076172
2025-11-06,148.42604064941406,70.24979400634766,366.07000732421875,94.20587921142578,67.6730728149414,137.52020263671875,609.4439086914062,664.8021850585938,87.11833953857422,111.99547576904297
2025-11-07,150.4446563720703,72.02689361572266,368.30999755859375,94.24488067626953,69.13316345214844,138.85093688964844,607.5209350585938,665.4567260742188,86.93394470214844,114.6559829711914
2025-11-10,151.05606079101562,75.43215942382812,378.3800048828125,94.1181640625,69.10375213623047,138.53038024902344,620.9618530273438,675.8407592773438,86.91453552246094,115.63410186767578
2025-11-11,151.62864685058594,76.15689086914062,379.8699951171875,94.41057586669922,70.17186737060547,140.91986083984375,619.307861328125,677.3878784179688,87.31246948242188,117.15998840332031
2025-11-12,148.79483032226562,78.67858123779297,385.989990234375,94.43006896972656,70.0738754272461,140.2496337890625,618.8196411132812,677.7647705078125,87.4677505493164,115.53629302978516
2025-11-13,150.9881134033203,76.49444580078125,382.8699951171875,94.15715026855469,69.64270782470703,140.861572265625,606.1858520507812,666.5179443359375,86.74954223632812,116.19163513183594
2025-11-14,152.96791076660156,75.6108627319336,375.9599914550781,94.0011978149414,69.73091125488281,141.66778564453125,606.6441040039062,666.408935546875,86.25455474853516,117.70126342773438
2025-11-17,150.2505645751953,74.40957641601562,371.6499938964844,94.10841369628906,69.26054382324219,143.5909881591797,601.4630737304688,660.2003173828125,86.46805572509766,116.11270141601562
2025-11-18,150.75103759765625,75.08467864990234,374.3500061035156,94.26436614990234,69.7896957397461,144.50404357910156,594.1397705078125,654.6563110351562,86.4389419555664,117.44471740722656
2025-11-19,148.8668975830078,75.83919525146484,374.9599914550781,94.19613647460938,69.6819076538086,142.8916473388672,597.6868896484375,657.1853637695312,86.2642593383789,115.78709411621094
2025-11-20,147.50283813476562,72.44386291503906,374.8500061035156,94.42032623291016,69.77989959716797,141.9105987548828,583.5385131835938,647.1683349609375,86.60395812988281,115.46148681640625
2025-11-21,147.17901611328125,73.11895751953125,374.2699890136719,94.73223876953125,71.48495483398438,142.13400268554688,587.9224853515625,653.6149291992188,86.86599731445312,115.52069091796875
2025-11-24,146.95330810546875,77.39788055419922,380.20001220703125,94.87843322753906,71.1321792602539,141.3278045654297,602.9575805664062,663.235107421875,87.36099243164062,114.42547607421875
2025-11-25,145.75608825683594,77.2390365600586,380.0799865722656,95.12210845947266,71.15179443359375,141.92031860351562,606.6740112304688,669.4734497070312,87.58421325683594,112.98491668701172
2025-11-26,146.71778869628906,80.96199798583984,383.1199951171875,95.2000961303711,71.4163589477539,143.7366943359375,612.034423828125,674.09521484375,87.97245025634766,113.241455078125
2025-11-28,148.3075408935547,82.6298828125,387.8800048828125,95.03439331054688,71.65154266357422,144.4748992919922,616.996337890625,677.7747192382812,87.55509185791016,114.37613677978516
2025-12-01,149.69119262695312,82.22283935546875,389.75,94.52409362792969,71.00025177001953,145.2228240966797,614.923828125,674.6803588867188,86.46516418457031,115.0766830444336
2025-12-02,147.4439697265625,81.02156066894531,387.239990234375,94.60227966308594,69.73715209960938,144.3486328125,619.736328125,675.9300537109375,86.50411224365234,113.84333038330078
2025-12-03,148.75894165039062,80.47552490234375,386.8800048828125,94.79780578613281,69.87529754638672,143.81439208984375,621.2507934570312,678.2706298828125,86.74761962890625,116.2311019897461
2025-12-04,149.4164276123047,80.80314636230469,387.1300048828125,94.50453186035156,69.52005004882812,142.6973876953125,620.6729125976562,678.7664794921875,86.28008270263672,115.57988739013672
2025-12-05,147.19863891601562,80.44573974609375,386.44000244140625,94.30902099609375,69.07598876953125,142.2393341064453,623.20361328125,680.0557861328125,85.8807373046875,114.9878921508789
2025-12-08,145.9327392578125,78.5892333984375,385.4200134277344,94.11348724365234,69.32269287109375,142.837646484375,622.008056640625,678.0127563476562,85.59825897216797,114.43534088134766
2025-12-09,145.71685791015625,81.34918212890625,387.3999938964844,93.97662353515625,69.164794921875,141.86660766601562,622.7752075195312,677.427490234375,85.6859359741211,116.67510986328125
2025-12-10,148.58230590820312,82.71923065185547,389.04998779296875,94.27969360351562,69.2832260131836,146.82958984375,625.3258666992188,681.92041015625,86.01710510253906,117.94792938232422
2025-12-11,147.9051971435547,85.6380386352539,393.239990234375,94.28944396972656,68.19773864746094,146.1822509765625,623.3032836914062,683.5072021484375,85.90022277832031,117.94792938232422
2025-12-12,147.18882751464844,85.04236602783203,395.44000244140625,94.03529357910156,69.58912658691406,147.76138305664062,611.3868408203125,676.1580810546875,85.0722885131836,117.23751831054688
2025-12-15,147.00238037109375,84.23819732666016,395.79998779296875,94.11348724365234,70.03319549560547,148.32044982910156,608.3179931640625,675.1365356445312,85.1307373046875,116.19164276123047
2025-12-16,144.0093231201172,84.21834564208984,395.8900146484375,94.37742614746094,69.44110870361328,147.4867401123047,609.5235595703125,673.2918701171875,85.59825897216797,113.15265655517578
2025-12-17,146.7276153564453,85.21113586425781,399.2900085449219,94.35789489746094,69.73715209960938,147.2023162841797,598.224853515625,665.8832397460938,85.52035522460938,115.84630584716797
2025-12-18,144.93179321289062,85.05228424072266,398.57000732421875,94.60227966308594,69.43123626708984,146.5059356689453,606.8932495117188,670.9114990234375,85.929443359375,114.9878921508789
2025-12-19,144.9906463623047,87.1570053100586,399.0199890136719,94.38945770263672,69.13520050048828,145.3191375732422,614.8042602539062,676.9923095703125,85.60871887207031,115.1358871459961
2025-12-22,147.00238037109375,90.18000030517578,408.2300109863281,94.2913818359375,69.2832260131836,144.2304229736328,617.7513427734375,681.2098999023438,85.42292785644531,116.57644653320312
2025-12-23,147.69911193847656,90.2699966430664,413.6400146484375,94.25215148925781,68.94770812988281,140.92503356933594,620.6444702148438,684.3233032226562,85.55982208251953,117.82952880859375
2025-12-24,147.68931579589844,89.69999694824219,411.92999267578125,94.49734497070312,69.1845474243164,140.98388671875,622.4602661132812,686.7305297851562,86.07806396484375,117.63218688964844
2025-12-26,147.21826171875,91.29000091552734,416.739990234375,94.58562469482422,68.94770812988281,141.0231170654297,622.4202880859375,686.660888671875,85.79449462890625,117.5236587524414
2025-12-29,148.17015075683594,85.8499984741211,398.6000061035156,94.7229232788086,69.23388671875,141.47430419921875,619.4074096679688,684.2138671875,86.1171875,118.92474365234375
2025-12-30,149.46548461914062,86.83999633789062,398.8900146484375,94.62484741210938,69.14506530761719,141.3958282470703,617.9707641601562,683.3783569335938,85.9118423461914,119.37861633300781
2025-12-31,149.56362915039062,85.7699966430664,396.30999755859375,94.31100463867188,68.9871826171875,140.76809692382812,612.8628540039062,678.3152465820312,85.22736358642578,118.73727416992188
